{"mean":{"confidence_interval":{"confidence_level":0.95,"lower_bound":0.00827827240533095,"upper_bound":0.02528729565694568},"point_estimate":0.015697145017078418,"standard_error":0.0043713837556211025},"median":{"confidence_interval":{"confidence_level":0.95,"lower_bound":0.007807778564604906,"upper_bound":0.008496113979693298},"point_estimate":0.008183130131514504,"standard_error":0.00017507811903507965}}