{"mean":{"confidence_interval":{"confidence_level":0.95,"lower_bound":-0.0006502359254599989,"upper_bound":0.010737226424865635},"point_estimate":0.004390188197381795,"standard_error":0.0028146816275177408},"median":{"confidence_interval":{"confidence_level":0.95,"lower_bound":-0.0006671873400782014,"upper_bound":0.00009912121054922451},"point_estimate":-0.00023425496531204182,"standard_error":0.00019573046123499762}}