{"mean":{"confidence_interval":{"confidence_level":0.95,"lower_bound":6.4953215511323865,"upper_bound":6.558555776326245},"point_estimate":6.5184405001608035,"standard_error":0.017887385022991836},"median":{"confidence_interval":{"confidence_level":0.95,"lower_bound":6.489146948373486,"upper_bound":6.491203600386818},"point_estimate":6.4899331433116725,"standard_error":0.0005438021682108953},"median_abs_dev":{"confidence_interval":{"confidence_level":0.95,"lower_bound":0.00485459345967391,"upper_bound":0.010957970884696201},"point_estimate":0.008495198173102455,"standard_error":0.001487994241875932},"slope":{"confidence_interval":{"confidence_level":0.95,"lower_bound":6.491043706996961,"upper_bound":6.499336463687432},"point_estimate":6.494440738249468,"standard_error":0.0021413876069427055},"std_dev":{"confidence_interval":{"confidence_level":0.95,"lower_bound":0.02968686315407949,"upper_bound":0.30393388802863086},"point_estimate":0.1798881001164558,"standard_error":0.09458739368689813}}