{"mean":{"confidence_interval":{"confidence_level":0.95,"lower_bound":-0.02567449319000711,"upper_bound":-0.0149361541663423},"point_estimate":-0.01939134372982443,"standard_error":0.0027986870053186394},"median":{"confidence_interval":{"confidence_level":0.95,"lower_bound":-0.014201834541952752,"upper_bound":-0.012967222879995965},"point_estimate":-0.013449385434435412,"standard_error":0.0003217610909731605}}