{"mean":{"confidence_interval":{"confidence_level":0.95,"lower_bound":-0.0030731852261852146,"upper_bound":0.0008801428643071484},"point_estimate":-0.001102530174639016,"standard_error":0.0009982499258495672},"median":{"confidence_interval":{"confidence_level":0.95,"lower_bound":-0.0009776391096147918,"upper_bound":-0.0001737184420450566},"point_estimate":-0.0005529357347219266,"standard_error":0.00020354136317439345}}