{"mean":{"confidence_interval":{"confidence_level":0.95,"lower_bound":0.0007510940819846936,"upper_bound":0.0018619984403938747},"point_estimate":0.0013519870884759477,"standard_error":0.0002836178578632486},"median":{"confidence_interval":{"confidence_level":0.95,"lower_bound":0.0015679069976017868,"upper_bound":0.002078680822507728},"point_estimate":0.0018507654567256893,"standard_error":0.00013109323124917035}}