{"mean":{"confidence_interval":{"confidence_level":0.95,"lower_bound":0.09010581536702153,"upper_bound":0.10799583200798919},"point_estimate":0.09946316850073811,"standard_error":0.004541764350355048},"median":{"confidence_interval":{"confidence_level":0.95,"lower_bound":0.10315255825290826,"upper_bound":0.1114838102689415},"point_estimate":0.10868844186872884,"standard_error":0.0019184787360464165}}