{"mean":{"confidence_interval":{"confidence_level":0.95,"lower_bound":-0.0042170578966004195,"upper_bound":0.002430597354875315},"point_estimate":-0.000996282037868057,"standard_error":0.001674854651054986},"median":{"confidence_interval":{"confidence_level":0.95,"lower_bound":-0.0011171441060590093,"upper_bound":-0.000038276384744406755},"point_estimate":-0.000707780246294476,"standard_error":0.00029539621677249954}}