{"mean":{"confidence_interval":{"confidence_level":0.95,"lower_bound":0.03652824930423562,"upper_bound":0.03829227707867098},"point_estimate":0.037425927290748895,"standard_error":0.0004532105679953117},"median":{"confidence_interval":{"confidence_level":0.95,"lower_bound":0.03704596733625998,"upper_bound":0.03769706960801478},"point_estimate":0.037329818921851166,"standard_error":0.00015468759126871588}}