{"mean":{"confidence_interval":{"confidence_level":0.95,"lower_bound":-0.0019119474598709215,"upper_bound":-0.00034944508512056504},"point_estimate":-0.0011249833485983407,"standard_error":0.00039651729861320414},"median":{"confidence_interval":{"confidence_level":0.95,"lower_bound":-0.0015792608137101816,"upper_bound":-0.001030065931162727},"point_estimate":-0.0012975918252181584,"standard_error":0.00013909189459336912}}