{"mean":{"confidence_interval":{"confidence_level":0.95,"lower_bound":-0.000775193467687088,"upper_bound":0.0014317392547302298},"point_estimate":0.0002615015833198342,"standard_error":0.0005595033674317431},"median":{"confidence_interval":{"confidence_level":0.95,"lower_bound":-0.0008611287173954096,"upper_bound":-0.00013986747558225598},"point_estimate":-0.0005716379797510163,"standard_error":0.00019150126231340427}}