{"mean":{"confidence_interval":{"confidence_level":0.95,"lower_bound":-0.0008501114888206068,"upper_bound":0.003662989603975102},"point_estimate":0.001044705978495708,"standard_error":0.0011587966352535094},"median":{"confidence_interval":{"confidence_level":0.95,"lower_bound":-0.0007368218717804264,"upper_bound":-0.00004681323299382534},"point_estimate":-0.00041761203023915616,"standard_error":0.0001843723373837628}}