{"mean":{"confidence_interval":{"confidence_level":0.95,"lower_bound":-0.048379357472767025,"upper_bound":-0.034561733345763186},"point_estimate":-0.04060001377916167,"standard_error":0.0035785993746715906},"median":{"confidence_interval":{"confidence_level":0.95,"lower_bound":-0.036220179804859365,"upper_bound":-0.030816836117844693},"point_estimate":-0.03292048497233446,"standard_error":0.0015260392588335606}}