{"mean":{"confidence_interval":{"confidence_level":0.95,"lower_bound":-0.0006122992912445527,"upper_bound":0.0012850169603600189},"point_estimate":0.00029652955944836634,"standard_error":0.00048436660706839595},"median":{"confidence_interval":{"confidence_level":0.95,"lower_bound":-0.0001526633381757625,"upper_bound":0.0006387705708536842},"point_estimate":0.00026122637736381016,"standard_error":0.00020100716545530262}}