{"mean":{"confidence_interval":{"confidence_level":0.95,"lower_bound":16.205912338256294,"upper_bound":16.332442853043705},"point_estimate":16.258919681551557,"standard_error":0.03275458108429316},"median":{"confidence_interval":{"confidence_level":0.95,"lower_bound":16.18205019033631,"upper_bound":16.191006452035502},"point_estimate":16.185202327025582,"standard_error":0.002197880149641409},"median_abs_dev":{"confidence_interval":{"confidence_level":0.95,"lower_bound":0.011022506600235672,"upper_bound":0.021938106979968872},"point_estimate":0.015106967931371444,"standard_error":0.00271987777407629},"slope":{"confidence_interval":{"confidence_level":0.95,"lower_bound":16.19109453139252,"upper_bound":16.24219859890487},"point_estimate":16.213278211906967,"standard_error":0.01327426077049258},"std_dev":{"confidence_interval":{"confidence_level":0.95,"lower_bound":0.09606367392266488,"upper_bound":0.5197718369921747},"point_estimate":0.3291610151494428,"standard_error":0.11569081360146338}}