{"mean":{"confidence_interval":{"confidence_level":0.95,"lower_bound":8.378686836020492,"upper_bound":8.41428149439655},"point_estimate":8.394467378187212,"standard_error":0.009123813653045926},"median":{"confidence_interval":{"confidence_level":0.95,"lower_bound":8.369234203547052,"upper_bound":8.374812622563155},"point_estimate":8.372511229709637,"standard_error":0.0013981535908747119},"median_abs_dev":{"confidence_interval":{"confidence_level":0.95,"lower_bound":0.007824250922016981,"upper_bound":0.01412115879302998},"point_estimate":0.010498170929849709,"standard_error":0.0016629332278276783},"slope":{"confidence_interval":{"confidence_level":0.95,"lower_bound":8.376615963687223,"upper_bound":8.411573837536979},"point_estimate":8.3911260050582,"standard_error":0.009125128652025707},"std_dev":{"confidence_interval":{"confidence_level":0.95,"lower_bound":0.04155411147768103,"upper_bound":0.13322643429026326},"point_estimate":0.0917326954432497,"standard_error":0.023614586194454647}}