{"mean":{"confidence_interval":{"confidence_level":0.95,"lower_bound":0.005059315676447679,"upper_bound":0.010529191299724766},"point_estimate":0.007811651837168698,"standard_error":0.001398422207386411},"median":{"confidence_interval":{"confidence_level":0.95,"lower_bound":0.005958916411435755,"upper_bound":0.010841274759928243},"point_estimate":0.008785101077478208,"standard_error":0.0012702831645693832}}