{"mean":{"confidence_interval":{"confidence_level":0.95,"lower_bound":4.472025873606445,"upper_bound":4.479267130225769},"point_estimate":4.475192561961754,"standard_error":0.0018574240892395646},"median":{"confidence_interval":{"confidence_level":0.95,"lower_bound":4.469479678591902,"upper_bound":4.470242348032461},"point_estimate":4.469816074161111,"standard_error":0.0001991023519254423},"median_abs_dev":{"confidence_interval":{"confidence_level":0.95,"lower_bound":0.0009070625644533335,"upper_bound":0.001986406743500913},"point_estimate":0.001352795265900024,"standard_error":0.0002847152904874461},"slope":{"confidence_interval":{"confidence_level":0.95,"lower_bound":4.472090344548879,"upper_bound":4.478520256288594},"point_estimate":4.475065635108417,"standard_error":0.0016447422610087073},"std_dev":{"confidence_interval":{"confidence_level":0.95,"lower_bound":0.007882465322390744,"upper_bound":0.027571946560460442},"point_estimate":0.01861717562809995,"standard_error":0.0050981511330432895}}