{"mean":{"confidence_interval":{"confidence_level":0.95,"lower_bound":1.4346384410135233,"upper_bound":1.4360947540084956},"point_estimate":1.4353189232586132,"standard_error":0.000371418189418438},"median":{"confidence_interval":{"confidence_level":0.95,"lower_bound":1.4340447904780125,"upper_bound":1.4346090217232983},"point_estimate":1.4343019123355332,"standard_error":0.00015619402543482532},"median_abs_dev":{"confidence_interval":{"confidence_level":0.95,"lower_bound":0.0008327171917877514,"upper_bound":0.0018102441802504818},"point_estimate":0.0011061682121947343,"standard_error":0.00025474084418144544},"slope":{"confidence_interval":{"confidence_level":0.95,"lower_bound":1.4344425645121288,"upper_bound":1.4352192549478782},"point_estimate":1.4348014582502662,"standard_error":0.0001987237781205729},"std_dev":{"confidence_interval":{"confidence_level":0.95,"lower_bound":0.0024241774262118844,"upper_bound":0.004912898104337758},"point_estimate":0.0037269416350817204,"standard_error":0.0006389943501396291}}