{"mean":{"confidence_interval":{"confidence_level":0.95,"lower_bound":-0.0004058207310651707,"upper_bound":0.0007793059916413713},"point_estimate":0.00016316862286269718,"standard_error":0.00030407990791041613},"median":{"confidence_interval":{"confidence_level":0.95,"lower_bound":-0.00015940522846114025,"upper_bound":0.0004683903484344654},"point_estimate":0.00016650904581383408,"standard_error":0.0001581055296736318}}