{"mean":{"confidence_interval":{"confidence_level":0.95,"lower_bound":-0.0009595865924624107,"upper_bound":0.0056149954825116845},"point_estimate":0.0023889115799913263,"standard_error":0.001671594119544141},"median":{"confidence_interval":{"confidence_level":0.95,"lower_bound":-0.0035230494532163294,"upper_bound":0.006783722291846095},"point_estimate":0.0019805717308225557,"standard_error":0.002716815568274206}}