{"mean":{"confidence_interval":{"confidence_level":0.95,"lower_bound":0.01130103956291068,"upper_bound":0.07765001495665619},"point_estimate":0.03561039946153732,"standard_error":0.017505754278383943},"median":{"confidence_interval":{"confidence_level":0.95,"lower_bound":0.0073980264962594244,"upper_bound":0.008075423620148348},"point_estimate":0.007778890446171749,"standard_error":0.00017185473938020134}}