{"mean":{"confidence_interval":{"confidence_level":0.95,"lower_bound":7.3876144624616815,"upper_bound":7.398780060155235},"point_estimate":7.392671083173706,"standard_error":0.0028630874696556168},"median":{"confidence_interval":{"confidence_level":0.95,"lower_bound":7.378482701740029,"upper_bound":7.381222071949503},"point_estimate":7.379427888453438,"standard_error":0.0007090196528277892},"median_abs_dev":{"confidence_interval":{"confidence_level":0.95,"lower_bound":0.003142013687867548,"upper_bound":0.007643007329307189},"point_estimate":0.004866222358522204,"standard_error":0.001162985720982711},"slope":{"confidence_interval":{"confidence_level":0.95,"lower_bound":7.389561382055488,"upper_bound":7.40270455784116},"point_estimate":7.396177785108734,"standard_error":0.003359597193432651},"std_dev":{"confidence_interval":{"confidence_level":0.95,"lower_bound":0.018123847447012766,"upper_bound":0.04075286650130917},"point_estimate":0.02876439296260502,"standard_error":0.006862023368885181}}