{"mean":{"confidence_interval":{"confidence_level":0.95,"lower_bound":0.6158577982031507,"upper_bound":0.618904175336192},"point_estimate":0.6170999714387801,"standard_error":0.0007908541832797321},"median":{"confidence_interval":{"confidence_level":0.95,"lower_bound":0.614730304505013,"upper_bound":0.6154540930351444},"point_estimate":0.6150569527845693,"standard_error":0.0001639022287797413},"median_abs_dev":{"confidence_interval":{"confidence_level":0.95,"lower_bound":0.0008113587495095716,"upper_bound":0.0015340327100368792},"point_estimate":0.0011220152437453825,"standard_error":0.00018549876498011517},"slope":{"confidence_interval":{"confidence_level":0.95,"lower_bound":0.6152348400136762,"upper_bound":0.6165436513443778},"point_estimate":0.6158198966792895,"standard_error":0.00033733451644560954},"std_dev":{"confidence_interval":{"confidence_level":0.95,"lower_bound":0.003063098671437276,"upper_bound":0.01260579060962196},"point_estimate":0.007930657965973982,"standard_error":0.0030219793374890065}}