{"mean":{"confidence_interval":{"confidence_level":0.95,"lower_bound":-0.015455634941541804,"upper_bound":-0.002914150629345591},"point_estimate":-0.007889917578148165,"standard_error":0.0032953508865902334},"median":{"confidence_interval":{"confidence_level":0.95,"lower_bound":-0.002795871595097088,"upper_bound":-0.0021480467872661},"point_estimate":-0.002469298188187752,"standard_error":0.00015422514816041197}}