{"mean":{"confidence_interval":{"confidence_level":0.95,"lower_bound":0.25801209027047495,"upper_bound":0.26093916486674723},"point_estimate":0.25942024498664784,"standard_error":0.0007394569712014567},"median":{"confidence_interval":{"confidence_level":0.95,"lower_bound":0.2591075328537302,"upper_bound":0.2597690982142117},"point_estimate":0.25936206882589463,"standard_error":0.00016597795780008324}}