{"mean":{"confidence_interval":{"confidence_level":0.95,"lower_bound":3.122965292553794,"upper_bound":3.135073557125921},"point_estimate":3.1289620811989955,"standard_error":0.0030929109039791176},"median":{"confidence_interval":{"confidence_level":0.95,"lower_bound":3.119563011837931,"upper_bound":3.133558784439345},"point_estimate":3.125308767186283,"standard_error":0.0037163761481420537},"median_abs_dev":{"confidence_interval":{"confidence_level":0.95,"lower_bound":0.026097180577410454,"upper_bound":0.042472525192350376},"point_estimate":0.035735192444917234,"standard_error":0.004068983551188603},"slope":{"confidence_interval":{"confidence_level":0.95,"lower_bound":3.120141528792841,"upper_bound":3.1313388236371926},"point_estimate":3.1257497778754804,"standard_error":0.002862484804023737},"std_dev":{"confidence_interval":{"confidence_level":0.95,"lower_bound":0.027429338499874195,"upper_bound":0.03408725097631232},"point_estimate":0.031034536759098136,"standard_error":0.0016973532266387962}}