{"mean":{"confidence_interval":{"confidence_level":0.95,"lower_bound":23.76544542929264,"upper_bound":23.76889152518054},"point_estimate":23.766993625566897,"standard_error":0.0008841144602650991},"median":{"confidence_interval":{"confidence_level":0.95,"lower_bound":23.76461112422022,"upper_bound":23.765671349528343},"point_estimate":23.765073448866215,"standard_error":0.00023094487358647805},"median_abs_dev":{"confidence_interval":{"confidence_level":0.95,"lower_bound":0.0016015410921202213,"upper_bound":0.0024747647651733734},"point_estimate":0.0019848158833971254,"standard_error":0.000218508759291914},"slope":{"confidence_interval":{"confidence_level":0.95,"lower_bound":23.765600107570457,"upper_bound":23.768919644724452},"point_estimate":23.767087771782762,"standard_error":0.0008524863775573075},"std_dev":{"confidence_interval":{"confidence_level":0.95,"lower_bound":0.0043813084190579225,"upper_bound":0.012665885623090376},"point_estimate":0.008897318745000394,"standard_error":0.0021274187742463774}}