{"mean":{"confidence_interval":{"confidence_level":0.95,"lower_bound":12.386125127395276,"upper_bound":12.405879752632876},"point_estimate":12.395776375766081,"standard_error":0.005017153775572316},"median":{"confidence_interval":{"confidence_level":0.95,"lower_bound":12.37484778531211,"upper_bound":12.399155944380624},"point_estimate":12.38579293131967,"standard_error":0.007032952713875403},"median_abs_dev":{"confidence_interval":{"confidence_level":0.95,"lower_bound":0.04709547893119207,"upper_bound":0.07225000985794111},"point_estimate":0.062172812377790404,"standard_error":0.00686947293492772},"slope":{"confidence_interval":{"confidence_level":0.95,"lower_bound":12.401535682596824,"upper_bound":12.423272358260249},"point_estimate":12.412539091321062,"standard_error":0.00554382861373489},"std_dev":{"confidence_interval":{"confidence_level":0.95,"lower_bound":0.043693087269660896,"upper_bound":0.056435945317954386},"point_estimate":0.0503899028094077,"standard_error":0.0032493528917056946}}