{"mean":{"confidence_interval":{"confidence_level":0.95,"lower_bound":-0.0012662947016633533,"upper_bound":-0.000296549108148045},"point_estimate":-0.0007845665861028195,"standard_error":0.00024755298319427757},"median":{"confidence_interval":{"confidence_level":0.95,"lower_bound":-0.0007841086771384065,"upper_bound":-0.0004804272180662761},"point_estimate":-0.0006248966214595919,"standard_error":0.00008061667559318373}}