{"mean":{"confidence_interval":{"confidence_level":0.95,"lower_bound":-0.007119404327046952,"upper_bound":-0.00029365103815257596},"point_estimate":-0.0027116153592580128,"standard_error":0.0020572852751442354},"median":{"confidence_interval":{"confidence_level":0.95,"lower_bound":-0.0004662207465362389,"upper_bound":-9.467096440374827e-6},"point_estimate":-0.00020181558335508054,"standard_error":0.00010783707068594002}}