{"mean":{"confidence_interval":{"confidence_level":0.95,"lower_bound":-0.0005054006166327088,"upper_bound":0.0010544423180330275},"point_estimate":0.0002382139839580688,"standard_error":0.00039680891810031155},"median":{"confidence_interval":{"confidence_level":0.95,"lower_bound":-0.00031980362699546294,"upper_bound":0.0004208541232344487},"point_estimate":0.00010552031056154654,"standard_error":0.00018871346041313177}}