{"mean":{"confidence_interval":{"confidence_level":0.95,"lower_bound":0.03319411271946823,"upper_bound":0.042599131283497},"point_estimate":0.03793572113829091,"standard_error":0.0023872086216711924},"median":{"confidence_interval":{"confidence_level":0.95,"lower_bound":0.034632585512231216,"upper_bound":0.04747865873912227},"point_estimate":0.040607456548480414,"standard_error":0.0034867905942394003}}