{"mean":{"confidence_interval":{"confidence_level":0.95,"lower_bound":4.139281696442191,"upper_bound":4.172451490080543},"point_estimate":4.155604273842959,"standard_error":0.008469645385171526},"median":{"confidence_interval":{"confidence_level":0.95,"lower_bound":4.128007080628828,"upper_bound":4.167654653763428},"point_estimate":4.148760352892374,"standard_error":0.010585355043499384},"median_abs_dev":{"confidence_interval":{"confidence_level":0.95,"lower_bound":0.06812902569865224,"upper_bound":0.11384819466392083},"point_estimate":0.088902938596848,"standard_error":0.011226698344523982},"slope":{"confidence_interval":{"confidence_level":0.95,"lower_bound":4.135071062364021,"upper_bound":4.170019516058188},"point_estimate":4.152050187570743,"standard_error":0.00888265235747596},"std_dev":{"confidence_interval":{"confidence_level":0.95,"lower_bound":0.07237729978404975,"upper_bound":0.09822488777753415},"point_estimate":0.08520727423863547,"standard_error":0.006665103162612546}}