{"mean":{"confidence_interval":{"confidence_level":0.95,"lower_bound":-0.04388233865492408,"upper_bound":-0.039955002994063515},"point_estimate":-0.04183828197953676,"standard_error":0.0010024982417478733},"median":{"confidence_interval":{"confidence_level":0.95,"lower_bound":-0.04090179058031836,"upper_bound":-0.0378520042272239},"point_estimate":-0.03947282826035925,"standard_error":0.0007322342578986279}}