{"mean":{"confidence_interval":{"confidence_level":0.95,"lower_bound":-0.001937698908324023,"upper_bound":0.00008658681296049291},"point_estimate":-0.0008248689141335808,"standard_error":0.0005163729036248817},"median":{"confidence_interval":{"confidence_level":0.95,"lower_bound":-0.0005541749824437003,"upper_bound":0.00024107829048521722},"point_estimate":-0.00012272746918551292,"standard_error":0.00020028553625440403}}