{"mean":{"confidence_interval":{"confidence_level":0.95,"lower_bound":-0.0004089612380115342,"upper_bound":0.007922160072380825},"point_estimate":0.0030217334286108954,"standard_error":0.002132044362248768},"median":{"confidence_interval":{"confidence_level":0.95,"lower_bound":-0.00023295959875335726,"upper_bound":0.0005286994869133805},"point_estimate":0.000024631892041826475,"standard_error":0.0002024960723343148}}