{"mean":{"confidence_interval":{"confidence_level":0.95,"lower_bound":-0.0006327288123710388,"upper_bound":0.0034716904757393107},"point_estimate":0.0009958958920710526,"standard_error":0.0010942095513418123},"median":{"confidence_interval":{"confidence_level":0.95,"lower_bound":-0.00022281581902447716,"upper_bound":0.00037793820884401974},"point_estimate":0.00012698781784981072,"standard_error":0.00014352688953678746}}