{"mean":{"confidence_interval":{"confidence_level":0.95,"lower_bound":2.0514315062716584,"upper_bound":2.05998112197665},"point_estimate":2.0551640234115705,"standard_error":0.002201689108832539},"median":{"confidence_interval":{"confidence_level":0.95,"lower_bound":2.0487919305653297,"upper_bound":2.049787598970902},"point_estimate":2.0491554099626006,"standard_error":0.00021713929066722985},"median_abs_dev":{"confidence_interval":{"confidence_level":0.95,"lower_bound":0.0016618813525167866,"upper_bound":0.0034870483086440677},"point_estimate":0.002266120942806709,"standard_error":0.00046521322229399394},"slope":{"confidence_interval":{"confidence_level":0.95,"lower_bound":2.0499760746215134,"upper_bound":2.0564236851484536},"point_estimate":2.052840032798067,"standard_error":0.00166902471885216},"std_dev":{"confidence_interval":{"confidence_level":0.95,"lower_bound":0.008769436072129549,"upper_bound":0.033192466539340694},"point_estimate":0.022045909219249517,"standard_error":0.006322083257411724}}