{"mean":{"confidence_interval":{"confidence_level":0.95,"lower_bound":-0.011039151529528914,"upper_bound":0.0009786939183320464},"point_estimate":-0.0063684233178974425,"standard_error":0.00305955493691826},"median":{"confidence_interval":{"confidence_level":0.95,"lower_bound":-0.01178842345051423,"upper_bound":-0.01056187685720178},"point_estimate":-0.011055407550107366,"standard_error":0.00028412287372912306}}