{"mean":{"confidence_interval":{"confidence_level":0.95,"lower_bound":3.0400859791728916,"upper_bound":3.042095740151805},"point_estimate":3.0408551071269248,"standard_error":0.0005410473462797462},"median":{"confidence_interval":{"confidence_level":0.95,"lower_bound":3.039573385127977,"upper_bound":3.0398132936172826},"point_estimate":3.0396420716554604,"standard_error":0.000073391959363774},"median_abs_dev":{"confidence_interval":{"confidence_level":0.95,"lower_bound":0.0003659153919198416,"upper_bound":0.000774025607807652},"point_estimate":0.0005500489457256252,"standard_error":0.00010937411636855036},"slope":{"confidence_interval":{"confidence_level":0.95,"lower_bound":3.039955477305999,"upper_bound":3.0407559326510234},"point_estimate":3.0403368991741027,"standard_error":0.0002049976155377343},"std_dev":{"confidence_interval":{"confidence_level":0.95,"lower_bound":0.0013179546059090307,"upper_bound":0.009014237935298625},"point_estimate":0.005426979578233964,"standard_error":0.002544471312834585}}