{"mean":{"confidence_interval":{"confidence_level":0.95,"lower_bound":-0.004114929033186432,"upper_bound":0.0030705542485103855},"point_estimate":-0.0006019013888608482,"standard_error":0.001823201786041478},"median":{"confidence_interval":{"confidence_level":0.95,"lower_bound":-0.0008922858894763186,"upper_bound":0.0017983679017931433},"point_estimate":0.00021284146689914962,"standard_error":0.0006968323028802305}}