{"mean":{"confidence_interval":{"confidence_level":0.95,"lower_bound":4.110574410222992,"upper_bound":4.147187373964052},"point_estimate":4.126108680071238,"standard_error":0.00947943804157233},"median":{"confidence_interval":{"confidence_level":0.95,"lower_bound":4.099646665714663,"upper_bound":4.103564735962061},"point_estimate":4.10065844584641,"standard_error":0.000844281040104293},"median_abs_dev":{"confidence_interval":{"confidence_level":0.95,"lower_bound":0.004989387289714935,"upper_bound":0.010184224519071925},"point_estimate":0.0062444155874552204,"standard_error":0.0012958585904743489},"slope":{"confidence_interval":{"confidence_level":0.95,"lower_bound":4.104966233439963,"upper_bound":4.124419003693593},"point_estimate":4.113815294855308,"standard_error":0.004991904089999623},"std_dev":{"confidence_interval":{"confidence_level":0.95,"lower_bound":0.031245420769123625,"upper_bound":0.14876639289667937},"point_estimate":0.09506244380406453,"standard_error":0.03213611521570008}}