{"mean":{"confidence_interval":{"confidence_level":0.95,"lower_bound":3.6353778634981144,"upper_bound":3.6492988189920035},"point_estimate":3.6420773794846815,"standard_error":0.003549679059119258},"median":{"confidence_interval":{"confidence_level":0.95,"lower_bound":3.618879242724929,"upper_bound":3.634223861718455},"point_estimate":3.6214874466215408,"standard_error":0.00371386679555442},"median_abs_dev":{"confidence_interval":{"confidence_level":0.95,"lower_bound":0.0022687757929556918,"upper_bound":0.024459532125936958},"point_estimate":0.006276013531728486,"standard_error":0.005357397272011986},"slope":{"confidence_interval":{"confidence_level":0.95,"lower_bound":3.636822761813694,"upper_bound":3.653746031387171},"point_estimate":3.644797725370622,"standard_error":0.004325370995393573},"std_dev":{"confidence_interval":{"confidence_level":0.95,"lower_bound":0.028119542833624517,"upper_bound":0.0428405580351741},"point_estimate":0.0357593810710062,"standard_error":0.0037790353881147548}}