{"mean":{"confidence_interval":{"confidence_level":0.95,"lower_bound":4.715921471785932,"upper_bound":4.72690351072476},"point_estimate":4.720855080143685,"standard_error":0.0028130915742308944},"median":{"confidence_interval":{"confidence_level":0.95,"lower_bound":4.711977226482315,"upper_bound":4.71403666382462},"point_estimate":4.712979777567785,"standard_error":0.0005513006314213134},"median_abs_dev":{"confidence_interval":{"confidence_level":0.95,"lower_bound":0.0028328991510925077,"upper_bound":0.006430704039178698},"point_estimate":0.004506889624004926,"standard_error":0.0009348817720448324},"slope":{"confidence_interval":{"confidence_level":0.95,"lower_bound":4.714318550587316,"upper_bound":4.726687183793094},"point_estimate":4.719298127627171,"standard_error":0.0032515739907143107},"std_dev":{"confidence_interval":{"confidence_level":0.95,"lower_bound":0.01421945103233641,"upper_bound":0.04060898155231939},"point_estimate":0.028335885746832268,"standard_error":0.006864278296648443}}