{"mean":{"confidence_interval":{"confidence_level":0.95,"lower_bound":-0.024098854411974634,"upper_bound":-0.001146359829745847},"point_estimate":-0.009883888467374313,"standard_error":0.006188926181804342},"median":{"confidence_interval":{"confidence_level":0.95,"lower_bound":-0.0009258877238640384,"upper_bound":-0.0006007238500571066},"point_estimate":-0.0007952141732811002,"standard_error":0.00008692796946872774}}