{"mean":{"confidence_interval":{"confidence_level":0.95,"lower_bound":7.100345809764193,"upper_bound":7.104091709149445},"point_estimate":7.101868775302259,"standard_error":0.0009767906762573927},"median":{"confidence_interval":{"confidence_level":0.95,"lower_bound":7.099037290487131,"upper_bound":7.099778435141233},"point_estimate":7.099485798565547,"standard_error":0.00018887795897565336},"median_abs_dev":{"confidence_interval":{"confidence_level":0.95,"lower_bound":0.0009006636661041559,"upper_bound":0.0017494515470846165},"point_estimate":0.0012866554536717933,"standard_error":0.00021698333155903665},"slope":{"confidence_interval":{"confidence_level":0.95,"lower_bound":7.099852188532548,"upper_bound":7.102026208561159},"point_estimate":7.100822126833379,"standard_error":0.0005585885096879129},"std_dev":{"confidence_interval":{"confidence_level":0.95,"lower_bound":0.003430353073562998,"upper_bound":0.015766612006096588},"point_estimate":0.009830182123418059,"standard_error":0.0038772203931176463}}