{"mean":{"confidence_interval":{"confidence_level":0.95,"lower_bound":-0.008858612358474252,"upper_bound":-0.0007769179247383211},"point_estimate":-0.005449938526385201,"standard_error":0.002077051293712719},"median":{"confidence_interval":{"confidence_level":0.95,"lower_bound":-0.007796711325633643,"upper_bound":-0.007173094862355955},"point_estimate":-0.0073775630189366614,"standard_error":0.00016072450726523817}}