{"mean":{"confidence_interval":{"confidence_level":0.95,"lower_bound":3.4019391371634997,"upper_bound":3.402712877012996},"point_estimate":3.4022874002170638,"standard_error":0.00019889958401766983},"median":{"confidence_interval":{"confidence_level":0.95,"lower_bound":3.4014853012616486,"upper_bound":3.4017286848922472},"point_estimate":3.401595533084147,"standard_error":0.00006560275806418693},"median_abs_dev":{"confidence_interval":{"confidence_level":0.95,"lower_bound":0.00035112878618235666,"upper_bound":0.000724978559363025},"point_estimate":0.0005365564452914804,"standard_error":0.0000940914047036061},"slope":{"confidence_interval":{"confidence_level":0.95,"lower_bound":3.4019107443820054,"upper_bound":3.40271731124442},"point_estimate":3.4022930108562894,"standard_error":0.00020629264577925468},"std_dev":{"confidence_interval":{"confidence_level":0.95,"lower_bound":0.0011663381589489426,"upper_bound":0.002872555264149712},"point_estimate":0.001997168791048678,"standard_error":0.0004955754502467773}}