{"mean":{"confidence_interval":{"confidence_level":0.95,"lower_bound":7.55301301426987,"upper_bound":7.595320198815177},"point_estimate":7.570238817292342,"standard_error":0.011029017061617574},"median":{"confidence_interval":{"confidence_level":0.95,"lower_bound":7.538784475088968,"upper_bound":7.551477381604161},"point_estimate":7.542372533906227,"standard_error":0.0031685810787578763},"median_abs_dev":{"confidence_interval":{"confidence_level":0.95,"lower_bound":0.011794697416562387,"upper_bound":0.028011791493275404},"point_estimate":0.018045312147977943,"standard_error":0.004407169826109559},"slope":{"confidence_interval":{"confidence_level":0.95,"lower_bound":7.54885450787034,"upper_bound":7.579269668376836},"point_estimate":7.562156403336196,"standard_error":0.007884250440875274},"std_dev":{"confidence_interval":{"confidence_level":0.95,"lower_bound":0.036513290876406125,"upper_bound":0.1776240952954908},"point_estimate":0.11063929870159271,"standard_error":0.04333125413027699}}