{"mean":{"confidence_interval":{"confidence_level":0.95,"lower_bound":-0.009202418876989,"upper_bound":-0.002115923371469056},"point_estimate":-0.0048875772480609925,"standard_error":0.0018906504879430974},"median":{"confidence_interval":{"confidence_level":0.95,"lower_bound":-0.0015977914684054406,"upper_bound":-0.000993419537522855},"point_estimate":-0.0012550463498509634,"standard_error":0.00014349386669178696}}