{"mean":{"confidence_interval":{"confidence_level":0.95,"lower_bound":0.0011182576017793495,"upper_bound":0.016392189688539154},"point_estimate":0.007547932509890831,"standard_error":0.003930983567136452},"median":{"confidence_interval":{"confidence_level":0.95,"lower_bound":-0.0002969939586172643,"upper_bound":0.0006439516445035931},"point_estimate":0.0001625219929288768,"standard_error":0.00023017503763837714}}