{"mean":{"confidence_interval":{"confidence_level":0.95,"lower_bound":-0.0009124916414226436,"upper_bound":0.0006837769765281165},"point_estimate":-0.00011390361264329574,"standard_error":0.0004060789489549961},"median":{"confidence_interval":{"confidence_level":0.95,"lower_bound":-0.0004087108840474807,"upper_bound":0.00032932240253291667},"point_estimate":-0.000015407318420312954,"standard_error":0.00018932688798768322}}