{"mean":{"confidence_interval":{"confidence_level":0.95,"lower_bound":-0.01702412793868588,"upper_bound":-0.0034162495064511966},"point_estimate":-0.010124972881140892,"standard_error":0.0034677820466051546},"median":{"confidence_interval":{"confidence_level":0.95,"lower_bound":-0.008347446896075361,"upper_bound":0.0002721698678807005},"point_estimate":-0.0023940125917844,"standard_error":0.002239213697481467}}