{"mean":{"confidence_interval":{"confidence_level":0.95,"lower_bound":-0.00846566026901457,"upper_bound":-0.00042208955870251535},"point_estimate":-0.0034449043637221344,"standard_error":0.002222159116823509},"median":{"confidence_interval":{"confidence_level":0.95,"lower_bound":-0.00034886939244216375,"upper_bound":0.0005299730070419107},"point_estimate":0.00013619336216885713,"standard_error":0.00022581132507043004}}