{"mean":{"confidence_interval":{"confidence_level":0.95,"lower_bound":7.0709694685016515,"upper_bound":7.074723840292004},"point_estimate":7.072672782834929,"standard_error":0.0009645550765178221},"median":{"confidence_interval":{"confidence_level":0.95,"lower_bound":7.069192921820104,"upper_bound":7.070132202039808},"point_estimate":7.069495018051259,"standard_error":0.00023856876250405958},"median_abs_dev":{"confidence_interval":{"confidence_level":0.95,"lower_bound":0.0012483533710048282,"upper_bound":0.002367068137417984},"point_estimate":0.0016218282175320354,"standard_error":0.0002827575992099281},"slope":{"confidence_interval":{"confidence_level":0.95,"lower_bound":7.069898965629715,"upper_bound":7.071844882086003},"point_estimate":7.07080898908627,"standard_error":0.0004976249655412147},"std_dev":{"confidence_interval":{"confidence_level":0.95,"lower_bound":0.005173960122243885,"upper_bound":0.013192780747755962},"point_estimate":0.00965301428545939,"standard_error":0.002041828784260307}}