{"mean":{"confidence_interval":{"confidence_level":0.95,"lower_bound":-0.002037637666636574,"upper_bound":0.00006995447194749191},"point_estimate":-0.0008981490996026187,"standard_error":0.0005397954245781409},"median":{"confidence_interval":{"confidence_level":0.95,"lower_bound":-0.0006989034991197185,"upper_bound":-0.00005294578552195173},"point_estimate":-0.00034684182414157494,"standard_error":0.00016982582086977997}}