{"mean":{"confidence_interval":{"confidence_level":0.95,"lower_bound":-0.0004955628367827671,"upper_bound":0.000871981282341516},"point_estimate":0.00018425787344078515,"standard_error":0.00034977323036976797},"median":{"confidence_interval":{"confidence_level":0.95,"lower_bound":-0.0000511150144553163,"upper_bound":0.00046541653615439493},"point_estimate":0.0002524340704184169,"standard_error":0.0001276170625755072}}