{"mean":{"confidence_interval":{"confidence_level":0.95,"lower_bound":-0.14545390649679676,"upper_bound":-0.1389144133270353},"point_estimate":-0.14236982354229133,"standard_error":0.001657364215425911},"median":{"confidence_interval":{"confidence_level":0.95,"lower_bound":-0.14768106355619248,"upper_bound":-0.14524541400109203},"point_estimate":-0.14632730267588978,"standard_error":0.0006209640013398789}}