{"mean":{"confidence_interval":{"confidence_level":0.95,"lower_bound":24.722418163214567,"upper_bound":24.758623133314536},"point_estimate":24.739013358075116,"standard_error":0.009256397954565482},"median":{"confidence_interval":{"confidence_level":0.95,"lower_bound":24.720087429315193,"upper_bound":24.73148400637927},"point_estimate":24.726001623420995,"standard_error":0.0032204838070092833},"median_abs_dev":{"confidence_interval":{"confidence_level":0.95,"lower_bound":0.018150581199277434,"upper_bound":0.04026277451145003},"point_estimate":0.02861024017584494,"standard_error":0.00596180797245811},"slope":{"confidence_interval":{"confidence_level":0.95,"lower_bound":24.72918469990765,"upper_bound":24.78920197227068},"point_estimate":24.75212744152316,"standard_error":0.016343110541898964},"std_dev":{"confidence_interval":{"confidence_level":0.95,"lower_bound":0.050057484729686255,"upper_bound":0.1308219597308427},"point_estimate":0.09337863754908612,"standard_error":0.02088191285270952}}