{"mean":{"confidence_interval":{"confidence_level":0.95,"lower_bound":-0.020883160402003966,"upper_bound":-0.002111903067044068},"point_estimate":-0.009462764171446758,"standard_error":0.005002737988817896},"median":{"confidence_interval":{"confidence_level":0.95,"lower_bound":-0.0005441266338955808,"upper_bound":0.00020261930109732873},"point_estimate":-0.0001443714366263782,"standard_error":0.00019007834679819573}}