{"mean":{"confidence_interval":{"confidence_level":0.95,"lower_bound":-0.002029396738287828,"upper_bound":0.0014328991519945086},"point_estimate":-0.0001597956575020154,"standard_error":0.0008897181164326066},"median":{"confidence_interval":{"confidence_level":0.95,"lower_bound":-0.00024887908313353524,"upper_bound":0.0005820119756325681},"point_estimate":0.000070337085047667,"standard_error":0.00021896052460891857}}