{"mean":{"confidence_interval":{"confidence_level":0.95,"lower_bound":-0.0017239875655710834,"upper_bound":0.0005618043322193843},"point_estimate":-0.0004269590949078639,"standard_error":0.0005844131159078714},"median":{"confidence_interval":{"confidence_level":0.95,"lower_bound":-0.000409449537512016,"upper_bound":0.00045063226044193486},"point_estimate":-0.00008509501584719192,"standard_error":0.00022723525429633657}}