{"mean":{"confidence_interval":{"confidence_level":0.95,"lower_bound":4.842399210162808,"upper_bound":4.843499040410294},"point_estimate":4.842921158774246,"standard_error":0.0002818725314886178},"median":{"confidence_interval":{"confidence_level":0.95,"lower_bound":4.841460565948815,"upper_bound":4.842121592700275},"point_estimate":4.8415987641696265,"standard_error":0.000166499911461742},"median_abs_dev":{"confidence_interval":{"confidence_level":0.95,"lower_bound":0.0004775020696925829,"upper_bound":0.0013563604205928126},"point_estimate":0.0008257255425241713,"standard_error":0.00023639094306852546},"slope":{"confidence_interval":{"confidence_level":0.95,"lower_bound":4.842427616004594,"upper_bound":4.844239106857244},"point_estimate":4.843266145977761,"standard_error":0.0004647125683755334},"std_dev":{"confidence_interval":{"confidence_level":0.95,"lower_bound":0.0020923771898809927,"upper_bound":0.0034679040879087766},"point_estimate":0.0028328809755590535,"standard_error":0.00035242061347452757}}