{"mean":{"confidence_interval":{"confidence_level":0.95,"lower_bound":5.647751991604373,"upper_bound":5.648915194285422},"point_estimate":5.648304013627354,"standard_error":0.0002966461361350361},"median":{"confidence_interval":{"confidence_level":0.95,"lower_bound":5.647079396911028,"upper_bound":5.6475089651737544},"point_estimate":5.647328502985647,"standard_error":0.0001144090919855652},"median_abs_dev":{"confidence_interval":{"confidence_level":0.95,"lower_bound":0.0006066041295609173,"upper_bound":0.001316282094750351},"point_estimate":0.0009156375451178103,"standard_error":0.0001858347516057466},"slope":{"confidence_interval":{"confidence_level":0.95,"lower_bound":5.647198231318489,"upper_bound":5.648287908503094},"point_estimate":5.647684157148445,"standard_error":0.00028042038920873114},"std_dev":{"confidence_interval":{"confidence_level":0.95,"lower_bound":0.002029843956864122,"upper_bound":0.00383050815089556},"point_estimate":0.0029866037296063875,"standard_error":0.0004614274898175707}}