{"mean":{"confidence_interval":{"confidence_level":0.95,"lower_bound":-0.02769990683840046,"upper_bound":-0.012117577955330711},"point_estimate":-0.019017712469534542,"standard_error":0.0039986592113858055},"median":{"confidence_interval":{"confidence_level":0.95,"lower_bound":-0.014903774751052312,"upper_bound":-0.0051456756150194405},"point_estimate":-0.010616265274845271,"standard_error":0.002606356692557287}}