{"mean":{"confidence_interval":{"confidence_level":0.95,"lower_bound":-0.012948792263405446,"upper_bound":0.00004631666733620439},"point_estimate":-0.005296355557014687,"standard_error":0.0033980080063321897},"median":{"confidence_interval":{"confidence_level":0.95,"lower_bound":-0.0004984715892368818,"upper_bound":0.00040153092094752374},"point_estimate":-2.2782233473073177e-6,"standard_error":0.00024420522832632513}}