{"mean":{"confidence_interval":{"confidence_level":0.95,"lower_bound":66.94063825655309,"upper_bound":67.04186019741493},"point_estimate":66.99088378580724,"standard_error":0.025912244362877594},"median":{"confidence_interval":{"confidence_level":0.95,"lower_bound":66.90862838076862,"upper_bound":67.08790307399099},"point_estimate":66.9844091690604,"standard_error":0.06176843797088256},"median_abs_dev":{"confidence_interval":{"confidence_level":0.95,"lower_bound":0.23310220808966575,"upper_bound":0.3621011628749691},"point_estimate":0.3133318987144055,"standard_error":0.03480983323983972},"slope":{"confidence_interval":{"confidence_level":0.95,"lower_bound":66.91480273170772,"upper_bound":67.05038045486542},"point_estimate":66.98293573208126,"standard_error":0.0345709042215771},"std_dev":{"confidence_interval":{"confidence_level":0.95,"lower_bound":0.2259349871263189,"upper_bound":0.2969186783477081},"point_estimate":0.2605912377777012,"standard_error":0.01829949644380606}}