{"mean":{"confidence_interval":{"confidence_level":0.95,"lower_bound":-0.02272674673726268,"upper_bound":-0.003854852380964393},"point_estimate":-0.011826901526705735,"standard_error":0.004889178136434137},"median":{"confidence_interval":{"confidence_level":0.95,"lower_bound":-0.0015154100756774591,"upper_bound":-0.0009574991576845049},"point_estimate":-0.001129740901619214,"standard_error":0.0001398650935082421}}