{"mean":{"confidence_interval":{"confidence_level":0.95,"lower_bound":6.156594009257117,"upper_bound":6.169012074041714},"point_estimate":6.163526714322976,"standard_error":0.0031950102412518044},"median":{"confidence_interval":{"confidence_level":0.95,"lower_bound":6.171271210778739,"upper_bound":6.171576669422828},"point_estimate":6.171410997637169,"standard_error":0.0000878906735265349},"median_abs_dev":{"confidence_interval":{"confidence_level":0.95,"lower_bound":0.0007550768491366486,"upper_bound":0.0019214021189616832},"point_estimate":0.001543005749803224,"standard_error":0.0003050236349729209},"slope":{"confidence_interval":{"confidence_level":0.95,"lower_bound":6.156558527232379,"upper_bound":6.168225726797573},"point_estimate":6.1629314775364845,"standard_error":0.002981066784768277},"std_dev":{"confidence_interval":{"confidence_level":0.95,"lower_bound":0.013349434169057291,"upper_bound":0.04642124663634293},"point_estimate":0.0320208735974803,"standard_error":0.008482783614348385}}