{"mean":{"confidence_interval":{"confidence_level":0.95,"lower_bound":-0.020980732585240667,"upper_bound":-0.017288075106902334},"point_estimate":-0.01912880770341563,"standard_error":0.0009427768154247078},"median":{"confidence_interval":{"confidence_level":0.95,"lower_bound":-0.022755730990890344,"upper_bound":-0.01687725450913824},"point_estimate":-0.018651523050822294,"standard_error":0.0017705141789263895}}