{"mean":{"confidence_interval":{"confidence_level":0.95,"lower_bound":3.0746194574755012,"upper_bound":3.07995817642774},"point_estimate":3.0770156022560347,"standard_error":0.0013702328134745164},"median":{"confidence_interval":{"confidence_level":0.95,"lower_bound":3.072860835734718,"upper_bound":3.074340262129346},"point_estimate":3.0735330659526365,"standard_error":0.0003442289158695294},"median_abs_dev":{"confidence_interval":{"confidence_level":0.95,"lower_bound":0.002111722417323992,"upper_bound":0.0041954350586057895},"point_estimate":0.002954704771505414,"standard_error":0.0005496298640557148},"slope":{"confidence_interval":{"confidence_level":0.95,"lower_bound":3.0739637521154966,"upper_bound":3.0770170234141974},"point_estimate":3.075314084213316,"standard_error":0.0007845687541379458},"std_dev":{"confidence_interval":{"confidence_level":0.95,"lower_bound":0.007208212109858625,"upper_bound":0.01967423270448031},"point_estimate":0.013738308281690426,"standard_error":0.003267884544255068}}