{"mean":{"confidence_interval":{"confidence_level":0.95,"lower_bound":-0.003353078223744793,"upper_bound":0.00013806467496189597},"point_estimate":-0.001418787376085029,"standard_error":0.0008980339017851129},"median":{"confidence_interval":{"confidence_level":0.95,"lower_bound":-0.0004771129067905333,"upper_bound":0.00024005259809078972},"point_estimate":-0.00005427266013147136,"standard_error":0.00018286083451662057}}