{"mean":{"confidence_interval":{"confidence_level":0.95,"lower_bound":-0.002150202928185726,"upper_bound":0.01362274997316049},"point_estimate":0.005931045231528653,"standard_error":0.004000827303644342},"median":{"confidence_interval":{"confidence_level":0.95,"lower_bound":0.006134617541056254,"upper_bound":0.007708888819654147},"point_estimate":0.006661178143104962,"standard_error":0.00035681922168180044}}