{"mean":{"confidence_interval":{"confidence_level":0.95,"lower_bound":-0.016038492689444322,"upper_bound":0.003128676438639527},"point_estimate":-0.004101111060211826,"standard_error":0.005329434186043489},"median":{"confidence_interval":{"confidence_level":0.95,"lower_bound":0.0004792238047685534,"upper_bound":0.004171823067211866},"point_estimate":0.002426566876302383,"standard_error":0.0009466346614286396}}