{"mean":{"confidence_interval":{"confidence_level":0.95,"lower_bound":3.473015451912466,"upper_bound":3.473836826063402},"point_estimate":3.4733873929229997,"standard_error":0.00021150819826870574},"median":{"confidence_interval":{"confidence_level":0.95,"lower_bound":3.472593978019415,"upper_bound":3.472782262225014},"point_estimate":3.4726763024250022,"standard_error":0.000047930984144165586},"median_abs_dev":{"confidence_interval":{"confidence_level":0.95,"lower_bound":0.00021293622341964126,"upper_bound":0.000509069256863138},"point_estimate":0.00032389018079303095,"standard_error":0.00007873112935106042},"slope":{"confidence_interval":{"confidence_level":0.95,"lower_bound":3.472789469224883,"upper_bound":3.4733769129208767},"point_estimate":3.473050088402538,"standard_error":0.00015078729187432947},"std_dev":{"confidence_interval":{"confidence_level":0.95,"lower_bound":0.0011206392800102182,"upper_bound":0.0029122412705748584},"point_estimate":0.0021198073911328705,"standard_error":0.00045601623157841346}}