{"mean":{"confidence_interval":{"confidence_level":0.95,"lower_bound":-0.0006723340800637324,"upper_bound":0.010287081273443896},"point_estimate":0.003602468782657464,"standard_error":0.002949926465347076},"median":{"confidence_interval":{"confidence_level":0.95,"lower_bound":-0.0010673143432297083,"upper_bound":-0.00048054529004026847},"point_estimate":-0.0007202734404112565,"standard_error":0.00013987998268230207}}