{"mean":{"confidence_interval":{"confidence_level":0.95,"lower_bound":-0.0009640364608900108,"upper_bound":0.0008699985265088466},"point_estimate":-0.00002524308457596547,"standard_error":0.00046742800556039317},"median":{"confidence_interval":{"confidence_level":0.95,"lower_bound":-0.0009525418057183543,"upper_bound":0.0007801259293203078},"point_estimate":-0.00015517458729386036,"standard_error":0.0004434128857284115}}