{"mean":{"confidence_interval":{"confidence_level":0.95,"lower_bound":29.587412306537995,"upper_bound":29.961855993384386},"point_estimate":29.740634385005034,"standard_error":0.09792709497164369},"median":{"confidence_interval":{"confidence_level":0.95,"lower_bound":29.49904401571215,"upper_bound":29.50890967647468},"point_estimate":29.504820903416505,"standard_error":0.0027479329654022896},"median_abs_dev":{"confidence_interval":{"confidence_level":0.95,"lower_bound":0.020911166310248003,"upper_bound":0.03854622485829127},"point_estimate":0.028960840880761257,"standard_error":0.0045404544227475455},"slope":{"confidence_interval":{"confidence_level":0.95,"lower_bound":29.509886246056883,"upper_bound":29.66443041698345},"point_estimate":29.569512524272902,"standard_error":0.04179927201123318},"std_dev":{"confidence_interval":{"confidence_level":0.95,"lower_bound":0.29430071237608924,"upper_bound":1.583860104920632},"point_estimate":0.9858350118943128,"standard_error":0.3841570591105337}}