{"mean":{"confidence_interval":{"confidence_level":0.95,"lower_bound":-0.003293918503126119,"upper_bound":0.008291491334389438},"point_estimate":0.003431684005048119,"standard_error":0.0030000151436788977},"median":{"confidence_interval":{"confidence_level":0.95,"lower_bound":0.004939801113876596,"upper_bound":0.012555667412029068},"point_estimate":0.008629068650163552,"standard_error":0.001852561712687606}}