{"mean":{"confidence_interval":{"confidence_level":0.95,"lower_bound":0.00009383073881878431,"upper_bound":0.0021249871767436185},"point_estimate":0.000961979357416709,"standard_error":0.000530510111022918},"median":{"confidence_interval":{"confidence_level":0.95,"lower_bound":-0.0006421751907594864,"upper_bound":-0.00033854389334608825},"point_estimate":-0.00048208741115640663,"standard_error":0.00007079870741254069}}