{"mean":{"confidence_interval":{"confidence_level":0.95,"lower_bound":-0.012245246814655742,"upper_bound":0.001105812657581997},"point_estimate":-0.003997125993836059,"standard_error":0.003653340519772636},"median":{"confidence_interval":{"confidence_level":0.95,"lower_bound":-0.0004893898481826975,"upper_bound":0.0005617906980486254},"point_estimate":0.000037038590880555944,"standard_error":0.00028278749298762333}}