{"mean":{"confidence_interval":{"confidence_level":0.95,"lower_bound":0.0065634297249219774,"upper_bound":0.022139710626513282},"point_estimate":0.012610244125596859,"standard_error":0.004137045475022392},"median":{"confidence_interval":{"confidence_level":0.95,"lower_bound":0.005052552850870029,"upper_bound":0.006218208709971007},"point_estimate":0.0057077388062654055,"standard_error":0.0002906196396914901}}