{"mean":{"confidence_interval":{"confidence_level":0.95,"lower_bound":0.006749242248803122,"upper_bound":0.014067989959421434},"point_estimate":0.01053739630705608,"standard_error":0.001856637363166818},"median":{"confidence_interval":{"confidence_level":0.95,"lower_bound":0.004468625788446978,"upper_bound":0.015414404317355634},"point_estimate":0.009863250889913022,"standard_error":0.002709725707061456}}