{"mean":{"confidence_interval":{"confidence_level":0.95,"lower_bound":-0.0008551502089269746,"upper_bound":-0.00012722079023675967},"point_estimate":-0.00045393950811367656,"standard_error":0.00018575121505295245},"median":{"confidence_interval":{"confidence_level":0.95,"lower_bound":-0.0006395368320029865,"upper_bound":-0.0000830547499073612},"point_estimate":-0.00031824534104318847,"standard_error":0.0001519749011848342}}