{"mean":{"confidence_interval":{"confidence_level":0.95,"lower_bound":4.010859839282143,"upper_bound":4.03242410641478},"point_estimate":4.0218437074825735,"standard_error":0.005505912348239744},"median":{"confidence_interval":{"confidence_level":0.95,"lower_bound":4.01183983736323,"upper_bound":4.0421159319145055},"point_estimate":4.0278943420862525,"standard_error":0.009072618776469294},"median_abs_dev":{"confidence_interval":{"confidence_level":0.95,"lower_bound":0.03794497221498912,"upper_bound":0.06650217637542782},"point_estimate":0.05232403169062147,"standard_error":0.007217086984289303},"slope":{"confidence_interval":{"confidence_level":0.95,"lower_bound":4.021636871347107,"upper_bound":4.043016927032104},"point_estimate":4.032409629181642,"standard_error":0.005447833467006752},"std_dev":{"confidence_interval":{"confidence_level":0.95,"lower_bound":0.046303563339328425,"upper_bound":0.06367748163304844},"point_estimate":0.05515922039902824,"standard_error":0.004442945916396084}}