{"mean":{"confidence_interval":{"confidence_level":0.95,"lower_bound":-0.0022174388301794495,"upper_bound":-0.0009200211707992377},"point_estimate":-0.0015333602041425198,"standard_error":0.00033113422626650224},"median":{"confidence_interval":{"confidence_level":0.95,"lower_bound":-0.001263066823137704,"upper_bound":-0.0007688869087950634},"point_estimate":-0.001008571757097898,"standard_error":0.0001258010140664671}}