{"mean":{"confidence_interval":{"confidence_level":0.95,"lower_bound":2.5922708153650307,"upper_bound":2.7650657480092082},"point_estimate":2.655963485795948,"standard_error":0.048862788454416106},"median":{"confidence_interval":{"confidence_level":0.95,"lower_bound":2.578832084503882,"upper_bound":2.6043101280656407},"point_estimate":2.588516841811626,"standard_error":0.005737258360827328},"median_abs_dev":{"confidence_interval":{"confidence_level":0.95,"lower_bound":0.049954027201796106,"upper_bound":0.09195706197021017},"point_estimate":0.06296132550233796,"standard_error":0.010598376556843172},"slope":{"confidence_interval":{"confidence_level":0.95,"lower_bound":2.583433597531314,"upper_bound":2.605503664177855},"point_estimate":2.5939186028453496,"standard_error":0.005647749764605417},"std_dev":{"confidence_interval":{"confidence_level":0.95,"lower_bound":0.06567018079766303,"upper_bound":0.8305129263091038},"point_estimate":0.49144478459940005,"standard_error":0.2558426628475645}}