{"mean":{"confidence_interval":{"confidence_level":0.95,"lower_bound":12.132140331777537,"upper_bound":12.136134430662224},"point_estimate":12.133881377644158,"standard_error":0.0010289923231359623},"median":{"confidence_interval":{"confidence_level":0.95,"lower_bound":12.130198058220703,"upper_bound":12.131262033174112},"point_estimate":12.130668887578292,"standard_error":0.0003049297873407919},"median_abs_dev":{"confidence_interval":{"confidence_level":0.95,"lower_bound":0.0012852218578165828,"upper_bound":0.0028573729919909225},"point_estimate":0.0018605515181798604,"standard_error":0.0004283138522496328},"slope":{"confidence_interval":{"confidence_level":0.95,"lower_bound":12.131621783681656,"upper_bound":12.134332205348722},"point_estimate":12.132879391710649,"standard_error":0.0006957775273546107},"std_dev":{"confidence_interval":{"confidence_level":0.95,"lower_bound":0.004994312724093657,"upper_bound":0.01570732131214134},"point_estimate":0.010422543931549134,"standard_error":0.0030745767510339766}}