{"mean":{"confidence_interval":{"confidence_level":0.95,"lower_bound":10.67956490611563,"upper_bound":10.685309299021826},"point_estimate":10.682200805590544,"standard_error":0.0014686124665674596},"median":{"confidence_interval":{"confidence_level":0.95,"lower_bound":10.675369504695109,"upper_bound":10.679023000906227},"point_estimate":10.676192325633487,"standard_error":0.0007661425172904719},"median_abs_dev":{"confidence_interval":{"confidence_level":0.95,"lower_bound":0.0029343673510613655,"upper_bound":0.007849534491563375},"point_estimate":0.0045061324488460215,"standard_error":0.0010730615687995072},"slope":{"confidence_interval":{"confidence_level":0.95,"lower_bound":10.67769642574136,"upper_bound":10.682619350034845},"point_estimate":10.679961151621024,"standard_error":0.0012623365184317734},"std_dev":{"confidence_interval":{"confidence_level":0.95,"lower_bound":0.008862215301453478,"upper_bound":0.020026704938824677},"point_estimate":0.014683399985616175,"standard_error":0.002909458560556029}}