{"mean":{"confidence_interval":{"confidence_level":0.95,"lower_bound":8.865658995593028,"upper_bound":8.8681525394668},"point_estimate":8.866804729383073,"standard_error":0.0006399229132448307},"median":{"confidence_interval":{"confidence_level":0.95,"lower_bound":8.864384208468286,"upper_bound":8.864972854813567},"point_estimate":8.864700974484538,"standard_error":0.0001459475600674656},"median_abs_dev":{"confidence_interval":{"confidence_level":0.95,"lower_bound":0.0011053897239157744,"upper_bound":0.0021371752297352415},"point_estimate":0.001473407961307969,"standard_error":0.0002604566500055231},"slope":{"confidence_interval":{"confidence_level":0.95,"lower_bound":8.865329113741964,"upper_bound":8.867700220319863},"point_estimate":8.866462243636418,"standard_error":0.0006070458736601664},"std_dev":{"confidence_interval":{"confidence_level":0.95,"lower_bound":0.003924495790256072,"upper_bound":0.00874230611233393},"point_estimate":0.006435825388276058,"standard_error":0.0012495561616464993}}