{"mean":{"confidence_interval":{"confidence_level":0.95,"lower_bound":-0.00310327594390756,"upper_bound":0.0006101258442792733},"point_estimate":-0.0011718270341776194,"standard_error":0.000946609899933913},"median":{"confidence_interval":{"confidence_level":0.95,"lower_bound":-0.00032639345407015075,"upper_bound":0.00021773953765968912},"point_estimate":-0.000045342975066864355,"standard_error":0.00014241002348826964}}