{"mean":{"confidence_interval":{"confidence_level":0.95,"lower_bound":0.0019453940124210868,"upper_bound":0.005315948094646489},"point_estimate":0.003727959382526125,"standard_error":0.0008589246471090024},"median":{"confidence_interval":{"confidence_level":0.95,"lower_bound":0.0023814158328863133,"upper_bound":0.0032207695384591783},"point_estimate":0.002592715205079976,"standard_error":0.0002413067824192454}}