{"mean":{"confidence_interval":{"confidence_level":0.95,"lower_bound":63.69659539483332,"upper_bound":63.83732110007619},"point_estimate":63.765107877390804,"standard_error":0.03590282051116791},"median":{"confidence_interval":{"confidence_level":0.95,"lower_bound":63.61657175743624,"upper_bound":63.80664263645726},"point_estimate":63.66881758496395,"standard_error":0.050701154531285236},"median_abs_dev":{"confidence_interval":{"confidence_level":0.95,"lower_bound":0.25854704741811213,"upper_bound":0.41004212068116097},"point_estimate":0.3356521889431459,"standard_error":0.0403938527745888},"slope":{"confidence_interval":{"confidence_level":0.95,"lower_bound":63.58213093697283,"upper_bound":63.6991638304664},"point_estimate":63.637065181378645,"standard_error":0.02990809922007506},"std_dev":{"confidence_interval":{"confidence_level":0.95,"lower_bound":0.29237642541495357,"upper_bound":0.4230625142291585},"point_estimate":0.3604154648625473,"standard_error":0.03348884001296136}}