{"mean":{"confidence_interval":{"confidence_level":0.95,"lower_bound":-0.0022210328797019896,"upper_bound":0.007277453002110367},"point_estimate":0.0023505902862772654,"standard_error":0.0024779655713866085},"median":{"confidence_interval":{"confidence_level":0.95,"lower_bound":-0.0007063548146626353,"upper_bound":0.00016032709066693407},"point_estimate":-0.00029802966886927074,"standard_error":0.00023091912042442141}}