{"mean":{"confidence_interval":{"confidence_level":0.95,"lower_bound":-0.0016745690263544274,"upper_bound":0.001787148847207947},"point_estimate":0.000025801939745884184,"standard_error":0.0008793874132546308},"median":{"confidence_interval":{"confidence_level":0.95,"lower_bound":-0.0023729840978979886,"upper_bound":0.0025455441583819294},"point_estimate":4.516894994255338e-6,"standard_error":0.0011620311084151523}}