{"mean":{"confidence_interval":{"confidence_level":0.95,"lower_bound":-0.000996568579469978,"upper_bound":0.0007817591338753313},"point_estimate":-0.0001170125592535598,"standard_error":0.00045264361547822565},"median":{"confidence_interval":{"confidence_level":0.95,"lower_bound":-0.0005685776256782564,"upper_bound":0.00007173067256283083},"point_estimate":-0.0002971414625599911,"standard_error":0.0001616804674383178}}