{"mean":{"confidence_interval":{"confidence_level":0.95,"lower_bound":6.488161347464561,"upper_bound":6.4947419620464055},"point_estimate":6.491274909755965,"standard_error":0.0016764367465451901},"median":{"confidence_interval":{"confidence_level":0.95,"lower_bound":6.488637507478672,"upper_bound":6.490924322433227},"point_estimate":6.489962018347638,"standard_error":0.0005970028170290224},"median_abs_dev":{"confidence_interval":{"confidence_level":0.95,"lower_bound":0.004369032139161136,"upper_bound":0.008175429956602353},"point_estimate":0.006526134267301861,"standard_error":0.0009789555695776096},"slope":{"confidence_interval":{"confidence_level":0.95,"lower_bound":6.488979929667761,"upper_bound":6.493712947705725},"point_estimate":6.491131530584744,"standard_error":0.0012095381977829983},"std_dev":{"confidence_interval":{"confidence_level":0.95,"lower_bound":0.011093291960216047,"upper_bound":0.022405465749316334},"point_estimate":0.016834240086836053,"standard_error":0.002932613047593125}}