{"mean":{"confidence_interval":{"confidence_level":0.95,"lower_bound":-0.13985356705872964,"upper_bound":-0.13212760427078304},"point_estimate":-0.13698461740274726,"standard_error":0.0019281771900174797},"median":{"confidence_interval":{"confidence_level":0.95,"lower_bound":-0.14057598427510154,"upper_bound":-0.14007793354471243},"point_estimate":-0.14036908414946447,"standard_error":0.00012993876435292429}}