{"mean":{"confidence_interval":{"confidence_level":0.95,"lower_bound":-0.0003729322989873606,"upper_bound":0.0008280277904088307},"point_estimate":0.0002367156669456083,"standard_error":0.00030878899738956997},"median":{"confidence_interval":{"confidence_level":0.95,"lower_bound":-0.0001552767598199136,"upper_bound":0.00026942808186403155},"point_estimate":0.00004447220332726154,"standard_error":0.00011385046336220324}}