{"mean":{"confidence_interval":{"confidence_level":0.95,"lower_bound":3.4062833480552888,"upper_bound":3.4071347083214008},"point_estimate":3.406676061654618,"standard_error":0.00021763230874581284},"median":{"confidence_interval":{"confidence_level":0.95,"lower_bound":3.4056363173457727,"upper_bound":3.4064213807482435},"point_estimate":3.40611950128016,"standard_error":0.00019992408933911077},"median_abs_dev":{"confidence_interval":{"confidence_level":0.95,"lower_bound":0.0008741410405050142,"upper_bound":0.0018163288903442472},"point_estimate":0.0014280486452160495,"standard_error":0.0002468235328940894},"slope":{"confidence_interval":{"confidence_level":0.95,"lower_bound":3.4060230146158417,"upper_bound":3.4067658599305775},"point_estimate":3.4063780232189873,"standard_error":0.0001899339442256585},"std_dev":{"confidence_interval":{"confidence_level":0.95,"lower_bound":0.0014521631079735316,"upper_bound":0.0029944276711355525},"point_estimate":0.002194666417482938,"standard_error":0.0004198749400448952}}