{"mean":{"confidence_interval":{"confidence_level":0.95,"lower_bound":-0.0009288879016722369,"upper_bound":0.0007223579723286188},"point_estimate":-0.00009865726140811937,"standard_error":0.0004191709965128547},"median":{"confidence_interval":{"confidence_level":0.95,"lower_bound":-0.00011491727444168376,"upper_bound":0.0004815338136818781},"point_estimate":0.00022220840143272191,"standard_error":0.00015430736424319348}}