{"mean":{"confidence_interval":{"confidence_level":0.95,"lower_bound":-0.007177569718907025,"upper_bound":0.0018412759661486306},"point_estimate":-0.0019686374986034316,"standard_error":0.0023307248623835753},"median":{"confidence_interval":{"confidence_level":0.95,"lower_bound":-0.00019356011732729606,"upper_bound":0.0008452148521300717},"point_estimate":0.0002369965235908822,"standard_error":0.00027691393555437024}}