{"mean":{"confidence_interval":{"confidence_level":0.95,"lower_bound":-0.02877830205655092,"upper_bound":-0.016189912057441642},"point_estimate":-0.022087011723096017,"standard_error":0.003209816320946518},"median":{"confidence_interval":{"confidence_level":0.95,"lower_bound":-0.021223699020369947,"upper_bound":-0.008815133404644793},"point_estimate":-0.01415832476661727,"standard_error":0.004498585755360097}}