{"mean":{"confidence_interval":{"confidence_level":0.95,"lower_bound":-0.0012778522585654287,"upper_bound":0.0006659806131001142},"point_estimate":-0.00023183229292733643,"standard_error":0.0004936677983577281},"median":{"confidence_interval":{"confidence_level":0.95,"lower_bound":-0.0002488389854957556,"upper_bound":0.000270496494017447},"point_estimate":-0.0000167498979324332,"standard_error":0.00013020930757024363}}