{"mean":{"confidence_interval":{"confidence_level":0.95,"lower_bound":-0.26352156088588885,"upper_bound":-0.2477029100727811},"point_estimate":-0.2545935095180588,"standard_error":0.004066331981947034},"median":{"confidence_interval":{"confidence_level":0.95,"lower_bound":-0.25042695481005195,"upper_bound":-0.2437113397128533},"point_estimate":-0.24664898523299816,"standard_error":0.0017577626724588804}}