{"mean":{"confidence_interval":{"confidence_level":0.95,"lower_bound":-0.0508508499505582,"upper_bound":-0.03536471070721461},"point_estimate":-0.04306274981201019,"standard_error":0.003906674457040014},"median":{"confidence_interval":{"confidence_level":0.95,"lower_bound":-0.04088108236348742,"upper_bound":-0.0392394464787961},"point_estimate":-0.0401081094768736,"standard_error":0.0004052631262543439}}