{"mean":{"confidence_interval":{"confidence_level":0.95,"lower_bound":1.702804070051967,"upper_bound":1.7032152797355873},"point_estimate":1.7029972160378173,"standard_error":0.00010514373042788072},"median":{"confidence_interval":{"confidence_level":0.95,"lower_bound":1.7025119982227204,"upper_bound":1.702682399434107},"point_estimate":1.7025777086622105,"standard_error":0.00004427964512337877},"median_abs_dev":{"confidence_interval":{"confidence_level":0.95,"lower_bound":0.00016942163387268693,"upper_bound":0.00040059434545680253},"point_estimate":0.00024356652019595634,"standard_error":0.00006508281828584686},"slope":{"confidence_interval":{"confidence_level":0.95,"lower_bound":1.7027402240993061,"upper_bound":1.703326544888356},"point_estimate":1.7030021130212685,"standard_error":0.00015084019769210532},"std_dev":{"confidence_interval":{"confidence_level":0.95,"lower_bound":0.0007256384682154526,"upper_bound":0.0013448875556202832},"point_estimate":0.0010603236813327638,"standard_error":0.0001585017244522515}}