{"mean":{"confidence_interval":{"confidence_level":0.95,"lower_bound":-0.01293402758564668,"upper_bound":-0.0056168752464321675},"point_estimate":-0.009543828322280623,"standard_error":0.0018589494941093478},"median":{"confidence_interval":{"confidence_level":0.95,"lower_bound":-0.01181650474232876,"upper_bound":-0.011026354167188335},"point_estimate":-0.011498433235467287,"standard_error":0.00018913050334208085}}