{"mean":{"confidence_interval":{"confidence_level":0.95,"lower_bound":-0.0038425444580502646,"upper_bound":0.00521468448534627},"point_estimate":0.0000856051628825849,"standard_error":0.0023016386680074787},"median":{"confidence_interval":{"confidence_level":0.95,"lower_bound":-0.0011914314712114793,"upper_bound":-0.00032808526222405376},"point_estimate":-0.0007847814814695431,"standard_error":0.00023560260237891157}}