{"mean":{"confidence_interval":{"confidence_level":0.95,"lower_bound":2.874509955835861,"upper_bound":2.875970932978896},"point_estimate":2.8751708688707924,"standard_error":0.00037436214692779246},"median":{"confidence_interval":{"confidence_level":0.95,"lower_bound":2.8737914536297797,"upper_bound":2.874058004552433},"point_estimate":2.8739623451586738,"standard_error":0.00007237244303824959},"median_abs_dev":{"confidence_interval":{"confidence_level":0.95,"lower_bound":0.0005189538230680573,"upper_bound":0.001167155523670036},"point_estimate":0.0008232179530277235,"standard_error":0.00016264156472718498},"slope":{"confidence_interval":{"confidence_level":0.95,"lower_bound":2.874018801036355,"upper_bound":2.874838420703651},"point_estimate":2.874383996836831,"standard_error":0.00020944851762119785},"std_dev":{"confidence_interval":{"confidence_level":0.95,"lower_bound":0.00210808850192681,"upper_bound":0.005286417877432943},"point_estimate":0.0037644631522656285,"standard_error":0.0008288901112978522}}