{"mean":{"confidence_interval":{"confidence_level":0.95,"lower_bound":-0.005039433180312626,"upper_bound":0.011032997161502814},"point_estimate":0.002417378891998112,"standard_error":0.0040563848660951154},"median":{"confidence_interval":{"confidence_level":0.95,"lower_bound":-0.0004561263885114464,"upper_bound":0.0005728883817227634},"point_estimate":0.00009936018649359113,"standard_error":0.0002658020043257841}}