{"mean":{"confidence_interval":{"confidence_level":0.95,"lower_bound":-0.0009722531596462686,"upper_bound":0.00857185020179758},"point_estimate":0.00313360987001432,"standard_error":0.0024720173881092227},"median":{"confidence_interval":{"confidence_level":0.95,"lower_bound":-0.0010996825942121147,"upper_bound":0.00004912449832378775},"point_estimate":-0.0007713878282508135,"standard_error":0.00033462699262540774}}