{"mean":{"confidence_interval":{"confidence_level":0.95,"lower_bound":2.767794026802361,"upper_bound":2.768266366970141},"point_estimate":2.7680130174741184,"standard_error":0.00012079088519861906},"median":{"confidence_interval":{"confidence_level":0.95,"lower_bound":2.7675022184026385,"upper_bound":2.7676433475722684},"point_estimate":2.7675430823701865,"standard_error":0.00003530816422076589},"median_abs_dev":{"confidence_interval":{"confidence_level":0.95,"lower_bound":0.0001899354399415253,"upper_bound":0.00041531586716716433},"point_estimate":0.00026852526824284274,"standard_error":0.00005990725237247849},"slope":{"confidence_interval":{"confidence_level":0.95,"lower_bound":2.767711289884924,"upper_bound":2.768101300465661},"point_estimate":2.7678912389338732,"standard_error":0.00010018439020869271},"std_dev":{"confidence_interval":{"confidence_level":0.95,"lower_bound":0.0007373083326309285,"upper_bound":0.0016382979531562657},"point_estimate":0.0012108898385628972,"standard_error":0.00023169314309201262}}