{"mean":{"confidence_interval":{"confidence_level":0.95,"lower_bound":0.04378606081473529,"upper_bound":0.04862965348383714},"point_estimate":0.04627364431215164,"standard_error":0.0012408229585546117},"median":{"confidence_interval":{"confidence_level":0.95,"lower_bound":0.04907847665771281,"upper_bound":0.05528504289551073},"point_estimate":0.050104920896760774,"standard_error":0.0015220239266190297}}