{"mean":{"confidence_interval":{"confidence_level":0.95,"lower_bound":-0.00452772423761604,"upper_bound":-0.000805775251405905},"point_estimate":-0.002632458762692358,"standard_error":0.0009431762059623896},"median":{"confidence_interval":{"confidence_level":0.95,"lower_bound":-0.002347930774844742,"upper_bound":-0.0006993500286196497},"point_estimate":-0.0013191993398029567,"standard_error":0.00043318393726725005}}