{"mean":{"confidence_interval":{"confidence_level":0.95,"lower_bound":-0.008147344592506645,"upper_bound":0.037442868506181545},"point_estimate":0.009982326155614452,"standard_error":0.012451023579165214},"median":{"confidence_interval":{"confidence_level":0.95,"lower_bound":-0.0005926597218186558,"upper_bound":0.00020292719871983778},"point_estimate":-0.0002375066406332671,"standard_error":0.00021568712250522184}}