{"mean":{"confidence_interval":{"confidence_level":0.95,"lower_bound":-0.001237140344543186,"upper_bound":0.0008865236107421454},"point_estimate":-0.00017707340839046015,"standard_error":0.0005408002858030485},"median":{"confidence_interval":{"confidence_level":0.95,"lower_bound":-0.0006823336866440225,"upper_bound":0.0005862955981651859},"point_estimate":-0.00010882663160738382,"standard_error":0.00033432091111406477}}