{"mean":{"confidence_interval":{"confidence_level":0.95,"lower_bound":0.1916136886670308,"upper_bound":0.23830435966788976},"point_estimate":0.21337588832325216,"standard_error":0.011984122940454924},"median":{"confidence_interval":{"confidence_level":0.95,"lower_bound":0.17893334267309474,"upper_bound":0.1799896860646757},"point_estimate":0.17943022429036914,"standard_error":0.0002634505869651933}}