{"mean":{"confidence_interval":{"confidence_level":0.95,"lower_bound":-0.03892239689289294,"upper_bound":-0.03338719993308884},"point_estimate":-0.03656377534920041,"standard_error":0.0013992034857727995},"median":{"confidence_interval":{"confidence_level":0.95,"lower_bound":-0.036443775909220766,"upper_bound":-0.035647769848266675},"point_estimate":-0.0360562504711216,"standard_error":0.0002038208528352122}}