{"mean":{"confidence_interval":{"confidence_level":0.95,"lower_bound":-0.0013705381414452675,"upper_bound":0.0005061804077010621},"point_estimate":-0.0003515004203114014,"standard_error":0.0004795373313512271},"median":{"confidence_interval":{"confidence_level":0.95,"lower_bound":-0.0004896158650438132,"upper_bound":0.00017846006756139232},"point_estimate":-0.00016679073938363764,"standard_error":0.000172161744680654}}