{"mean":{"confidence_interval":{"confidence_level":0.95,"lower_bound":-0.0007005063744250945,"upper_bound":0.0016696308247889464},"point_estimate":0.0004284795680935538,"standard_error":0.0006097532339483914},"median":{"confidence_interval":{"confidence_level":0.95,"lower_bound":-0.0003359017142685605,"upper_bound":0.00022536746556478526},"point_estimate":-0.000045989705212412524,"standard_error":0.00014217847692275727}}