{"mean":{"confidence_interval":{"confidence_level":0.95,"lower_bound":8.129408567151003,"upper_bound":8.16452999842304},"point_estimate":8.145879192301654,"standard_error":0.009012117546866644},"median":{"confidence_interval":{"confidence_level":0.95,"lower_bound":8.107729687435654,"upper_bound":8.120853622888035},"point_estimate":8.112224496875474,"standard_error":0.003615114923205535},"median_abs_dev":{"confidence_interval":{"confidence_level":0.95,"lower_bound":0.019148901360815613,"upper_bound":0.04594979431498013},"point_estimate":0.02842763905069815,"standard_error":0.00708708375969354},"slope":{"confidence_interval":{"confidence_level":0.95,"lower_bound":8.109848527386417,"upper_bound":8.147951498161826},"point_estimate":8.125436808896835,"standard_error":0.009869472609938566},"std_dev":{"confidence_interval":{"confidence_level":0.95,"lower_bound":0.058115338452766854,"upper_bound":0.11952697112652258},"point_estimate":0.09079348999970369,"standard_error":0.01573169051278144}}