{"mean":{"confidence_interval":{"confidence_level":0.95,"lower_bound":5.32777037440861,"upper_bound":5.332596288406362},"point_estimate":5.330029258006497,"standard_error":0.001232342050485339},"median":{"confidence_interval":{"confidence_level":0.95,"lower_bound":5.322541352967851,"upper_bound":5.325444448914707},"point_estimate":5.32308822621501,"standard_error":0.0006936848357065207},"median_abs_dev":{"confidence_interval":{"confidence_level":0.95,"lower_bound":0.0010824369246758723,"upper_bound":0.005648241365184194},"point_estimate":0.002209630840531161,"standard_error":0.0010769510613463963},"slope":{"confidence_interval":{"confidence_level":0.95,"lower_bound":5.327951892905892,"upper_bound":5.3333313209831505},"point_estimate":5.330541066798946,"standard_error":0.0013727137824777575},"std_dev":{"confidence_interval":{"confidence_level":0.95,"lower_bound":0.008900343023209531,"upper_bound":0.016375225273292198},"point_estimate":0.012412855298860642,"standard_error":0.002069194318637365}}