{"mean":{"confidence_interval":{"confidence_level":0.95,"lower_bound":0.0004037654433123433,"upper_bound":0.005282182025069814},"point_estimate":0.0027612743733655964,"standard_error":0.0012410154175174228},"median":{"confidence_interval":{"confidence_level":0.95,"lower_bound":-0.00019929033980226052,"upper_bound":0.0005819410109290073},"point_estimate":0.00024979717076334396,"standard_error":0.00019167808938639429}}