{"mean":{"confidence_interval":{"confidence_level":0.95,"lower_bound":-0.013461036116466292,"upper_bound":-0.008328607460872987},"point_estimate":-0.01079813377521821,"standard_error":0.0013085865411148138},"median":{"confidence_interval":{"confidence_level":0.95,"lower_bound":-0.009893566370158369,"upper_bound":-0.005352601495484888},"point_estimate":-0.008784558204838255,"standard_error":0.0011937711741068133}}