{"mean":{"confidence_interval":{"confidence_level":0.95,"lower_bound":0.001192487185418629,"upper_bound":0.015956149583430165},"point_estimate":0.007860531297658069,"standard_error":0.0036839449683013364},"median":{"confidence_interval":{"confidence_level":0.95,"lower_bound":-0.00027897864416825957,"upper_bound":0.00039357654918448226},"point_estimate":0.00014419512133412304,"standard_error":0.0001763713344711654}}