{"mean":{"confidence_interval":{"confidence_level":0.95,"lower_bound":7.862492041504581,"upper_bound":7.8648975204961635},"point_estimate":7.863550739606247,"standard_error":0.0006170048773891879},"median":{"confidence_interval":{"confidence_level":0.95,"lower_bound":7.861253792262691,"upper_bound":7.862078739792919},"point_estimate":7.861466713256725,"standard_error":0.0002328830237621074},"median_abs_dev":{"confidence_interval":{"confidence_level":0.95,"lower_bound":0.0008792484809539558,"upper_bound":0.0021137220580740323},"point_estimate":0.0014290050651237975,"standard_error":0.00035053568066242304},"slope":{"confidence_interval":{"confidence_level":0.95,"lower_bound":7.861921760801317,"upper_bound":7.863360128287444},"point_estimate":7.862595584737124,"standard_error":0.00036691926418043924},"std_dev":{"confidence_interval":{"confidence_level":0.95,"lower_bound":0.0029144669034963976,"upper_bound":0.009249265753500404},"point_estimate":0.006212151763068001,"standard_error":0.0017223678818212786}}