{"mean":{"confidence_interval":{"confidence_level":0.95,"lower_bound":6.172314259200086,"upper_bound":6.17391118674178},"point_estimate":6.173041309311381,"standard_error":0.00040973214677721413},"median":{"confidence_interval":{"confidence_level":0.95,"lower_bound":6.171411513127374,"upper_bound":6.172079530516927},"point_estimate":6.171573089899461,"standard_error":0.0001542364972445149},"median_abs_dev":{"confidence_interval":{"confidence_level":0.95,"lower_bound":0.0005440730809526554,"upper_bound":0.0013237251075227038},"point_estimate":0.0009219464317680326,"standard_error":0.00019191462882209415},"slope":{"confidence_interval":{"confidence_level":0.95,"lower_bound":6.1721263490664375,"upper_bound":6.173258065824427},"point_estimate":6.172657203941617,"standard_error":0.000289652793940592},"std_dev":{"confidence_interval":{"confidence_level":0.95,"lower_bound":0.002248702984386078,"upper_bound":0.005924871242560171},"point_estimate":0.0041362435044239075,"standard_error":0.000979254901849211}}