{"mean":{"confidence_interval":{"confidence_level":0.95,"lower_bound":6.37181192892122,"upper_bound":6.4629780031082245},"point_estimate":6.411152013333472,"standard_error":0.023451475275350228},"median":{"confidence_interval":{"confidence_level":0.95,"lower_bound":6.350892016550764,"upper_bound":6.354172825015158},"point_estimate":6.352086812812059,"standard_error":0.000892143986043595},"median_abs_dev":{"confidence_interval":{"confidence_level":0.95,"lower_bound":0.006107349345574647,"upper_bound":0.01143043069981133},"point_estimate":0.008335892091992363,"standard_error":0.0013291351941288902},"slope":{"confidence_interval":{"confidence_level":0.95,"lower_bound":6.35425828194802,"upper_bound":6.461511883016276},"point_estimate":6.3886565975882545,"standard_error":0.03177864149780929},"std_dev":{"confidence_interval":{"confidence_level":0.95,"lower_bound":0.07375832237243547,"upper_bound":0.34983270849493975},"point_estimate":0.23435895853224292,"standard_error":0.07083684663910099}}