{"mean":{"confidence_interval":{"confidence_level":0.95,"lower_bound":-0.02987529297837161,"upper_bound":-0.019320432169284654},"point_estimate":-0.0247500360456685,"standard_error":0.00271534505468945},"median":{"confidence_interval":{"confidence_level":0.95,"lower_bound":-0.03355972049930067,"upper_bound":-0.02216603615731305},"point_estimate":-0.028524226538371722,"standard_error":0.003130425938717551}}