{"mean":{"confidence_interval":{"confidence_level":0.95,"lower_bound":-0.0238064468745297,"upper_bound":0.0004883836791919096},"point_estimate":-0.009429171657053592,"standard_error":0.0063668707398171565},"median":{"confidence_interval":{"confidence_level":0.95,"lower_bound":-0.0007127188932096683,"upper_bound":0.008889081624603001},"point_estimate":0.006768775913220004,"standard_error":0.002467434856459947}}