{"mean":{"confidence_interval":{"confidence_level":0.95,"lower_bound":-0.012318741704409298,"upper_bound":-0.0009325660705031802},"point_estimate":-0.005182352884563257,"standard_error":0.0031171132101358587},"median":{"confidence_interval":{"confidence_level":0.95,"lower_bound":-0.0020971104464782868,"upper_bound":-0.0007172857473430883},"point_estimate":-0.0013075629020014023,"standard_error":0.0003591801288631662}}