{"mean":{"confidence_interval":{"confidence_level":0.95,"lower_bound":-0.00630414392555898,"upper_bound":0.0006883242441899009},"point_estimate":-0.002609536506144594,"standard_error":0.001772494394030288},"median":{"confidence_interval":{"confidence_level":0.95,"lower_bound":-0.000542149678508741,"upper_bound":0.0002208556524787575},"point_estimate":-0.00015794592066953328,"standard_error":0.00019312023246861247}}