{"mean":{"confidence_interval":{"confidence_level":0.95,"lower_bound":-0.00247603133457841,"upper_bound":0.00033939308204194963},"point_estimate":-0.0008297008519558835,"standard_error":0.0007331294425842694},"median":{"confidence_interval":{"confidence_level":0.95,"lower_bound":-0.0005594017369678905,"upper_bound":0.00004540159712762559},"point_estimate":-0.00017298556212352878,"standard_error":0.00014868947388032558}}