{"mean":{"confidence_interval":{"confidence_level":0.95,"lower_bound":-0.0025778631817771525,"upper_bound":0.0051224663687443476},"point_estimate":0.0008577080698588535,"standard_error":0.0019854984159168552},"median":{"confidence_interval":{"confidence_level":0.95,"lower_bound":-0.0006157685737328,"upper_bound":-0.00019843335394978756},"point_estimate":-0.00045345533820251305,"standard_error":0.00010534477968106696}}