{"mean":{"confidence_interval":{"confidence_level":0.95,"lower_bound":-0.0011348733687531808,"upper_bound":0.00033600588623395304},"point_estimate":-0.00039412437532215794,"standard_error":0.0003754078442747446},"median":{"confidence_interval":{"confidence_level":0.95,"lower_bound":-0.0007273542593464466,"upper_bound":-0.00016684841424097208},"point_estimate":-0.00043354661180661225,"standard_error":0.00016074727115799003}}