{"mean":{"confidence_interval":{"confidence_level":0.95,"lower_bound":-0.000712285561205475,"upper_bound":-0.00012616771086148293},"point_estimate":-0.00041998583198665784,"standard_error":0.00014870171760032565},"median":{"confidence_interval":{"confidence_level":0.95,"lower_bound":-0.000715396595886264,"upper_bound":-0.0003885557335387979},"point_estimate":-0.0005590530169017338,"standard_error":0.00008506242946375116}}