{"mean":{"confidence_interval":{"confidence_level":0.95,"lower_bound":-0.00027964350537699166,"upper_bound":0.008155736044632373},"point_estimate":0.0037313865227448506,"standard_error":0.0021268716254743093},"median":{"confidence_interval":{"confidence_level":0.95,"lower_bound":-0.0005834333870650132,"upper_bound":0.004796991849895571},"point_estimate":0.0009721025486690849,"standard_error":0.0015105278364632132}}