{"mean":{"confidence_interval":{"confidence_level":0.95,"lower_bound":-0.0014660153632089017,"upper_bound":0.007787709435414907},"point_estimate":0.0028712132239436805,"standard_error":0.00229481645222909},"median":{"confidence_interval":{"confidence_level":0.95,"lower_bound":-0.0005021784144467745,"upper_bound":0.00023314776475746868},"point_estimate":-0.00018127846680338067,"standard_error":0.00018925131596159134}}