{"mean":{"confidence_interval":{"confidence_level":0.95,"lower_bound":0.8207300893856458,"upper_bound":0.8233913663699883},"point_estimate":0.8219186983302386,"standard_error":0.0006827106459886141},"median":{"confidence_interval":{"confidence_level":0.95,"lower_bound":0.8196682320831069,"upper_bound":0.8201033961288602},"point_estimate":0.819847991824918,"standard_error":0.00012287800394445269},"median_abs_dev":{"confidence_interval":{"confidence_level":0.95,"lower_bound":0.0006615934128048257,"upper_bound":0.0013280134464533826},"point_estimate":0.0009454132290380958,"standard_error":0.00017888230532106872},"slope":{"confidence_interval":{"confidence_level":0.95,"lower_bound":0.8203717897131592,"upper_bound":0.8223795911585233},"point_estimate":0.8212557354828963,"standard_error":0.000516421522626728},"std_dev":{"confidence_interval":{"confidence_level":0.95,"lower_bound":0.003104005873955768,"upper_bound":0.009686980483251452},"point_estimate":0.006846669444500512,"standard_error":0.0016326422993060805}}