{"mean":{"confidence_interval":{"confidence_level":0.95,"lower_bound":7.02431989032764,"upper_bound":7.029061603827172},"point_estimate":7.026139682790663,"standard_error":0.0012774979984389854},"median":{"confidence_interval":{"confidence_level":0.95,"lower_bound":7.022728384545609,"upper_bound":7.023925325856311},"point_estimate":7.023108472867491,"standard_error":0.00032195126124446834},"median_abs_dev":{"confidence_interval":{"confidence_level":0.95,"lower_bound":0.0007782678493151829,"upper_bound":0.0022317957598502586},"point_estimate":0.0012619456329671466,"standard_error":0.00038421340001895904},"slope":{"confidence_interval":{"confidence_level":0.95,"lower_bound":7.0239570616556755,"upper_bound":7.032064170479798},"point_estimate":7.026735172810667,"standard_error":0.0022893017833292588},"std_dev":{"confidence_interval":{"confidence_level":0.95,"lower_bound":0.0031227028146646046,"upper_bound":0.021503094313602613},"point_estimate":0.012937434573369273,"standard_error":0.0061168585437904}}