{"mean":{"confidence_interval":{"confidence_level":0.95,"lower_bound":-0.00312015752326288,"upper_bound":0.006952867855198658},"point_estimate":0.0009861730193143625,"standard_error":0.002579003070299394},"median":{"confidence_interval":{"confidence_level":0.95,"lower_bound":-0.0005111381118416691,"upper_bound":0.00001583026643973071},"point_estimate":-0.0002452512750032998,"standard_error":0.00013308065242724308}}