{"mean":{"confidence_interval":{"confidence_level":0.95,"lower_bound":3.001137566592377,"upper_bound":3.0054702839657024},"point_estimate":3.0033275410982183,"standard_error":0.0011032672823834595},"median":{"confidence_interval":{"confidence_level":0.95,"lower_bound":3.0013511269595172,"upper_bound":3.0059662273541816},"point_estimate":3.0050066158195623,"standard_error":0.0014730566410969133},"median_abs_dev":{"confidence_interval":{"confidence_level":0.95,"lower_bound":0.008060992334454144,"upper_bound":0.013122256437813852},"point_estimate":0.011036965311917018,"standard_error":0.0012601047946070511},"slope":{"confidence_interval":{"confidence_level":0.95,"lower_bound":3.001769957944396,"upper_bound":3.0064439344650626},"point_estimate":3.004139389030937,"standard_error":0.0011884014783056568},"std_dev":{"confidence_interval":{"confidence_level":0.95,"lower_bound":0.009521470764591804,"upper_bound":0.012487312677089841},"point_estimate":0.011087992251912914,"standard_error":0.0007577763204106996}}