{"mean":{"confidence_interval":{"confidence_level":0.95,"lower_bound":19.31724604534126,"upper_bound":19.32897871413585},"point_estimate":19.32165837803546,"standard_error":0.003201887447558011},"median":{"confidence_interval":{"confidence_level":0.95,"lower_bound":19.315134566817328,"upper_bound":19.317100064401618},"point_estimate":19.316060708373513,"standard_error":0.000584856926346765},"median_abs_dev":{"confidence_interval":{"confidence_level":0.95,"lower_bound":0.0033037997127176827,"upper_bound":0.00589899027262516},"point_estimate":0.004517817140542573,"standard_error":0.0006827611745435268},"slope":{"confidence_interval":{"confidence_level":0.95,"lower_bound":19.316596398207295,"upper_bound":19.320674357200886},"point_estimate":19.31848982154253,"standard_error":0.0010424179803893725},"std_dev":{"confidence_interval":{"confidence_level":0.95,"lower_bound":0.006775908395330841,"upper_bound":0.05366060849000072},"point_estimate":0.03211303297229378,"standard_error":0.01570998580352834}}