{"mean":{"confidence_interval":{"confidence_level":0.95,"lower_bound":18.015888508868027,"upper_bound":18.037277051435744},"point_estimate":18.025796379520397,"standard_error":0.0054533308703511255},"median":{"confidence_interval":{"confidence_level":0.95,"lower_bound":18.014247103906406,"upper_bound":18.020994626104383},"point_estimate":18.017198071698637,"standard_error":0.0016518054325630287},"median_abs_dev":{"confidence_interval":{"confidence_level":0.95,"lower_bound":0.01121169271201937,"upper_bound":0.021788447235428776},"point_estimate":0.01565061439423394,"standard_error":0.0026908547066530476},"slope":{"confidence_interval":{"confidence_level":0.95,"lower_bound":18.01846402017837,"upper_bound":18.033286849192997},"point_estimate":18.024924092696384,"standard_error":0.0038058872462738828},"std_dev":{"confidence_interval":{"confidence_level":0.95,"lower_bound":0.032647776203162844,"upper_bound":0.07514289359130052},"point_estimate":0.054768160089371506,"standard_error":0.010944001651356335}}