{"mean":{"confidence_interval":{"confidence_level":0.95,"lower_bound":0.00002352528864165153,"upper_bound":0.0014347243515193332},"point_estimate":0.0006577463885375501,"standard_error":0.00035515576195137364},"median":{"confidence_interval":{"confidence_level":0.95,"lower_bound":-0.00029158868907784016,"upper_bound":0.00006955967876092742},"point_estimate":-0.00011150551542904452,"standard_error":0.00009582272985416437}}