{"mean":{"confidence_interval":{"confidence_level":0.95,"lower_bound":0.0602064785985515,"upper_bound":0.067787212765091},"point_estimate":0.06415532297513615,"standard_error":0.001934861751175154},"median":{"confidence_interval":{"confidence_level":0.95,"lower_bound":0.0667325711126994,"upper_bound":0.07470753656560691},"point_estimate":0.0713780033314102,"standard_error":0.002037600059065684}}