{"mean":{"confidence_interval":{"confidence_level":0.95,"lower_bound":-0.002839411885131343,"upper_bound":0.0009022536699697597},"point_estimate":-0.0009104625685649737,"standard_error":0.0009516382698141968},"median":{"confidence_interval":{"confidence_level":0.95,"lower_bound":-0.0016946449819668086,"upper_bound":0.00038338895569900444},"point_estimate":-0.0005229175986642964,"standard_error":0.0005143136752756749}}