{"mean":{"confidence_interval":{"confidence_level":0.95,"lower_bound":-0.0024236570450811945,"upper_bound":0.0054209025775623},"point_estimate":0.0015892814962885637,"standard_error":0.0019933345954587247},"median":{"confidence_interval":{"confidence_level":0.95,"lower_bound":-0.0021827526501200234,"upper_bound":0.0065510389607670305},"point_estimate":0.0030769132114329967,"standard_error":0.002250545227603318}}