{"mean":{"confidence_interval":{"confidence_level":0.95,"lower_bound":0.05790920548078109,"upper_bound":0.07706126917809551},"point_estimate":0.06539259806704756,"standard_error":0.005100643330464486},"median":{"confidence_interval":{"confidence_level":0.95,"lower_bound":0.055959346794370646,"upper_bound":0.05685010314854799},"point_estimate":0.05637680586134164,"standard_error":0.00024001077793897038}}