{"mean":{"confidence_interval":{"confidence_level":0.95,"lower_bound":10.251095539563536,"upper_bound":10.253171038817175},"point_estimate":10.25207289084391,"standard_error":0.0005288869495570306},"median":{"confidence_interval":{"confidence_level":0.95,"lower_bound":10.249508950525502,"upper_bound":10.251168321203949},"point_estimate":10.250348894751564,"standard_error":0.0004133375865134129},"median_abs_dev":{"confidence_interval":{"confidence_level":0.95,"lower_bound":0.0019143037728632253,"upper_bound":0.003849415195430369},"point_estimate":0.0029005108989089397,"standard_error":0.00048289948406969564},"slope":{"confidence_interval":{"confidence_level":0.95,"lower_bound":10.250133946507097,"upper_bound":10.252274951612094},"point_estimate":10.251137730284658,"standard_error":0.0005476977096326137},"std_dev":{"confidence_interval":{"confidence_level":0.95,"lower_bound":0.003730675075560039,"upper_bound":0.006754792909914553},"point_estimate":0.005312666809749089,"standard_error":0.0007754875593518014}}