{"mean":{"confidence_interval":{"confidence_level":0.95,"lower_bound":0.07549434875594098,"upper_bound":0.08666192332157925},"point_estimate":0.08016365106018353,"standard_error":0.0030098214150846114},"median":{"confidence_interval":{"confidence_level":0.95,"lower_bound":0.0767069276461525,"upper_bound":0.07750633221187875},"point_estimate":0.07712058409690115,"standard_error":0.00019879327399905156}}