{"mean":{"confidence_interval":{"confidence_level":0.95,"lower_bound":-0.00017189442889801998,"upper_bound":0.001581572571303446},"point_estimate":0.0006442962106660843,"standard_error":0.00046318673685817146},"median":{"confidence_interval":{"confidence_level":0.95,"lower_bound":-7.172633692431596e-6,"upper_bound":0.0005489417931922774},"point_estimate":0.00023183112433122766,"standard_error":0.00014141062888888673}}