{"mean":{"confidence_interval":{"confidence_level":0.95,"lower_bound":-0.0034606076422518976,"upper_bound":-0.0009486331010932912},"point_estimate":-0.0021828545736252147,"standard_error":0.0006331409041598995},"median":{"confidence_interval":{"confidence_level":0.95,"lower_bound":-0.003104883913226719,"upper_bound":-0.0020125300055567896},"point_estimate":-0.002620720959660039,"standard_error":0.0002692545406220634}}