{"mean":{"confidence_interval":{"confidence_level":0.95,"lower_bound":2.381618790687654,"upper_bound":2.382337397374976},"point_estimate":2.3819797841134505,"standard_error":0.000182886814328745},"median":{"confidence_interval":{"confidence_level":0.95,"lower_bound":2.3816414467911846,"upper_bound":2.3822167451112564},"point_estimate":2.381896940769032,"standard_error":0.00011917792105344795},"median_abs_dev":{"confidence_interval":{"confidence_level":0.95,"lower_bound":0.0008926360563077431,"upper_bound":0.0016007351170945403},"point_estimate":0.0012794486041153791,"standard_error":0.00017395921888200568},"slope":{"confidence_interval":{"confidence_level":0.95,"lower_bound":2.381882369651523,"upper_bound":2.3824549107656985},"point_estimate":2.3821592550307047,"standard_error":0.0001463064692256924},"std_dev":{"confidence_interval":{"confidence_level":0.95,"lower_bound":0.0014964401686462653,"upper_bound":0.002138309205359855},"point_estimate":0.0018360074035384856,"standard_error":0.00016330149028890821}}