{"mean":{"confidence_interval":{"confidence_level":0.95,"lower_bound":19.885638886070755,"upper_bound":19.897686100929416},"point_estimate":19.891000400041765,"standard_error":0.0031025708545022006},"median":{"confidence_interval":{"confidence_level":0.95,"lower_bound":19.88379530133089,"upper_bound":19.89024606124978},"point_estimate":19.887664244988866,"standard_error":0.0016188373255017349},"median_abs_dev":{"confidence_interval":{"confidence_level":0.95,"lower_bound":0.008446690173802097,"upper_bound":0.013966292159141365},"point_estimate":0.011019976788967621,"standard_error":0.0013915871225167156},"slope":{"confidence_interval":{"confidence_level":0.95,"lower_bound":19.88449219026186,"upper_bound":19.88918067610144},"point_estimate":19.886854876705797,"standard_error":0.0011933367771411064},"std_dev":{"confidence_interval":{"confidence_level":0.95,"lower_bound":0.013547174165014374,"upper_bound":0.04564179120807894},"point_estimate":0.03127270995791027,"standard_error":0.008254651648571514}}