{"mean":{"confidence_interval":{"confidence_level":0.95,"lower_bound":3.136005509925366,"upper_bound":3.1402478852769726},"point_estimate":3.137521035691533,"standard_error":0.001251781229622173},"median":{"confidence_interval":{"confidence_level":0.95,"lower_bound":3.135508899501502,"upper_bound":3.135753901456772},"point_estimate":3.1356362608348722,"standard_error":0.000060851306797182965},"median_abs_dev":{"confidence_interval":{"confidence_level":0.95,"lower_bound":0.0003264831208831548,"upper_bound":0.0006432543750440378},"point_estimate":0.00044581752210070457,"standard_error":0.00008080930936307915},"slope":{"confidence_interval":{"confidence_level":0.95,"lower_bound":3.1358918901235193,"upper_bound":3.1425243974518935},"point_estimate":3.138083249752555,"standard_error":0.0019167952128220445},"std_dev":{"confidence_interval":{"confidence_level":0.95,"lower_bound":0.0013229073468411575,"upper_bound":0.02135653672851592},"point_estimate":0.012542512801703007,"standard_error":0.007002289080612424}}