{"mean":{"confidence_interval":{"confidence_level":0.95,"lower_bound":0.07407593052616251,"upper_bound":0.07488911579052487},"point_estimate":0.07448977781068855,"standard_error":0.00020595927225861233},"median":{"confidence_interval":{"confidence_level":0.95,"lower_bound":0.07435997889811885,"upper_bound":0.07485951295189701},"point_estimate":0.07463952415454833,"standard_error":0.00012863993579167633}}