{"mean":{"confidence_interval":{"confidence_level":0.95,"lower_bound":0.08335651093148656,"upper_bound":0.08452224184213654},"point_estimate":0.08402024457914248,"standard_error":0.0003006430894977846},"median":{"confidence_interval":{"confidence_level":0.95,"lower_bound":0.08436437630203028,"upper_bound":0.08460665060172534},"point_estimate":0.08450169870587532,"standard_error":0.00006156896104666181}}