{"mean":{"confidence_interval":{"confidence_level":0.95,"lower_bound":7.729398090331908,"upper_bound":7.733040310034078},"point_estimate":7.731130237395986,"standard_error":0.000929061157968682},"median":{"confidence_interval":{"confidence_level":0.95,"lower_bound":7.727989104134696,"upper_bound":7.731212938775678},"point_estimate":7.729713327309904,"standard_error":0.0008616422313226858},"median_abs_dev":{"confidence_interval":{"confidence_level":0.95,"lower_bound":0.0055789830306117,"upper_bound":0.009079132054443296},"point_estimate":0.007617634420859923,"standard_error":0.0008876767957570837},"slope":{"confidence_interval":{"confidence_level":0.95,"lower_bound":7.7300653896157066,"upper_bound":7.73426802880716},"point_estimate":7.732038077435597,"standard_error":0.0010770353865981628},"std_dev":{"confidence_interval":{"confidence_level":0.95,"lower_bound":0.006876435148900311,"upper_bound":0.01161023962045851},"point_estimate":0.009327173350017568,"standard_error":0.0012144856944117173}}