{"mean":{"confidence_interval":{"confidence_level":0.95,"lower_bound":-0.12276331196414537,"upper_bound":-0.11741473084510702},"point_estimate":-0.12028169362870744,"standard_error":0.0013874569473146757},"median":{"confidence_interval":{"confidence_level":0.95,"lower_bound":-0.12249722331351531,"upper_bound":-0.12192322329312377},"point_estimate":-0.12226849718243271,"standard_error":0.0001535273128789133}}