{"mean":{"confidence_interval":{"confidence_level":0.95,"lower_bound":4.349002323440453,"upper_bound":4.353764565617949},"point_estimate":4.351484113048354,"standard_error":0.0012181221851765324},"median":{"confidence_interval":{"confidence_level":0.95,"lower_bound":4.356875696395974,"upper_bound":4.357457972416421},"point_estimate":4.3571581118926925,"standard_error":0.00019979831567678243},"median_abs_dev":{"confidence_interval":{"confidence_level":0.95,"lower_bound":0.0008733493109713827,"upper_bound":0.006371626067717848},"point_estimate":0.0022189110283643387,"standard_error":0.0014282381192192793},"slope":{"confidence_interval":{"confidence_level":0.95,"lower_bound":4.3457399273253285,"upper_bound":4.352105325172819},"point_estimate":4.349031627495183,"standard_error":0.0016275673436603048},"std_dev":{"confidence_interval":{"confidence_level":0.95,"lower_bound":0.009339371406219822,"upper_bound":0.014910685139548852},"point_estimate":0.012290701895266015,"standard_error":0.0014235051849772803}}