{"mean":{"confidence_interval":{"confidence_level":0.95,"lower_bound":-0.04881709052517372,"upper_bound":-0.027156122596422944},"point_estimate":-0.03754039632119277,"standard_error":0.005542280426986321},"median":{"confidence_interval":{"confidence_level":0.95,"lower_bound":-0.03792702136874049,"upper_bound":-0.02934597301542859},"point_estimate":-0.034419129509982604,"standard_error":0.0020938352000841555}}