{"mean":{"confidence_interval":{"confidence_level":0.95,"lower_bound":-0.02505453684587398,"upper_bound":-0.01365281079544541},"point_estimate":-0.02001431605726922,"standard_error":0.0028848968496363514},"median":{"confidence_interval":{"confidence_level":0.95,"lower_bound":-0.031427815381081414,"upper_bound":-0.026629110514933996},"point_estimate":-0.02903764573260026,"standard_error":0.001234592828693871}}