{"mean":{"confidence_interval":{"confidence_level":0.95,"lower_bound":0.002773184988356048,"upper_bound":0.004726483214628373},"point_estimate":0.0036374084942378815,"standard_error":0.0004902519082834979},"median":{"confidence_interval":{"confidence_level":0.95,"lower_bound":0.002774406088144821,"upper_bound":0.0034868118146437308},"point_estimate":0.003193903747451765,"standard_error":0.00018715529290508318}}