{"mean":{"confidence_interval":{"confidence_level":0.95,"lower_bound":-0.04117230898140998,"upper_bound":-0.002928218240707604},"point_estimate":-0.017967906050414872,"standard_error":0.010190737187167082},"median":{"confidence_interval":{"confidence_level":0.95,"lower_bound":-0.001615115963759295,"upper_bound":-0.0006067025835936324},"point_estimate":-0.0009499573818545493,"standard_error":0.00027745211101051054}}