{"mean":{"confidence_interval":{"confidence_level":0.95,"lower_bound":7.323088663256334,"upper_bound":7.329419692948046},"point_estimate":7.326194224740341,"standard_error":0.001613031070952862},"median":{"confidence_interval":{"confidence_level":0.95,"lower_bound":7.32392835620363,"upper_bound":7.327590094878763},"point_estimate":7.325095809024857,"standard_error":0.0008515580432107785},"median_abs_dev":{"confidence_interval":{"confidence_level":0.95,"lower_bound":0.0053840785873902775,"upper_bound":0.009588051761471093},"point_estimate":0.0071839402812598156,"standard_error":0.001077050919937194},"slope":{"confidence_interval":{"confidence_level":0.95,"lower_bound":7.326420481805465,"upper_bound":7.3314274071069265},"point_estimate":7.328754168060018,"standard_error":0.0012852037409914574},"std_dev":{"confidence_interval":{"confidence_level":0.95,"lower_bound":0.01275819046698178,"upper_bound":0.019342652620215596},"point_estimate":0.016270482552913353,"standard_error":0.001679731605331636}}