{"mean":{"confidence_interval":{"confidence_level":0.95,"lower_bound":-0.007922686104508152,"upper_bound":0.0052659116570772475},"point_estimate":-0.002359264676259909,"standard_error":0.0033832877471288375},"median":{"confidence_interval":{"confidence_level":0.95,"lower_bound":-0.007456771435491616,"upper_bound":-0.006377817818694731},"point_estimate":-0.007042984243133654,"standard_error":0.0002803580660156336}}