{"mean":{"confidence_interval":{"confidence_level":0.95,"lower_bound":3.1934879982522633,"upper_bound":3.1940363503765403},"point_estimate":3.1937400997224303,"standard_error":0.00014020410541191588},"median":{"confidence_interval":{"confidence_level":0.95,"lower_bound":3.1932100907556302,"upper_bound":3.1933410601592174},"point_estimate":3.1932908475665487,"standard_error":0.00003334896562823171},"median_abs_dev":{"confidence_interval":{"confidence_level":0.95,"lower_bound":0.00016213748710584724,"upper_bound":0.0003174310683139016},"point_estimate":0.00023408716316362927,"standard_error":0.000038696070318567873},"slope":{"confidence_interval":{"confidence_level":0.95,"lower_bound":3.1933114815724752,"upper_bound":3.193931616333432},"point_estimate":3.193580358329642,"standard_error":0.00016008844244525284},"std_dev":{"confidence_interval":{"confidence_level":0.95,"lower_bound":0.0008512520597917909,"upper_bound":0.0018596237639773628},"point_estimate":0.0014015470622857453,"standard_error":0.00025721522637338026}}