{"mean":{"confidence_interval":{"confidence_level":0.95,"lower_bound":5.758066486569361,"upper_bound":5.760583410104098},"point_estimate":5.759221285044042,"standard_error":0.0006465757507772787},"median":{"confidence_interval":{"confidence_level":0.95,"lower_bound":5.756603009634679,"upper_bound":5.757469545559598},"point_estimate":5.757081510593012,"standard_error":0.0002691048997302161},"median_abs_dev":{"confidence_interval":{"confidence_level":0.95,"lower_bound":0.0010456408825401638,"upper_bound":0.002188784651007762},"point_estimate":0.001517508398353206,"standard_error":0.00033790325143823993},"slope":{"confidence_interval":{"confidence_level":0.95,"lower_bound":5.757519091816873,"upper_bound":5.759423099102281},"point_estimate":5.75841767916829,"standard_error":0.0004882378720176619},"std_dev":{"confidence_interval":{"confidence_level":0.95,"lower_bound":0.0035174483999463545,"upper_bound":0.008978910587143157},"point_estimate":0.006513435735164136,"standard_error":0.0013955105119439835}}