{"mean":{"confidence_interval":{"confidence_level":0.95,"lower_bound":-0.003948219412931481,"upper_bound":0.0071764535095078736},"point_estimate":0.0015318446982308664,"standard_error":0.0028538030732477935},"median":{"confidence_interval":{"confidence_level":0.95,"lower_bound":-0.002764000899512342,"upper_bound":0.00742474567390472},"point_estimate":0.0006693770157690793,"standard_error":0.002746108839048788}}