{"mean":{"confidence_interval":{"confidence_level":0.95,"lower_bound":-0.014163531644562355,"upper_bound":-0.0019915255410201103},"point_estimate":-0.0068231736402628584,"standard_error":0.0032089609304678164},"median":{"confidence_interval":{"confidence_level":0.95,"lower_bound":-0.0004773611053923681,"upper_bound":-0.00018081451601215104},"point_estimate":-0.00035422947297780727,"standard_error":0.00007368706189067873}}