{"mean":{"confidence_interval":{"confidence_level":0.95,"lower_bound":-0.04675463367327,"upper_bound":-0.006136311523853749},"point_estimate":-0.025044885308927456,"standard_error":0.01042752752172779},"median":{"confidence_interval":{"confidence_level":0.95,"lower_bound":-0.007726448089116045,"upper_bound":-0.0037352181678025342},"point_estimate":-0.00472213845540248,"standard_error":0.0010880403610797527}}