{"mean":{"confidence_interval":{"confidence_level":0.95,"lower_bound":8.704236168713647,"upper_bound":8.7187419847467},"point_estimate":8.712043844730056,"standard_error":0.003714631012061074},"median":{"confidence_interval":{"confidence_level":0.95,"lower_bound":8.72467950651707,"upper_bound":8.72554101581871},"point_estimate":8.725163249069121,"standard_error":0.00024379277662783154},"median_abs_dev":{"confidence_interval":{"confidence_level":0.95,"lower_bound":0.0017486562265268764,"upper_bound":0.004225176023251381},"point_estimate":0.0024247815668988343,"standard_error":0.0006850109998161176},"slope":{"confidence_interval":{"confidence_level":0.95,"lower_bound":8.703048094328656,"upper_bound":8.716489915678078},"point_estimate":8.70998225284713,"standard_error":0.003422913308026254},"std_dev":{"confidence_interval":{"confidence_level":0.95,"lower_bound":0.02230762892896413,"upper_bound":0.05036318786457915},"point_estimate":0.0374280616692122,"standard_error":0.007174054665085217}}