{"mean":{"confidence_interval":{"confidence_level":0.95,"lower_bound":3.6735721755793462,"upper_bound":3.6741201104080634},"point_estimate":3.6738281647507285,"standard_error":0.00014042542214838785},"median":{"confidence_interval":{"confidence_level":0.95,"lower_bound":3.6732596492399705,"upper_bound":3.673831634691134},"point_estimate":3.673678352476271,"standard_error":0.00013123462808072123},"median_abs_dev":{"confidence_interval":{"confidence_level":0.95,"lower_bound":0.0006307708127639604,"upper_bound":0.0010098494396761416},"point_estimate":0.0008958047416610264,"standard_error":0.00009081469861196055},"slope":{"confidence_interval":{"confidence_level":0.95,"lower_bound":3.6732230879593644,"upper_bound":3.674140061799991},"point_estimate":3.6736233177538495,"standard_error":0.00023648599509595202},"std_dev":{"confidence_interval":{"confidence_level":0.95,"lower_bound":0.0009171161411782961,"upper_bound":0.0018123769960928671},"point_estimate":0.001417463694632574,"standard_error":0.00022568279737951558}}