{"mean":{"confidence_interval":{"confidence_level":0.95,"lower_bound":0.0023681325056154,"upper_bound":0.011426315894327794},"point_estimate":0.006423113706286898,"standard_error":0.0024079129743398773},"median":{"confidence_interval":{"confidence_level":0.95,"lower_bound":-0.0005716163121848306,"upper_bound":0.00015026550392183147},"point_estimate":-0.000265481883356955,"standard_error":0.0001888400910325749}}