{"mean":{"confidence_interval":{"confidence_level":0.95,"lower_bound":-0.010465179985074444,"upper_bound":0.00014395737695766927},"point_estimate":-0.0044913210345444154,"standard_error":0.0027319658014329762},"median":{"confidence_interval":{"confidence_level":0.95,"lower_bound":-0.006088392601370729,"upper_bound":-0.0010981058571261082},"point_estimate":-0.003315884635501032,"standard_error":0.0014523018312547747}}