{"mean":{"confidence_interval":{"confidence_level":0.95,"lower_bound":-0.024002017370795332,"upper_bound":-0.01632758506092944},"point_estimate":-0.020304429776919375,"standard_error":0.0019277884305942345},"median":{"confidence_interval":{"confidence_level":0.95,"lower_bound":-0.023214839698464607,"upper_bound":-0.02225438365054455},"point_estimate":-0.02276200693985808,"standard_error":0.00024907718559556507}}