{"mean":{"confidence_interval":{"confidence_level":0.95,"lower_bound":-0.0014989555110757882,"upper_bound":0.00039568346294714397},"point_estimate":-0.00046309928272758594,"standard_error":0.00048665319462412344},"median":{"confidence_interval":{"confidence_level":0.95,"lower_bound":-0.0003258439928920387,"upper_bound":0.000274704219202615},"point_estimate":-0.00008229200135956294,"standard_error":0.00015335196614257008}}