{"mean":{"confidence_interval":{"confidence_level":0.95,"lower_bound":-0.01659690256931014,"upper_bound":-0.00925407243802416},"point_estimate":-0.01297952887819187,"standard_error":0.001873662408525697},"median":{"confidence_interval":{"confidence_level":0.95,"lower_bound":-0.01854561470382174,"upper_bound":-0.008888143758600416},"point_estimate":-0.012179764082135058,"standard_error":0.0025746098004316813}}