{"mean":{"confidence_interval":{"confidence_level":0.95,"lower_bound":-0.00726460722395624,"upper_bound":0.0013099613865613067},"point_estimate":-0.0020584132661123355,"standard_error":0.002278582472772113},"median":{"confidence_interval":{"confidence_level":0.95,"lower_bound":0.0007466201643031578,"upper_bound":0.0016910410335253534},"point_estimate":0.0012723446397613358,"standard_error":0.00023583615517923433}}