{"mean":{"confidence_interval":{"confidence_level":0.95,"lower_bound":-0.0007679502668273802,"upper_bound":0.0007052214626458551},"point_estimate":-0.00003736507801277433,"standard_error":0.0003789295643752085},"median":{"confidence_interval":{"confidence_level":0.95,"lower_bound":-0.00039555426343529376,"upper_bound":0.0002069588609598938},"point_estimate":-0.00019980169903432987,"standard_error":0.0001516390130559559}}