{"mean":{"confidence_interval":{"confidence_level":0.95,"lower_bound":-0.012614886621169087,"upper_bound":-0.0057751084975502555},"point_estimate":-0.008540568626173695,"standard_error":0.0017940467553893345},"median":{"confidence_interval":{"confidence_level":0.95,"lower_bound":-0.006912423022877605,"upper_bound":-0.0061214988009994364},"point_estimate":-0.006465369698520296,"standard_error":0.00019942086459175836}}