{"mean":{"confidence_interval":{"confidence_level":0.95,"lower_bound":0.00495485743074372,"upper_bound":0.008291125859184753},"point_estimate":0.00656479259435816,"standard_error":0.0008505107066626946},"median":{"confidence_interval":{"confidence_level":0.95,"lower_bound":0.0014251251396151243,"upper_bound":0.004254164946550176},"point_estimate":0.003131489962532763,"standard_error":0.0008375846125880229}}