{"mean":{"confidence_interval":{"confidence_level":0.95,"lower_bound":5.538827222838064,"upper_bound":5.54802684977564},"point_estimate":5.543096697697804,"standard_error":0.0023514712502218206},"median":{"confidence_interval":{"confidence_level":0.95,"lower_bound":5.5336974010965125,"upper_bound":5.53478228035041},"point_estimate":5.533999116143252,"standard_error":0.0002869671160674945},"median_abs_dev":{"confidence_interval":{"confidence_level":0.95,"lower_bound":0.0012963934712845876,"upper_bound":0.0028456636438515125},"point_estimate":0.001809457267985982,"standard_error":0.00040402280456104726},"slope":{"confidence_interval":{"confidence_level":0.95,"lower_bound":5.535482461282462,"upper_bound":5.539014948606344},"point_estimate":5.537094052948874,"standard_error":0.0009026978568904209},"std_dev":{"confidence_interval":{"confidence_level":0.95,"lower_bound":0.014964097817204657,"upper_bound":0.030498385587434517},"point_estimate":0.02364574996027027,"standard_error":0.003952924748166087}}