{"mean":{"confidence_interval":{"confidence_level":0.95,"lower_bound":-0.008589635767631111,"upper_bound":-0.0018265263711983646},"point_estimate":-0.004777776411688639,"standard_error":0.001738704568667792},"median":{"confidence_interval":{"confidence_level":0.95,"lower_bound":-0.001612885915622586,"upper_bound":-0.0009087578960029763},"point_estimate":-0.0012759999984308656,"standard_error":0.00018484374583323192}}