{"mean":{"confidence_interval":{"confidence_level":0.95,"lower_bound":-0.005531703655924427,"upper_bound":0.0024878729312351223},"point_estimate":-0.0015456641798942128,"standard_error":0.0020519497287711415},"median":{"confidence_interval":{"confidence_level":0.95,"lower_bound":-0.0024074632664672357,"upper_bound":0.000041699023258345846},"point_estimate":-0.000768981967545268,"standard_error":0.0006414721401394807}}