{"mean":{"confidence_interval":{"confidence_level":0.95,"lower_bound":-0.0001810081780310918,"upper_bound":0.0021170939989989092},"point_estimate":0.0009236815431301615,"standard_error":0.0005745997081775237},"median":{"confidence_interval":{"confidence_level":0.95,"lower_bound":-0.0004002474918362031,"upper_bound":0.000368413373860621},"point_estimate":-1.6287447764939955e-6,"standard_error":0.0001906092069858031}}