{"mean":{"confidence_interval":{"confidence_level":0.95,"lower_bound":16.391268959976923,"upper_bound":16.400111607612},"point_estimate":16.394971416062273,"standard_error":0.0023078555552602576},"median":{"confidence_interval":{"confidence_level":0.95,"lower_bound":16.387854388048808,"upper_bound":16.389897455007606},"point_estimate":16.388338300153464,"standard_error":0.00048413027493126193},"median_abs_dev":{"confidence_interval":{"confidence_level":0.95,"lower_bound":0.002502372340139113,"upper_bound":0.005092268392031291},"point_estimate":0.0034801826720651003,"standard_error":0.0006469715539246236},"slope":{"confidence_interval":{"confidence_level":0.95,"lower_bound":16.38907423623044,"upper_bound":16.392585371669938},"point_estimate":16.39071681009471,"standard_error":0.0008981397810163848},"std_dev":{"confidence_interval":{"confidence_level":0.95,"lower_bound":0.008512843134217797,"upper_bound":0.036647935772554284},"point_estimate":0.023182964376240726,"standard_error":0.008500154583292206}}