{"mean":{"confidence_interval":{"confidence_level":0.95,"lower_bound":-0.007547314078688689,"upper_bound":0.00579362824854913},"point_estimate":-0.001096935024931911,"standard_error":0.0032489749049718253},"median":{"confidence_interval":{"confidence_level":0.95,"lower_bound":-0.0006676424751591581,"upper_bound":0.00011802717204245639},"point_estimate":-0.0003020108018295664,"standard_error":0.0001937656580468782}}