{"mean":{"confidence_interval":{"confidence_level":0.95,"lower_bound":-0.0020154849787285957,"upper_bound":0.0009394526334500325},"point_estimate":-0.00047289166648711856,"standard_error":0.000753779326368484},"median":{"confidence_interval":{"confidence_level":0.95,"lower_bound":-0.00043118018209698216,"upper_bound":0.000309379990637515},"point_estimate":-0.00007216027675438497,"standard_error":0.00018715432718348962}}