{"mean":{"confidence_interval":{"confidence_level":0.95,"lower_bound":0.12790945020923913,"upper_bound":0.18569664542249048},"point_estimate":0.15633711620732305,"standard_error":0.014753850105426779},"median":{"confidence_interval":{"confidence_level":0.95,"lower_bound":0.040270407953597376,"upper_bound":0.3045547512045943},"point_estimate":0.27774350747820353,"standard_error":0.08097944982458917}}