{"mean":{"confidence_interval":{"confidence_level":0.95,"lower_bound":-0.0007399421416811435,"upper_bound":0.0008992514423735774},"point_estimate":0.00007157035024252245,"standard_error":0.0004172302878040249},"median":{"confidence_interval":{"confidence_level":0.95,"lower_bound":-0.00023737836998538597,"upper_bound":0.00034446504474283657},"point_estimate":0.00008540385669997264,"standard_error":0.0001483785421608368}}