{"mean":{"confidence_interval":{"confidence_level":0.95,"lower_bound":-0.003807665209002277,"upper_bound":0.048820155426768104},"point_estimate":0.01794225067792299,"standard_error":0.013856759009656279},"median":{"confidence_interval":{"confidence_level":0.95,"lower_bound":-0.0005616722680441719,"upper_bound":0.00010014801254231608},"point_estimate":-0.0002635439630891412,"standard_error":0.00017084302783185523}}