{"mean":{"confidence_interval":{"confidence_level":0.95,"lower_bound":-0.014295670353165032,"upper_bound":-0.0025681544854961463},"point_estimate":-0.007715308480598426,"standard_error":0.0030182335793702284},"median":{"confidence_interval":{"confidence_level":0.95,"lower_bound":-0.008237621330103417,"upper_bound":-0.00008102054508918322},"point_estimate":-0.004511730890928378,"standard_error":0.0020601531007612413}}