{"mean":{"confidence_interval":{"confidence_level":0.95,"lower_bound":-0.03539880579996782,"upper_bound":-0.000866231800686463},"point_estimate":-0.015293234211822049,"standard_error":0.008920621115627492},"median":{"confidence_interval":{"confidence_level":0.95,"lower_bound":-0.0008925960776677844,"upper_bound":-0.0004540683583112992},"point_estimate":-0.0006503879244434962,"standard_error":0.00011026867889823125}}