{"mean":{"confidence_interval":{"confidence_level":0.95,"lower_bound":-0.14824272704391475,"upper_bound":-0.14107498139832345},"point_estimate":-0.14496431612970184,"standard_error":0.001806811160600823},"median":{"confidence_interval":{"confidence_level":0.95,"lower_bound":-0.14781849616769793,"upper_bound":-0.14718667002726893},"point_estimate":-0.14751397592695237,"standard_error":0.00016038308192102384}}