{"mean":{"confidence_interval":{"confidence_level":0.95,"lower_bound":-0.011830166073316403,"upper_bound":0.006218415545733177},"point_estimate":-0.0031586712123873317,"standard_error":0.004578955069241112},"median":{"confidence_interval":{"confidence_level":0.95,"lower_bound":-0.0199383343491919,"upper_bound":-0.0030116972225296967},"point_estimate":-0.010139319233642419,"standard_error":0.0040337103649773715}}