{"mean":{"confidence_interval":{"confidence_level":0.95,"lower_bound":0.049291514624072455,"upper_bound":0.059582134405189655},"point_estimate":0.05432504351308087,"standard_error":0.002746383208165554},"median":{"confidence_interval":{"confidence_level":0.95,"lower_bound":0.0474633686131676,"upper_bound":0.04867254309074864},"point_estimate":0.04801521613405835,"standard_error":0.0003254680794042045}}