{"mean":{"confidence_interval":{"confidence_level":0.95,"lower_bound":16.69795787498305,"upper_bound":16.701997746287507},"point_estimate":16.699774682269034,"standard_error":0.0010340150259241167},"median":{"confidence_interval":{"confidence_level":0.95,"lower_bound":16.696645682377795,"upper_bound":16.698219328557187},"point_estimate":16.697375256946362,"standard_error":0.00040836120254368743},"median_abs_dev":{"confidence_interval":{"confidence_level":0.95,"lower_bound":0.0023953392108487285,"upper_bound":0.004092356658210092},"point_estimate":0.00309511860210846,"standard_error":0.0004314636425055469},"slope":{"confidence_interval":{"confidence_level":0.95,"lower_bound":16.69742794621128,"upper_bound":16.699861603932487},"point_estimate":16.698546428648744,"standard_error":0.000623809295785418},"std_dev":{"confidence_interval":{"confidence_level":0.95,"lower_bound":0.005307213552767648,"upper_bound":0.014545049967254727},"point_estimate":0.0103978638494434,"standard_error":0.002347697964413122}}