{"mean":{"confidence_interval":{"confidence_level":0.95,"lower_bound":-0.0009984656565070469,"upper_bound":0.001825302210669949},"point_estimate":0.00027048285442843323,"standard_error":0.0007277012397621527},"median":{"confidence_interval":{"confidence_level":0.95,"lower_bound":-0.0005260083128495463,"upper_bound":0.00017014699251194365},"point_estimate":-0.0002318327856469793,"standard_error":0.0001805618302778614}}