{"mean":{"confidence_interval":{"confidence_level":0.95,"lower_bound":-0.0007994356889365893,"upper_bound":0.000792988863604249},"point_estimate":-9.525768710938465e-6,"standard_error":0.00040466163264846764},"median":{"confidence_interval":{"confidence_level":0.95,"lower_bound":-0.00020561479624647827,"upper_bound":0.0004546564211460602},"point_estimate":0.00013639189472547386,"standard_error":0.000163981104585825}}