{"mean":{"confidence_interval":{"confidence_level":0.95,"lower_bound":-0.013678108871554684,"upper_bound":-0.011975285319074686},"point_estimate":-0.012782544584837852,"standard_error":0.0004336241046546481},"median":{"confidence_interval":{"confidence_level":0.95,"lower_bound":-0.012625619847056369,"upper_bound":-0.011964612163613718},"point_estimate":-0.012256445427285101,"standard_error":0.00017016085145142956}}