{"mean":{"confidence_interval":{"confidence_level":0.95,"lower_bound":-0.0005204475111183741,"upper_bound":0.0008904830843087018},"point_estimate":0.0001670528496635626,"standard_error":0.0003620499795898503},"median":{"confidence_interval":{"confidence_level":0.95,"lower_bound":-0.00041114545175289217,"upper_bound":0.0003195327917040469},"point_estimate":-0.00009783829951826029,"standard_error":0.00018700927320906236}}