{"mean":{"confidence_interval":{"confidence_level":0.95,"lower_bound":-0.00009905447769425193,"upper_bound":0.0019976502405806835},"point_estimate":0.001015846234328155,"standard_error":0.0005348433765991235},"median":{"confidence_interval":{"confidence_level":0.95,"lower_bound":0.0006304044709652956,"upper_bound":0.0017626975855051796},"point_estimate":0.0010987968648081825,"standard_error":0.0002976049559259533}}