{"mean":{"confidence_interval":{"confidence_level":0.95,"lower_bound":0.02709167236593695,"upper_bound":0.03264511784727378},"point_estimate":0.029963201885450985,"standard_error":0.0014141376051218834},"median":{"confidence_interval":{"confidence_level":0.95,"lower_bound":0.031312999958775345,"upper_bound":0.03275586268665376},"point_estimate":0.032189527077246094,"standard_error":0.00039610304083291195}}