{"mean":{"confidence_interval":{"confidence_level":0.95,"lower_bound":-0.0013739842079790092,"upper_bound":0.0007246063550658931},"point_estimate":-0.00027000560271506213,"standard_error":0.0005334541957949654},"median":{"confidence_interval":{"confidence_level":0.95,"lower_bound":-0.0004168130203144882,"upper_bound":0.00036397894968542843},"point_estimate":-0.000027779474971789675,"standard_error":0.00019843841629800223}}