{"mean":{"confidence_interval":{"confidence_level":0.95,"lower_bound":0.03982802015029961,"upper_bound":0.04040168763605485},"point_estimate":0.04009141853513465,"standard_error":0.00014419588121447578},"median":{"confidence_interval":{"confidence_level":0.95,"lower_bound":0.03980579850208943,"upper_bound":0.040101284403117},"point_estimate":0.03993592311016436,"standard_error":0.0000746627442131276}}