{"mean":{"confidence_interval":{"confidence_level":0.95,"lower_bound":15.199055662268067,"upper_bound":15.206396480037318},"point_estimate":15.202472572921126,"standard_error":0.0018790060025301982},"median":{"confidence_interval":{"confidence_level":0.95,"lower_bound":15.1944308019727,"upper_bound":15.196662769330473},"point_estimate":15.195128645230039,"standard_error":0.0005644064319786078},"median_abs_dev":{"confidence_interval":{"confidence_level":0.95,"lower_bound":0.0023301803861385494,"upper_bound":0.005802427915896501},"point_estimate":0.0035799593813038507,"standard_error":0.00091056558612875},"slope":{"confidence_interval":{"confidence_level":0.95,"lower_bound":15.196191065863935,"upper_bound":15.20193077095973},"point_estimate":15.198963349154921,"standard_error":0.0014626713810406901},"std_dev":{"confidence_interval":{"confidence_level":0.95,"lower_bound":0.012552522477246864,"upper_bound":0.025233300726625853},"point_estimate":0.018898504064672653,"standard_error":0.003327269240264172}}