{"mean":{"confidence_interval":{"confidence_level":0.95,"lower_bound":-0.002537093376071353,"upper_bound":0.0016442952761007259},"point_estimate":-0.0005499909401817105,"standard_error":0.0010653962428294752},"median":{"confidence_interval":{"confidence_level":0.95,"lower_bound":-0.0011797367602168762,"upper_bound":-0.0005516844324694459},"point_estimate":-0.0007146821533735581,"standard_error":0.00016619973356153014}}