{"mean":{"confidence_interval":{"confidence_level":0.95,"lower_bound":-0.011769373870815033,"upper_bound":0.002878433579621669},"point_estimate":-0.003195501574456361,"standard_error":0.0038539775163252297},"median":{"confidence_interval":{"confidence_level":0.95,"lower_bound":0.00026434617344683886,"upper_bound":0.0011994752543365017},"point_estimate":0.0007099237127174973,"standard_error":0.00024305933258989899}}