{"mean":{"confidence_interval":{"confidence_level":0.95,"lower_bound":-0.02040175857307367,"upper_bound":-0.01704618717660431},"point_estimate":-0.018661411481362133,"standard_error":0.0008544862581892448},"median":{"confidence_interval":{"confidence_level":0.95,"lower_bound":-0.01850735827176886,"upper_bound":-0.013614041182437697},"point_estimate":-0.01501289856068011,"standard_error":0.0011650898198650667}}