{"mean":{"confidence_interval":{"confidence_level":0.95,"lower_bound":12.557021610401709,"upper_bound":12.56076620681473},"point_estimate":12.558656683749488,"standard_error":0.0009624751746621995},"median":{"confidence_interval":{"confidence_level":0.95,"lower_bound":12.555414528399972,"upper_bound":12.55573854583057},"point_estimate":12.555604205887064,"standard_error":0.00008578252382035042},"median_abs_dev":{"confidence_interval":{"confidence_level":0.95,"lower_bound":0.0004822512900130335,"upper_bound":0.0011877253744961502},"point_estimate":0.0008040097492808117,"standard_error":0.00019311169424393872},"slope":{"confidence_interval":{"confidence_level":0.95,"lower_bound":12.556435686144608,"upper_bound":12.559203537147013},"point_estimate":12.557713973385697,"standard_error":0.0007099882181774786},"std_dev":{"confidence_interval":{"confidence_level":0.95,"lower_bound":0.004663220318838428,"upper_bound":0.014537530709698697},"point_estimate":0.009708505829607103,"standard_error":0.0027995617567199323}}