{"mean":{"confidence_interval":{"confidence_level":0.95,"lower_bound":3.4196543059008553,"upper_bound":3.420696063795788},"point_estimate":3.4201145674500526,"standard_error":0.00026746549815421773},"median":{"confidence_interval":{"confidence_level":0.95,"lower_bound":3.4189864454773335,"upper_bound":3.4195048457161317},"point_estimate":3.4190683583123245,"standard_error":0.00013704057073753455},"median_abs_dev":{"confidence_interval":{"confidence_level":0.95,"lower_bound":0.000373343930088457,"upper_bound":0.0010249187735208098},"point_estimate":0.0005783682125690599,"standard_error":0.0001689340885794289},"slope":{"confidence_interval":{"confidence_level":0.95,"lower_bound":3.4194092288603426,"upper_bound":3.420217081445809},"point_estimate":3.4197826044591655,"standard_error":0.00020702849570264795},"std_dev":{"confidence_interval":{"confidence_level":0.95,"lower_bound":0.001426980890326706,"upper_bound":0.003942497777015716},"point_estimate":0.002686179900590244,"standard_error":0.0007091509658030886}}