{"mean":{"confidence_interval":{"confidence_level":0.95,"lower_bound":7.627727340505848,"upper_bound":7.6299426369364225},"point_estimate":7.628781313025272,"standard_error":0.0005662045502463323},"median":{"confidence_interval":{"confidence_level":0.95,"lower_bound":7.626018336468555,"upper_bound":7.62774846420534},"point_estimate":7.626671193427558,"standard_error":0.0003613604776359608},"median_abs_dev":{"confidence_interval":{"confidence_level":0.95,"lower_bound":0.0017878841703548617,"upper_bound":0.0037840878224567457},"point_estimate":0.002416960366208096,"standard_error":0.00045725709500394555},"slope":{"confidence_interval":{"confidence_level":0.95,"lower_bound":7.6272729809134985,"upper_bound":7.6301278299680355},"point_estimate":7.628582858363001,"standard_error":0.0007325508598881394},"std_dev":{"confidence_interval":{"confidence_level":0.95,"lower_bound":0.004407058992686514,"upper_bound":0.006797228007150453},"point_estimate":0.005705881874004483,"standard_error":0.0006101786338084238}}