{"mean":{"confidence_interval":{"confidence_level":0.95,"lower_bound":8.642789449495535,"upper_bound":8.692040168558247},"point_estimate":8.666727348493039,"standard_error":0.012544316223588554},"median":{"confidence_interval":{"confidence_level":0.95,"lower_bound":8.57984235853384,"upper_bound":8.656519768834883},"point_estimate":8.635202886312102,"standard_error":0.019042392578917367},"median_abs_dev":{"confidence_interval":{"confidence_level":0.95,"lower_bound":0.030751848539388345,"upper_bound":0.14139758022399465},"point_estimate":0.11084120100152473,"standard_error":0.027664174766391103},"slope":{"confidence_interval":{"confidence_level":0.95,"lower_bound":8.64291235420095,"upper_bound":8.688044611744827},"point_estimate":8.664681051255108,"standard_error":0.011511700399050336},"std_dev":{"confidence_interval":{"confidence_level":0.95,"lower_bound":0.1049188421990298,"upper_bound":0.1447524121173382},"point_estimate":0.12612819293758798,"standard_error":0.010144395367466813}}