{"mean":{"confidence_interval":{"confidence_level":0.95,"lower_bound":5.952133718254796,"upper_bound":5.999902876008273},"point_estimate":5.971114224278656,"standard_error":0.012588636128304943},"median":{"confidence_interval":{"confidence_level":0.95,"lower_bound":5.941560635467678,"upper_bound":5.945360458498042},"point_estimate":5.943690580552683,"standard_error":0.001092154444918901},"median_abs_dev":{"confidence_interval":{"confidence_level":0.95,"lower_bound":0.004632216700740871,"upper_bound":0.009698227614298924},"point_estimate":0.007020187319205734,"standard_error":0.0013889930295898935},"slope":{"confidence_interval":{"confidence_level":0.95,"lower_bound":5.9436167428208275,"upper_bound":5.947556577213535},"point_estimate":5.945390563648085,"standard_error":0.0010055316346845328},"std_dev":{"confidence_interval":{"confidence_level":0.95,"lower_bound":0.03305467148749115,"upper_bound":0.20668423310992992},"point_estimate":0.12654926478449732,"standard_error":0.05356618365091106}}