{"mean":{"confidence_interval":{"confidence_level":0.95,"lower_bound":12.977157231528032,"upper_bound":12.98814183139422},"point_estimate":12.982663462444402,"standard_error":0.0027970096569753366},"median":{"confidence_interval":{"confidence_level":0.95,"lower_bound":12.976242988471945,"upper_bound":12.983120531937741},"point_estimate":12.980385092600468,"standard_error":0.0019112859634577537},"median_abs_dev":{"confidence_interval":{"confidence_level":0.95,"lower_bound":0.011494663690534116,"upper_bound":0.023221646657052463},"point_estimate":0.017568820649629585,"standard_error":0.0030768470468085815},"slope":{"confidence_interval":{"confidence_level":0.95,"lower_bound":12.981008090944318,"upper_bound":12.990317222863611},"point_estimate":12.985436887761127,"standard_error":0.0023753933610549363},"std_dev":{"confidence_interval":{"confidence_level":0.95,"lower_bound":0.022852656703003776,"upper_bound":0.03290005061187825},"point_estimate":0.028152068707989673,"standard_error":0.0025597285515216034}}