{"mean":{"confidence_interval":{"confidence_level":0.95,"lower_bound":3.475917506606652,"upper_bound":3.4827839101424845},"point_estimate":3.478382219825192,"standard_error":0.0019837961871140702},"median":{"confidence_interval":{"confidence_level":0.95,"lower_bound":3.4754450445037337,"upper_bound":3.475947831622698},"point_estimate":3.475592718590836,"standard_error":0.00012243996634551732},"median_abs_dev":{"confidence_interval":{"confidence_level":0.95,"lower_bound":0.0007726604461665864,"upper_bound":0.0014438788060923947},"point_estimate":0.0010761326902213706,"standard_error":0.00016559176728278056},"slope":{"confidence_interval":{"confidence_level":0.95,"lower_bound":3.47565300977733,"upper_bound":3.4765082439064936},"point_estimate":3.476046726417236,"standard_error":0.00021807239906224916},"std_dev":{"confidence_interval":{"confidence_level":0.95,"lower_bound":0.001551190723280084,"upper_bound":0.03381196581123774},"point_estimate":0.019896007775664696,"standard_error":0.010851221271445161}}