{"mean":{"confidence_interval":{"confidence_level":0.95,"lower_bound":-0.04004502067579429,"upper_bound":-0.0031208055277583235},"point_estimate":-0.018315698550595783,"standard_error":0.009740323341098735},"median":{"confidence_interval":{"confidence_level":0.95,"lower_bound":-0.0015712747734403232,"upper_bound":-0.0008003667673771586},"point_estimate":-0.0011292581619153363,"standard_error":0.00020650662803107752}}