{"mean":{"confidence_interval":{"confidence_level":0.95,"lower_bound":-0.001719859490895001,"upper_bound":0.0002876313642884373},"point_estimate":-0.0006330476275674402,"standard_error":0.0005112123865517727},"median":{"confidence_interval":{"confidence_level":0.95,"lower_bound":-0.00032475479372529037,"upper_bound":0.00022144261715477908},"point_estimate":-0.00007834050693433792,"standard_error":0.00013593304220969722}}