{"mean":{"confidence_interval":{"confidence_level":0.95,"lower_bound":0.27291928572289353,"upper_bound":0.37732868369326406},"point_estimate":0.32361924737337766,"standard_error":0.027375339386876724},"median":{"confidence_interval":{"confidence_level":0.95,"lower_bound":0.16156898873167358,"upper_bound":0.16768133150552256},"point_estimate":0.1626720431198394,"standard_error":0.004203043762964068}}