{"mean":{"confidence_interval":{"confidence_level":0.95,"lower_bound":-0.0023685034605090247,"upper_bound":0.006760134302781286},"point_estimate":0.0013040286265109113,"standard_error":0.0024190386644591844},"median":{"confidence_interval":{"confidence_level":0.95,"lower_bound":-0.0003351852422518307,"upper_bound":0.0021008285806869476},"point_estimate":0.0010340107598412196,"standard_error":0.0006291577353915157}}