{"mean":{"confidence_interval":{"confidence_level":0.95,"lower_bound":0.005924248870212098,"upper_bound":0.015027388923440481},"point_estimate":0.009793080021617717,"standard_error":0.0023630227156814674},"median":{"confidence_interval":{"confidence_level":0.95,"lower_bound":0.00789732467593418,"upper_bound":0.009841195920149204},"point_estimate":0.008984206389813565,"standard_error":0.0004635425025353768}}