{"mean":{"confidence_interval":{"confidence_level":0.95,"lower_bound":8.793954118839709,"upper_bound":8.807848055917136},"point_estimate":8.800329881281204,"standard_error":0.0035509877187707103},"median":{"confidence_interval":{"confidence_level":0.95,"lower_bound":8.791594664741396,"upper_bound":8.797052046017688},"point_estimate":8.794234155370084,"standard_error":0.0013988147908615353},"median_abs_dev":{"confidence_interval":{"confidence_level":0.95,"lower_bound":0.00892479002445587,"upper_bound":0.015776397879877797},"point_estimate":0.012345270401787548,"standard_error":0.001773157099133214},"slope":{"confidence_interval":{"confidence_level":0.95,"lower_bound":8.796767011805406,"upper_bound":8.819488043212733},"point_estimate":8.806617098047662,"standard_error":0.005881258007675745},"std_dev":{"confidence_interval":{"confidence_level":0.95,"lower_bound":0.02034545061167883,"upper_bound":0.04980509609562782},"point_estimate":0.03571259310834845,"standard_error":0.007677138131207652}}