{"mean":{"confidence_interval":{"confidence_level":0.95,"lower_bound":-0.015493433475240672,"upper_bound":-0.004760255357014923},"point_estimate":-0.010162432494560059,"standard_error":0.0027497218042481443},"median":{"confidence_interval":{"confidence_level":0.95,"lower_bound":-0.012353326387804175,"upper_bound":-0.011542489396588307},"point_estimate":-0.011957922625274509,"standard_error":0.00021744313474188822}}