{"mean":{"confidence_interval":{"confidence_level":0.95,"lower_bound":-0.000914685427762521,"upper_bound":0.00030799012035874756},"point_estimate":-0.0002914745008658626,"standard_error":0.00031327409790920304},"median":{"confidence_interval":{"confidence_level":0.95,"lower_bound":-0.0005314300221913592,"upper_bound":0.00009179241829793128},"point_estimate":-0.0002649009743144193,"standard_error":0.00016550347901985585}}