{"mean":{"confidence_interval":{"confidence_level":0.95,"lower_bound":3.0631981321023107,"upper_bound":3.069231828098387},"point_estimate":3.065856863095417,"standard_error":0.0015514156476705726},"median":{"confidence_interval":{"confidence_level":0.95,"lower_bound":3.061396800726092,"upper_bound":3.063146042646956},"point_estimate":3.062106660825706,"standard_error":0.0004290684607956015},"median_abs_dev":{"confidence_interval":{"confidence_level":0.95,"lower_bound":0.0027648639647912996,"upper_bound":0.005059378124003824},"point_estimate":0.004002216443258656,"standard_error":0.0006008449937680956},"slope":{"confidence_interval":{"confidence_level":0.95,"lower_bound":3.062563659654686,"upper_bound":3.065336481124877},"point_estimate":3.0638137678045156,"standard_error":0.0007089652846337949},"std_dev":{"confidence_interval":{"confidence_level":0.95,"lower_bound":0.006486474396347159,"upper_bound":0.022612562476593354},"point_estimate":0.015551379284101342,"standard_error":0.004254908022303451}}