{"mean":{"confidence_interval":{"confidence_level":0.95,"lower_bound":-0.0015209577420568908,"upper_bound":-0.0005340673094925558},"point_estimate":-0.0009796004274474912,"standard_error":0.00025198089310899855},"median":{"confidence_interval":{"confidence_level":0.95,"lower_bound":-0.0009016763479281487,"upper_bound":-0.00044643174427883014},"point_estimate":-0.0006063399017701698,"standard_error":0.00011802663812521192}}