{"mean":{"confidence_interval":{"confidence_level":0.95,"lower_bound":0.07260388925763593,"upper_bound":0.08071428175189792},"point_estimate":0.07616403173213904,"standard_error":0.0020489380203171817},"median":{"confidence_interval":{"confidence_level":0.95,"lower_bound":0.07201663588040708,"upper_bound":0.07396588662280457},"point_estimate":0.073233125262256,"standard_error":0.000522292347967324}}