{"mean":{"confidence_interval":{"confidence_level":0.95,"lower_bound":-0.02165943838882581,"upper_bound":0.007889221103449643},"point_estimate":-0.00420346488403478,"standard_error":0.0078822274433606},"median":{"confidence_interval":{"confidence_level":0.95,"lower_bound":-0.00010972717670099108,"upper_bound":0.0008148732457877002},"point_estimate":0.00040385872330550576,"standard_error":0.00022348607780734868}}