{"mean":{"confidence_interval":{"confidence_level":0.95,"lower_bound":0.00010018167808154753,"upper_bound":0.010456618011666845},"point_estimate":0.004600486989763342,"standard_error":0.0026008953961648403},"median":{"confidence_interval":{"confidence_level":0.95,"lower_bound":0.0007906802257581062,"upper_bound":0.0014930263499939311},"point_estimate":0.0010084518567079481,"standard_error":0.00018746294253616256}}