{"mean":{"confidence_interval":{"confidence_level":0.95,"lower_bound":11.069604852676669,"upper_bound":11.155698524610417},"point_estimate":11.10725325324383,"standard_error":0.022053702406796508},"median":{"confidence_interval":{"confidence_level":0.95,"lower_bound":11.062721753993046,"upper_bound":11.067538285880293},"point_estimate":11.064647076857163,"standard_error":0.0013842764035283655},"median_abs_dev":{"confidence_interval":{"confidence_level":0.95,"lower_bound":0.007835752030564474,"upper_bound":0.013737681406224372},"point_estimate":0.011161281737697119,"standard_error":0.001464279039373151},"slope":{"confidence_interval":{"confidence_level":0.95,"lower_bound":11.065434394275988,"upper_bound":11.071662528799983},"point_estimate":11.06830125645982,"standard_error":0.0015966796066038918},"std_dev":{"confidence_interval":{"confidence_level":0.95,"lower_bound":0.02775257679300984,"upper_bound":0.3315843410233723},"point_estimate":0.22167398487592085,"standard_error":0.07179947271014582}}