{"mean":{"confidence_interval":{"confidence_level":0.95,"lower_bound":-0.002128484705361472,"upper_bound":0.00077280424942696},"point_estimate":-0.0005717236988522778,"standard_error":0.0007365797311214659},"median":{"confidence_interval":{"confidence_level":0.95,"lower_bound":-0.0007849019594202393,"upper_bound":-0.0000699566736370727},"point_estimate":-0.0003291545619016345,"standard_error":0.00018901239860703197}}