{"mean":{"confidence_interval":{"confidence_level":0.95,"lower_bound":-0.0038936136025306293,"upper_bound":0.00627562954940376},"point_estimate":0.0001927486742085982,"standard_error":0.00262416737485717},"median":{"confidence_interval":{"confidence_level":0.95,"lower_bound":-0.0030443807053124328,"upper_bound":-0.0022515047879452244},"point_estimate":-0.0026473054299653853,"standard_error":0.0002145383400271311}}