{"mean":{"confidence_interval":{"confidence_level":0.95,"lower_bound":-0.0005053877200719259,"upper_bound":0.00820967599426835},"point_estimate":0.0035452399686646263,"standard_error":0.002349785511781869},"median":{"confidence_interval":{"confidence_level":0.95,"lower_bound":-0.0005555010123406978,"upper_bound":0.00014168584432527886},"point_estimate":-0.0001982344149503712,"standard_error":0.00017513944668927397}}