{"mean":{"confidence_interval":{"confidence_level":0.95,"lower_bound":3.905686365849071,"upper_bound":4.069519682645246},"point_estimate":3.968738487353115,"standard_error":0.04364827903271956},"median":{"confidence_interval":{"confidence_level":0.95,"lower_bound":3.8933001810457393,"upper_bound":3.896694084524814},"point_estimate":3.8942738622322155,"standard_error":0.000979780100930698},"median_abs_dev":{"confidence_interval":{"confidence_level":0.95,"lower_bound":0.0036923474950518098,"upper_bound":0.007499582407027395},"point_estimate":0.0049228873790316385,"standard_error":0.0009343559710025328},"slope":{"confidence_interval":{"confidence_level":0.95,"lower_bound":3.904257246667103,"upper_bound":3.932111244370941},"point_estimate":3.9175259404004636,"standard_error":0.007159400604926847},"std_dev":{"confidence_interval":{"confidence_level":0.95,"lower_bound":0.03460978585936969,"upper_bound":0.7228954828897779},"point_estimate":0.435590567996336,"standard_error":0.2004581848455668}}