{"mean":{"confidence_interval":{"confidence_level":0.95,"lower_bound":0.012416771289422604,"upper_bound":0.03529947283296982},"point_estimate":0.02198533181375195,"standard_error":0.005536679385851655},"median":{"confidence_interval":{"confidence_level":0.95,"lower_bound":0.00488991463458377,"upper_bound":0.021295921986777877},"point_estimate":0.012226263848940988,"standard_error":0.004697169749255612}}