{"mean":{"confidence_interval":{"confidence_level":0.95,"lower_bound":6.173886832051334,"upper_bound":6.182122979710493},"point_estimate":6.177402617115448,"standard_error":0.002127915559910597},"median":{"confidence_interval":{"confidence_level":0.95,"lower_bound":6.1731920199501245,"upper_bound":6.173860506700282},"point_estimate":6.17361266776878,"standard_error":0.00015587994004465325},"median_abs_dev":{"confidence_interval":{"confidence_level":0.95,"lower_bound":0.0010171992596703153,"upper_bound":0.0026193134486060298},"point_estimate":0.0013970949083184237,"standard_error":0.000423456191094459},"slope":{"confidence_interval":{"confidence_level":0.95,"lower_bound":6.170958130690722,"upper_bound":6.175750281533896},"point_estimate":6.1735998963725605,"standard_error":0.0012300444626783173},"std_dev":{"confidence_interval":{"confidence_level":0.95,"lower_bound":0.008123536908315163,"upper_bound":0.03364257131860426},"point_estimate":0.021438233914433575,"standard_error":0.00734057809773261}}