{"mean":{"confidence_interval":{"confidence_level":0.95,"lower_bound":0.8267467299605763,"upper_bound":0.8395348624384674},"point_estimate":0.8323693354118166,"standard_error":0.0032820286015908928},"median":{"confidence_interval":{"confidence_level":0.95,"lower_bound":0.8199494809157877,"upper_bound":0.8221918334508548},"point_estimate":0.8204582447901088,"standard_error":0.0006408920112842036},"median_abs_dev":{"confidence_interval":{"confidence_level":0.95,"lower_bound":0.0008972864690226531,"upper_bound":0.0041534801947721986},"point_estimate":0.0021416131581873813,"standard_error":0.0008702692736823409},"slope":{"confidence_interval":{"confidence_level":0.95,"lower_bound":0.8207374143904879,"upper_bound":0.8223943441537465},"point_estimate":0.8214539058890153,"standard_error":0.00042465717086244696},"std_dev":{"confidence_interval":{"confidence_level":0.95,"lower_bound":0.015736921354056233,"upper_bound":0.0489913605437434},"point_estimate":0.03289727256797527,"standard_error":0.009129322412104459}}