{"mean":{"confidence_interval":{"confidence_level":0.95,"lower_bound":3.673114719834863,"upper_bound":3.673857370310298},"point_estimate":3.6734588354352535,"standard_error":0.00019024235496042973},"median":{"confidence_interval":{"confidence_level":0.95,"lower_bound":3.672807902729548,"upper_bound":3.6729252734099234},"point_estimate":3.672869735553379,"standard_error":0.0000288456887314589},"median_abs_dev":{"confidence_interval":{"confidence_level":0.95,"lower_bound":0.00022251620524327346,"upper_bound":0.00044668556257793497},"point_estimate":0.0003550138354504694,"standard_error":0.000055368550206793425},"slope":{"confidence_interval":{"confidence_level":0.95,"lower_bound":3.673186596010051,"upper_bound":3.6741851183482277},"point_estimate":3.673638685516921,"standard_error":0.00025605849001520325},"std_dev":{"confidence_interval":{"confidence_level":0.95,"lower_bound":0.0011831762991637547,"upper_bound":0.00249519020482148},"point_estimate":0.001915238571315196,"standard_error":0.000334092200203581}}