{"mean":{"confidence_interval":{"confidence_level":0.95,"lower_bound":-0.0010978953036307082,"upper_bound":0.0022368783986303296},"point_estimate":0.0005377601097098506,"standard_error":0.0008392179922685507},"median":{"confidence_interval":{"confidence_level":0.95,"lower_bound":-0.0003865039683267346,"upper_bound":0.00039643245861009646},"point_estimate":0.000056850752504944424,"standard_error":0.0001923409210916259}}