{"mean":{"confidence_interval":{"confidence_level":0.95,"lower_bound":-0.0010916873230869205,"upper_bound":0.00035814265304912046},"point_estimate":-0.00033950511846891906,"standard_error":0.00036988545463288464},"median":{"confidence_interval":{"confidence_level":0.95,"lower_bound":-0.00034799577393832546,"upper_bound":0.00032960178383434346},"point_estimate":0.0000389206913673501,"standard_error":0.00016639740170793635}}