{"mean":{"confidence_interval":{"confidence_level":0.95,"lower_bound":-0.045118175432660244,"upper_bound":-0.00017091866048611423},"point_estimate":-0.018705207925464706,"standard_error":0.011772917273990281},"median":{"confidence_interval":{"confidence_level":0.95,"lower_bound":-0.010403681550685051,"upper_bound":-0.009022326073822496},"point_estimate":-0.009654138946231239,"standard_error":0.0003545466180613461}}