{"mean":{"confidence_interval":{"confidence_level":0.95,"lower_bound":2.758953312156379,"upper_bound":2.8004255945277086},"point_estimate":2.779088873321506,"standard_error":0.010591331680788255},"median":{"confidence_interval":{"confidence_level":0.95,"lower_bound":2.7400365513964537,"upper_bound":2.7870756352407056},"point_estimate":2.759579447560549,"standard_error":0.014357946588670623},"median_abs_dev":{"confidence_interval":{"confidence_level":0.95,"lower_bound":0.07868945232952727,"upper_bound":0.1405222681066115},"point_estimate":0.10952242395170256,"standard_error":0.015095753911599879},"slope":{"confidence_interval":{"confidence_level":0.95,"lower_bound":2.7577605876768434,"upper_bound":2.80095161241184},"point_estimate":2.7789651792170944,"standard_error":0.011031731895255874},"std_dev":{"confidence_interval":{"confidence_level":0.95,"lower_bound":0.08700367894162193,"upper_bound":0.12534344266897846},"point_estimate":0.10652383024559005,"standard_error":0.009830660453081263}}