{"mean":{"confidence_interval":{"confidence_level":0.95,"lower_bound":17.773541191353605,"upper_bound":17.840560585509078},"point_estimate":17.806563136840683,"standard_error":0.01713956619748902},"median":{"confidence_interval":{"confidence_level":0.95,"lower_bound":17.74842069522993,"upper_bound":17.825572430997745},"point_estimate":17.781021815388385,"standard_error":0.022169110019035144},"median_abs_dev":{"confidence_interval":{"confidence_level":0.95,"lower_bound":0.11631898974438878,"upper_bound":0.1884229395285884},"point_estimate":0.15369813274952468,"standard_error":0.01952394593483655},"slope":{"confidence_interval":{"confidence_level":0.95,"lower_bound":17.75204289642141,"upper_bound":17.806612306297772},"point_estimate":17.778852789072605,"standard_error":0.01390062219194427},"std_dev":{"confidence_interval":{"confidence_level":0.95,"lower_bound":0.14545960786012052,"upper_bound":0.1951663995110857},"point_estimate":0.1718795583936602,"standard_error":0.012677842267961217}}