{"mean":{"confidence_interval":{"confidence_level":0.95,"lower_bound":-0.007257999310442563,"upper_bound":0.001629842329378039},"point_estimate":-0.0030879982752560764,"standard_error":0.0022927343401210414},"median":{"confidence_interval":{"confidence_level":0.95,"lower_bound":-0.006597719917811116,"upper_bound":-0.005618098128442495},"point_estimate":-0.0060080006730599544,"standard_error":0.0002503684647305067}}