{"mean":{"confidence_interval":{"confidence_level":0.95,"lower_bound":8.039363569398372,"upper_bound":8.070635501602556},"point_estimate":8.055987419737694,"standard_error":0.008014957042701496},"median":{"confidence_interval":{"confidence_level":0.95,"lower_bound":8.088277844614854,"upper_bound":8.092095480132219},"point_estimate":8.090414983125921,"standard_error":0.0009401698501352007},"median_abs_dev":{"confidence_interval":{"confidence_level":0.95,"lower_bound":0.004509183168049854,"upper_bound":0.012872030117825476},"point_estimate":0.007269674564565384,"standard_error":0.0021116929233863588},"slope":{"confidence_interval":{"confidence_level":0.95,"lower_bound":8.015818201053097,"upper_bound":8.059482249866003},"point_estimate":8.038678232396027,"standard_error":0.011176758948245765},"std_dev":{"confidence_interval":{"confidence_level":0.95,"lower_bound":0.05577575764105619,"upper_bound":0.10247810838271884},"point_estimate":0.08070810843936294,"standard_error":0.011984852981724206}}