{"mean":{"confidence_interval":{"confidence_level":0.95,"lower_bound":0.006578679697275727,"upper_bound":0.01558436753731721},"point_estimate":0.011001452278085466,"standard_error":0.0023115218596555984},"median":{"confidence_interval":{"confidence_level":0.95,"lower_bound":0.0007516054771923297,"upper_bound":0.009502391308353841},"point_estimate":0.0023729812028299158,"standard_error":0.0019176297170904063}}