{"mean":{"confidence_interval":{"confidence_level":0.95,"lower_bound":2.87136876637176,"upper_bound":2.8795669605072516},"point_estimate":2.87508109002461,"standard_error":0.0021020304319849586},"median":{"confidence_interval":{"confidence_level":0.95,"lower_bound":2.868157099436497,"upper_bound":2.870023194272203},"point_estimate":2.868952170556544,"standard_error":0.0004262142942953949},"median_abs_dev":{"confidence_interval":{"confidence_level":0.95,"lower_bound":0.002686619544363518,"upper_bound":0.005253434292528005},"point_estimate":0.00368860259415459,"standard_error":0.0006646169806982481},"slope":{"confidence_interval":{"confidence_level":0.95,"lower_bound":2.8697973089169264,"upper_bound":2.8758895075609847},"point_estimate":2.8723466233541255,"standard_error":0.0015681522036319847},"std_dev":{"confidence_interval":{"confidence_level":0.95,"lower_bound":0.010992767871682187,"upper_bound":0.028996329312131332},"point_estimate":0.021095026073063863,"standard_error":0.004544757875493636}}