{"mean":{"confidence_interval":{"confidence_level":0.95,"lower_bound":-0.00518230588459797,"upper_bound":0.05122370761558009},"point_estimate":0.01704171385697606,"standard_error":0.014526805754636246},"median":{"confidence_interval":{"confidence_level":0.95,"lower_bound":-0.0009573861677683728,"upper_bound":-0.00033344461352269317},"point_estimate":-0.0005245657912195112,"standard_error":0.00016826047400235992}}