{"mean":{"confidence_interval":{"confidence_level":0.95,"lower_bound":0.05388487614875859,"upper_bound":0.07026161716115516},"point_estimate":0.06144220725026561,"standard_error":0.004138772279044632},"median":{"confidence_interval":{"confidence_level":0.95,"lower_bound":0.044192077074536984,"upper_bound":0.05231135984834334},"point_estimate":0.04742676831811621,"standard_error":0.0021705156055571717}}