{"mean":{"confidence_interval":{"confidence_level":0.95,"lower_bound":0.031616510547341534,"upper_bound":0.035148347192144325},"point_estimate":0.03347041832523723,"standard_error":0.000904400516808322},"median":{"confidence_interval":{"confidence_level":0.95,"lower_bound":0.03651536279809631,"upper_bound":0.03732149470804891},"point_estimate":0.036894205265595836,"standard_error":0.00020159047701969994}}