{"mean":{"confidence_interval":{"confidence_level":0.95,"lower_bound":6.06938166877807,"upper_bound":6.088614463600754},"point_estimate":6.07737107074907,"standard_error":0.004999041143945444},"median":{"confidence_interval":{"confidence_level":0.95,"lower_bound":6.068347730484786,"upper_bound":6.0720764013063775},"point_estimate":6.069988799254043,"standard_error":0.0009141550659139694},"median_abs_dev":{"confidence_interval":{"confidence_level":0.95,"lower_bound":0.0048658695723472044,"upper_bound":0.008470486807085136},"point_estimate":0.006103179956345469,"standard_error":0.0009046469106219241},"slope":{"confidence_interval":{"confidence_level":0.95,"lower_bound":6.069776454929603,"upper_bound":6.075195058865898},"point_estimate":6.0720661923613815,"standard_error":0.0013950584455615003},"std_dev":{"confidence_interval":{"confidence_level":0.95,"lower_bound":0.010579638114533257,"upper_bound":0.07896373336643005},"point_estimate":0.050052765873423354,"standard_error":0.01798669162056949}}