{"mean":{"confidence_interval":{"confidence_level":0.95,"lower_bound":0.06318650697390255,"upper_bound":0.103344325476829},"point_estimate":0.08378760602774138,"standard_error":0.010194391963780287},"median":{"confidence_interval":{"confidence_level":0.95,"lower_bound":0.0724830081764658,"upper_bound":0.09789834616908832},"point_estimate":0.08433217359099543,"standard_error":0.008020474726032617}}