{"mean":{"confidence_interval":{"confidence_level":0.95,"lower_bound":3.357754851549701,"upper_bound":3.3817699682801408},"point_estimate":3.367516266839968,"standard_error":0.006302820217955388},"median":{"confidence_interval":{"confidence_level":0.95,"lower_bound":3.3511877489670923,"upper_bound":3.354062584843597},"point_estimate":3.3522978824898626,"standard_error":0.0007486285549969829},"median_abs_dev":{"confidence_interval":{"confidence_level":0.95,"lower_bound":0.004465105811963662,"upper_bound":0.00906055232506981},"point_estimate":0.007229433829076358,"standard_error":0.001140627099085202},"slope":{"confidence_interval":{"confidence_level":0.95,"lower_bound":3.35282170176819,"upper_bound":3.365065196465083},"point_estimate":3.3582555115476076,"standard_error":0.003135414691464054},"std_dev":{"confidence_interval":{"confidence_level":0.95,"lower_bound":0.021097947396968932,"upper_bound":0.10278994960655563},"point_estimate":0.06375444041612395,"standard_error":0.025762848722859825}}