{"mean":{"confidence_interval":{"confidence_level":0.95,"lower_bound":-0.02330877453552684,"upper_bound":-0.0028382279786769013},"point_estimate":-0.01309510220796084,"standard_error":0.005233904103289215},"median":{"confidence_interval":{"confidence_level":0.95,"lower_bound":-0.036443998128837043,"upper_bound":-0.014245036140913766},"point_estimate":-0.027348225897225964,"standard_error":0.005646872253627838}}