{"mean":{"confidence_interval":{"confidence_level":0.95,"lower_bound":3.334132539057485,"upper_bound":3.3608035296597865},"point_estimate":3.347029976952858,"standard_error":0.006812790625791779},"median":{"confidence_interval":{"confidence_level":0.95,"lower_bound":3.314497456077723,"upper_bound":3.343832383654561},"point_estimate":3.3304996620556295,"standard_error":0.006523938678343806},"median_abs_dev":{"confidence_interval":{"confidence_level":0.95,"lower_bound":0.03972514984497845,"upper_bound":0.06821461042437742},"point_estimate":0.053860682339623364,"standard_error":0.007446329338899307},"slope":{"confidence_interval":{"confidence_level":0.95,"lower_bound":3.317985841502031,"upper_bound":3.3358573998400276},"point_estimate":3.326900696348035,"standard_error":0.00457221319995716},"std_dev":{"confidence_interval":{"confidence_level":0.95,"lower_bound":0.054751655693372446,"upper_bound":0.07972984819510794},"point_estimate":0.0683166714716889,"standard_error":0.006355143782656507}}