{"mean":{"confidence_interval":{"confidence_level":0.95,"lower_bound":-0.0009533179609086887,"upper_bound":0.0012059039156674329},"point_estimate":0.00014651677920607398,"standard_error":0.0005484538090673824},"median":{"confidence_interval":{"confidence_level":0.95,"lower_bound":-0.00018703470909897657,"upper_bound":0.0005284736160561238},"point_estimate":0.00018198869864827216,"standard_error":0.00018065166744862178}}