{"mean":{"confidence_interval":{"confidence_level":0.95,"lower_bound":-0.0003456014292062041,"upper_bound":0.008191380390567713},"point_estimate":0.003113185722519063,"standard_error":0.0022882494958697303},"median":{"confidence_interval":{"confidence_level":0.95,"lower_bound":-0.0006110354886339817,"upper_bound":0.0001588463624769883},"point_estimate":-0.0002854962324968513,"standard_error":0.00019889522586175252}}