{"mean":{"confidence_interval":{"confidence_level":0.95,"lower_bound":-0.150380591807666,"upper_bound":-0.14309022584887363},"point_estimate":-0.14695377788638198,"standard_error":0.001862633427395428},"median":{"confidence_interval":{"confidence_level":0.95,"lower_bound":-0.15181411406323897,"upper_bound":-0.1503258497692399},"point_estimate":-0.1508309519477563,"standard_error":0.00040907949622027127}}