{"mean":{"confidence_interval":{"confidence_level":0.95,"lower_bound":0.17720490894738367,"upper_bound":0.19912891415792125},"point_estimate":0.1908843764592818,"standard_error":0.006069932493976503},"median":{"confidence_interval":{"confidence_level":0.95,"lower_bound":0.20120806516395826,"upper_bound":0.20238378257430756},"point_estimate":0.20180627276953622,"standard_error":0.0002945652478242164}}