{"mean":{"confidence_interval":{"confidence_level":0.95,"lower_bound":-0.003478309611016608,"upper_bound":0.0007645956223916506},"point_estimate":-0.001039197231255895,"standard_error":0.0010979656718321964},"median":{"confidence_interval":{"confidence_level":0.95,"lower_bound":-0.0002565134151090165,"upper_bound":0.00047293891341126937},"point_estimate":-0.00006096801843391564,"standard_error":0.00019372665592487612}}