{"mean":{"confidence_interval":{"confidence_level":0.95,"lower_bound":0.11794667968910878,"upper_bound":0.2076561320865233},"point_estimate":0.154987069149491,"standard_error":0.025001564478047147},"median":{"confidence_interval":{"confidence_level":0.95,"lower_bound":0.12653820339220712,"upper_bound":0.12774516550950366},"point_estimate":0.1271763725586521,"standard_error":0.00030844281277241683}}