{"mean":{"confidence_interval":{"confidence_level":0.95,"lower_bound":-0.00510503243450742,"upper_bound":0.001140064774773441},"point_estimate":-0.0020916537444036765,"standard_error":0.0015956887149769121},"median":{"confidence_interval":{"confidence_level":0.95,"lower_bound":-0.008456028168288054,"upper_bound":-0.00024821875152902795},"point_estimate":-0.003345183965926646,"standard_error":0.002102916094680786}}