{"mean":{"confidence_interval":{"confidence_level":0.95,"lower_bound":-0.0000768503740314526,"upper_bound":0.008725814331082295},"point_estimate":0.00424571420436326,"standard_error":0.0022324889978117862},"median":{"confidence_interval":{"confidence_level":0.95,"lower_bound":-0.0003579072224634272,"upper_bound":0.0041966325446189945},"point_estimate":0.001432759175992615,"standard_error":0.0014283387937116805}}