{"mean":{"confidence_interval":{"confidence_level":0.95,"lower_bound":-0.0035998959503005493,"upper_bound":0.0014112795605197056},"point_estimate":-0.0010841922868620735,"standard_error":0.001283760196003667},"median":{"confidence_interval":{"confidence_level":0.95,"lower_bound":-0.004160411790542495,"upper_bound":0.0019510376912044158},"point_estimate":-0.00016356369515757585,"standard_error":0.001521107820856994}}