{"mean":{"confidence_interval":{"confidence_level":0.95,"lower_bound":-0.0191300220212865,"upper_bound":-0.016108116175011608},"point_estimate":-0.017543306464887998,"standard_error":0.0007653518531236423},"median":{"confidence_interval":{"confidence_level":0.95,"lower_bound":-0.017515527065208092,"upper_bound":-0.01679281492028828},"point_estimate":-0.017122566867505462,"standard_error":0.00018417015257022657}}