{"mean":{"confidence_interval":{"confidence_level":0.95,"lower_bound":3.673420716368861,"upper_bound":3.674368994671228},"point_estimate":3.6738394214426786,"standard_error":0.00024288659210393844},"median":{"confidence_interval":{"confidence_level":0.95,"lower_bound":3.6729414202522706,"upper_bound":3.673237088725996},"point_estimate":3.6730426648295813,"standard_error":0.00007195133113524602},"median_abs_dev":{"confidence_interval":{"confidence_level":0.95,"lower_bound":0.00024554784866907836,"upper_bound":0.0006933266044564578},"point_estimate":0.0004240857971131087,"standard_error":0.00011431804322326169},"slope":{"confidence_interval":{"confidence_level":0.95,"lower_bound":3.673280930837741,"upper_bound":3.6740967857178717},"point_estimate":3.673649401222467,"standard_error":0.00021000773428145848},"std_dev":{"confidence_interval":{"confidence_level":0.95,"lower_bound":0.0011485406051605673,"upper_bound":0.0035869053454339076},"point_estimate":0.002439345703677654,"standard_error":0.0006396652927238125}}