{"mean":{"confidence_interval":{"confidence_level":0.95,"lower_bound":9.154376175997987,"upper_bound":9.1564353032046},"point_estimate":9.155268942246666,"standard_error":0.0005303136766898622},"median":{"confidence_interval":{"confidence_level":0.95,"lower_bound":9.153856560552205,"upper_bound":9.154066088057137},"point_estimate":9.153980884581653,"standard_error":0.000048122574677399205},"median_abs_dev":{"confidence_interval":{"confidence_level":0.95,"lower_bound":0.00033292032843336097,"upper_bound":0.0006854030772086859},"point_estimate":0.000526734280935681,"standard_error":0.00009152660880044883},"slope":{"confidence_interval":{"confidence_level":0.95,"lower_bound":9.15402191525701,"upper_bound":9.155444599435986},"point_estimate":9.154640432771645,"standard_error":0.0003657043969205905},"std_dev":{"confidence_interval":{"confidence_level":0.95,"lower_bound":0.0023245557307218154,"upper_bound":0.008031988278881236},"point_estimate":0.005311994884231274,"standard_error":0.0015628978354265302}}