{"mean":{"confidence_interval":{"confidence_level":0.95,"lower_bound":6.487199776019494,"upper_bound":6.493881509210168},"point_estimate":6.490332788234713,"standard_error":0.001700059485803464},"median":{"confidence_interval":{"confidence_level":0.95,"lower_bound":6.487184952528442,"upper_bound":6.490483428328088},"point_estimate":6.488748315747108,"standard_error":0.0009135767139739956},"median_abs_dev":{"confidence_interval":{"confidence_level":0.95,"lower_bound":0.004624102561089494,"upper_bound":0.007844115372587113},"point_estimate":0.005698666229214132,"standard_error":0.0008233041105507197},"slope":{"confidence_interval":{"confidence_level":0.95,"lower_bound":6.489229195824137,"upper_bound":6.494030259496101},"point_estimate":6.491392284322428,"standard_error":0.0012282843756463188},"std_dev":{"confidence_interval":{"confidence_level":0.95,"lower_bound":0.010842973775348297,"upper_bound":0.02369312004199268},"point_estimate":0.01706045552022081,"standard_error":0.003460479288757967}}