{"mean":{"confidence_interval":{"confidence_level":0.95,"lower_bound":8.3832604216967,"upper_bound":8.456155174986838},"point_estimate":8.408741746055453,"standard_error":0.022367270045272027},"median":{"confidence_interval":{"confidence_level":0.95,"lower_bound":8.380792018152647,"upper_bound":8.38591461213219},"point_estimate":8.383423102213087,"standard_error":0.0013933309000324645},"median_abs_dev":{"confidence_interval":{"confidence_level":0.95,"lower_bound":0.008319825475390986,"upper_bound":0.014104927724440412},"point_estimate":0.011308180822630963,"standard_error":0.001466153392002289},"slope":{"confidence_interval":{"confidence_level":0.95,"lower_bound":8.382744418192882,"upper_bound":8.38875783419153},"point_estimate":8.385595932934956,"standard_error":0.0015421854017342875},"std_dev":{"confidence_interval":{"confidence_level":0.95,"lower_bound":0.014583945974768546,"upper_bound":0.3856544647009423},"point_estimate":0.2254208410449231,"standard_error":0.13201292632717174}}