{"mean":{"confidence_interval":{"confidence_level":0.95,"lower_bound":3.919203418642401,"upper_bound":3.932961597327009},"point_estimate":3.926152529912338,"standard_error":0.0035204028525552223},"median":{"confidence_interval":{"confidence_level":0.95,"lower_bound":3.924851203892704,"upper_bound":3.937043795620438},"point_estimate":3.9362229328906575,"standard_error":0.003829089255161641},"median_abs_dev":{"confidence_interval":{"confidence_level":0.95,"lower_bound":0.01791103758804468,"upper_bound":0.04001448620036428},"point_estimate":0.029543056624640556,"standard_error":0.005171101617519194},"slope":{"confidence_interval":{"confidence_level":0.95,"lower_bound":3.9164153806340605,"upper_bound":3.934881497627184},"point_estimate":3.9255311317449286,"standard_error":0.004696665421824791},"std_dev":{"confidence_interval":{"confidence_level":0.95,"lower_bound":0.029493955104086176,"upper_bound":0.040330505885817027},"point_estimate":0.03521933570257626,"standard_error":0.002764866478203672}}