{"mean":{"confidence_interval":{"confidence_level":0.95,"lower_bound":-0.005602939702302662,"upper_bound":0.0029687042560581005},"point_estimate":-0.002170825164701795,"standard_error":0.0022386337846207094},"median":{"confidence_interval":{"confidence_level":0.95,"lower_bound":-0.0022023440863493393,"upper_bound":-0.0015567535394395149},"point_estimate":-0.0019513478185936295,"standard_error":0.0001432663180406997}}