{"mean":{"confidence_interval":{"confidence_level":0.95,"lower_bound":-0.014466639888069281,"upper_bound":-0.00006055356062884928},"point_estimate":-0.0060715016047024895,"standard_error":0.003745914932216349},"median":{"confidence_interval":{"confidence_level":0.95,"lower_bound":-0.0012406243368175973,"upper_bound":-0.0007989960076849604},"point_estimate":-0.0010107184262592162,"standard_error":0.0001097850228842659}}