{"mean":{"confidence_interval":{"confidence_level":0.95,"lower_bound":-0.01298816989034786,"upper_bound":0.0003738918928077926},"point_estimate":-0.004292097102565506,"standard_error":0.004140799258960285},"median":{"confidence_interval":{"confidence_level":0.95,"lower_bound":-0.00043632416473449176,"upper_bound":0.00021778165139552108},"point_estimate":-0.00003966631697238654,"standard_error":0.00016739289795607876}}