{"mean":{"confidence_interval":{"confidence_level":0.95,"lower_bound":-0.008855479355375593,"upper_bound":-0.004296652437806457},"point_estimate":-0.006655229898649084,"standard_error":0.001151118570157315},"median":{"confidence_interval":{"confidence_level":0.95,"lower_bound":-0.007048463878897349,"upper_bound":-0.004662248955993209},"point_estimate":-0.005546821149785552,"standard_error":0.0006040019752488958}}