{"mean":{"confidence_interval":{"confidence_level":0.95,"lower_bound":-0.0011271540349651469,"upper_bound":0.0007864131025738949},"point_estimate":-0.00018633992663841248,"standard_error":0.0004895569414723835},"median":{"confidence_interval":{"confidence_level":0.95,"lower_bound":-0.0005623731676739042,"upper_bound":0.000323950194059508},"point_estimate":-0.00021521844403449286,"standard_error":0.00023481954114165288}}