{"mean":{"confidence_interval":{"confidence_level":0.95,"lower_bound":-0.004173229879376386,"upper_bound":0.00017672893717334267},"point_estimate":-0.0017504620497239554,"standard_error":0.0011168536840849706},"median":{"confidence_interval":{"confidence_level":0.95,"lower_bound":-0.0005405755140812929,"upper_bound":0.00021608055639577017},"point_estimate":-0.0002470290452806223,"standard_error":0.00018999921971754371}}