{"mean":{"confidence_interval":{"confidence_level":0.95,"lower_bound":0.0006788676971480112,"upper_bound":0.006292560966405617},"point_estimate":0.0036191558254232703,"standard_error":0.001427969660861108},"median":{"confidence_interval":{"confidence_level":0.95,"lower_bound":0.005219690150113365,"upper_bound":0.007635021892402172},"point_estimate":0.006214220809376059,"standard_error":0.0006481905852929785}}