{"mean":{"confidence_interval":{"confidence_level":0.95,"lower_bound":3.619042250901257,"upper_bound":3.6195982983566637},"point_estimate":3.619288194508742,"standard_error":0.00014241136071037712},"median":{"confidence_interval":{"confidence_level":0.95,"lower_bound":3.6189137549929207,"upper_bound":3.6190180914919905},"point_estimate":3.6189734628872787,"standard_error":0.000024240892535235073},"median_abs_dev":{"confidence_interval":{"confidence_level":0.95,"lower_bound":0.00017614255007962894,"upper_bound":0.0003094771902389225},"point_estimate":0.00024607686768659203,"standard_error":0.0000327033732041389},"slope":{"confidence_interval":{"confidence_level":0.95,"lower_bound":3.6191061563498326,"upper_bound":3.6197716365953054},"point_estimate":3.6194055829333585,"standard_error":0.00017087984701917352},"std_dev":{"confidence_interval":{"confidence_level":0.95,"lower_bound":0.0006944668260787789,"upper_bound":0.002082799714706079},"point_estimate":0.0014251915788225753,"standard_error":0.0003660961070851647}}