{"mean":{"confidence_interval":{"confidence_level":0.95,"lower_bound":-0.0008873010602728048,"upper_bound":0.006967006509503939},"point_estimate":0.0025355440300725007,"standard_error":0.0019930511251214115},"median":{"confidence_interval":{"confidence_level":0.95,"lower_bound":-0.0003989012885461385,"upper_bound":0.0002610470365429496},"point_estimate":-0.00002549017400976794,"standard_error":0.00016083760558703412}}