{"mean":{"confidence_interval":{"confidence_level":0.95,"lower_bound":-0.008353692439524798,"upper_bound":0.004150728156353099},"point_estimate":-0.0016864018427238392,"standard_error":0.00316402419830459},"median":{"confidence_interval":{"confidence_level":0.95,"lower_bound":-0.0007149718573246089,"upper_bound":0.00011744851199702033},"point_estimate":-0.00026689758994802304,"standard_error":0.00020633659205616408}}