{"mean":{"confidence_interval":{"confidence_level":0.95,"lower_bound":-0.01949984396652384,"upper_bound":-0.0028761094489516176},"point_estimate":-0.010247257839717472,"standard_error":0.0042733366261794815},"median":{"confidence_interval":{"confidence_level":0.95,"lower_bound":-0.00040437936402071273,"upper_bound":0.00011744418173065263},"point_estimate":-0.00007578136228625354,"standard_error":0.0001779650557814701}}