{"mean":{"confidence_interval":{"confidence_level":0.95,"lower_bound":-0.015104046699258506,"upper_bound":0.0012034680732398535},"point_estimate":-0.005019440052981161,"standard_error":0.004444272229880407},"median":{"confidence_interval":{"confidence_level":0.95,"lower_bound":-0.008290201113221984,"upper_bound":-0.0018783079954477477},"point_estimate":-0.006206732678238791,"standard_error":0.0015757490791558186}}