{"mean":{"confidence_interval":{"confidence_level":0.95,"lower_bound":2.3415157358276866,"upper_bound":2.3423592763386782},"point_estimate":2.3418971678196905,"standard_error":0.00021580695549918758},"median":{"confidence_interval":{"confidence_level":0.95,"lower_bound":2.3410370429744276,"upper_bound":2.3414788760712164},"point_estimate":2.341243339014904,"standard_error":0.00011329540195601083},"median_abs_dev":{"confidence_interval":{"confidence_level":0.95,"lower_bound":0.00045506152699820537,"upper_bound":0.0009222781367055693},"point_estimate":0.0006326704106561726,"standard_error":0.00012460465989712084},"slope":{"confidence_interval":{"confidence_level":0.95,"lower_bound":2.341279869171744,"upper_bound":2.3417907272217335},"point_estimate":2.341515109876645,"standard_error":0.00013138451928957015},"std_dev":{"confidence_interval":{"confidence_level":0.95,"lower_bound":0.001133053010378004,"upper_bound":0.0030738589287801106},"point_estimate":0.0021719921853906627,"standard_error":0.0005038564349215335}}