{"mean":{"confidence_interval":{"confidence_level":0.95,"lower_bound":-0.0008894985117850223,"upper_bound":-0.00004307813517217008},"point_estimate":-0.0004886067122401583,"standard_error":0.0002157609786626479},"median":{"confidence_interval":{"confidence_level":0.95,"lower_bound":-0.0007854087552823241,"upper_bound":-0.00039108439202095724},"point_estimate":-0.0005498621655553038,"standard_error":0.00010833780620968812}}