{"mean":{"confidence_interval":{"confidence_level":0.95,"lower_bound":-0.0006504940909922484,"upper_bound":0.0007261302200211034},"point_estimate":0.00004253211157867476,"standard_error":0.0003524989209395346},"median":{"confidence_interval":{"confidence_level":0.95,"lower_bound":-0.0003440749554092237,"upper_bound":0.0005349489304300459},"point_estimate":0.00016806759215670652,"standard_error":0.00022718464067523705}}