{"mean":{"confidence_interval":{"confidence_level":0.95,"lower_bound":-0.001254471450613706,"upper_bound":0.0005601566678230631},"point_estimate":-0.00030110763857105205,"standard_error":0.0004621080214862735},"median":{"confidence_interval":{"confidence_level":0.95,"lower_bound":-0.0006433117699023994,"upper_bound":0.000040136354216801496},"point_estimate":-0.0002429926239703173,"standard_error":0.00017336600036907263}}