{"mean":{"confidence_interval":{"confidence_level":0.95,"lower_bound":0.05824000577140616,"upper_bound":0.0819581289574803},"point_estimate":0.07197410243749713,"standard_error":0.006162838125059068},"median":{"confidence_interval":{"confidence_level":0.95,"lower_bound":0.07740090311524161,"upper_bound":0.08100110431656327},"point_estimate":0.07952597398098527,"standard_error":0.0008717125704559675}}