{"mean":{"confidence_interval":{"confidence_level":0.95,"lower_bound":-0.011951797761136593,"upper_bound":0.0008012167413263371},"point_estimate":-0.0046707616780410355,"standard_error":0.00328233940002298},"median":{"confidence_interval":{"confidence_level":0.95,"lower_bound":-0.007311282796043872,"upper_bound":0.003929999684712191},"point_estimate":-0.001115755737093993,"standard_error":0.002763154496040679}}