{"mean":{"confidence_interval":{"confidence_level":0.95,"lower_bound":-0.0011128292951197824,"upper_bound":0.00018125247248810235},"point_estimate":-0.00044556833485243086,"standard_error":0.00032925515158217073},"median":{"confidence_interval":{"confidence_level":0.95,"lower_bound":-0.001014992664863601,"upper_bound":-0.0006842322289606351},"point_estimate":-0.0008207199853064173,"standard_error":0.00008570539044245664}}