{"mean":{"confidence_interval":{"confidence_level":0.95,"lower_bound":0.00043501878662017293,"upper_bound":0.002604742538961179},"point_estimate":0.0013628619131258457,"standard_error":0.0005507560157323296},"median":{"confidence_interval":{"confidence_level":0.95,"lower_bound":0.00012850000594610833,"upper_bound":0.0005599716466802018},"point_estimate":0.000359376154929425,"standard_error":0.00011484391277987982}}