{"mean":{"confidence_interval":{"confidence_level":0.95,"lower_bound":5.592764864084991,"upper_bound":5.619184814116568},"point_estimate":5.605620951044177,"standard_error":0.006716740922429622},"median":{"confidence_interval":{"confidence_level":0.95,"lower_bound":5.573169292310619,"upper_bound":5.617993141491372},"point_estimate":5.58741127808989,"standard_error":0.010779624876445461},"median_abs_dev":{"confidence_interval":{"confidence_level":0.95,"lower_bound":0.055045166866013656,"upper_bound":0.08282603898081659},"point_estimate":0.0713597415262313,"standard_error":0.0071432786861814245},"slope":{"confidence_interval":{"confidence_level":0.95,"lower_bound":5.591995584392827,"upper_bound":5.6208537722110545},"point_estimate":5.605833074257591,"standard_error":0.007394322590540013},"std_dev":{"confidence_interval":{"confidence_level":0.95,"lower_bound":0.054814977040172054,"upper_bound":0.07984542149017765},"point_estimate":0.06758675877947971,"standard_error":0.006426297467245888}}