{"mean":{"confidence_interval":{"confidence_level":0.95,"lower_bound":-0.0010015626210337608,"upper_bound":0.0769622490963373},"point_estimate":0.02513526866993132,"standard_error":0.020643493163385946},"median":{"confidence_interval":{"confidence_level":0.95,"lower_bound":-0.0007495819390184786,"upper_bound":-0.0003776132408860322},"point_estimate":-0.0005425695752208082,"standard_error":0.00009727794643282807}}