{"mean":{"confidence_interval":{"confidence_level":0.95,"lower_bound":0.00028243243606863037,"upper_bound":0.06790289559847154},"point_estimate":0.01951331322094685,"standard_error":0.01754519946945707},"median":{"confidence_interval":{"confidence_level":0.95,"lower_bound":-0.00010458103116201766,"upper_bound":0.000344084206693962},"point_estimate":0.00003895766377293164,"standard_error":0.00010942935633504444}}