{"mean":{"confidence_interval":{"confidence_level":0.95,"lower_bound":9.928946439489621,"upper_bound":9.93546133369816},"point_estimate":9.931894379920443,"standard_error":0.001671337913416363},"median":{"confidence_interval":{"confidence_level":0.95,"lower_bound":9.925219421799778,"upper_bound":9.929300627770312},"point_estimate":9.926965570687116,"standard_error":0.0011319948211318744},"median_abs_dev":{"confidence_interval":{"confidence_level":0.95,"lower_bound":0.005746259429302208,"upper_bound":0.010172955067699531},"point_estimate":0.00781803754261892,"standard_error":0.0011480016093593775},"slope":{"confidence_interval":{"confidence_level":0.95,"lower_bound":9.92846023997434,"upper_bound":9.941190548627116},"point_estimate":9.933932869056337,"standard_error":0.003310955715385454},"std_dev":{"confidence_interval":{"confidence_level":0.95,"lower_bound":0.009806614704817931,"upper_bound":0.023753723400051677},"point_estimate":0.016755918366506906,"standard_error":0.0037709986581056874}}