{"mean":{"confidence_interval":{"confidence_level":0.95,"lower_bound":13.924753800443995,"upper_bound":14.489720490352736},"point_estimate":14.122704593944672,"standard_error":0.1709092440635195},"median":{"confidence_interval":{"confidence_level":0.95,"lower_bound":13.909373224869512,"upper_bound":13.918385626896686},"point_estimate":13.912606408892747,"standard_error":0.002607528860634151},"median_abs_dev":{"confidence_interval":{"confidence_level":0.95,"lower_bound":0.010645001146571116,"upper_bound":0.01973511351029371},"point_estimate":0.013421033386772368,"standard_error":0.0023015768354242207},"slope":{"confidence_interval":{"confidence_level":0.95,"lower_bound":13.920288183248243,"upper_bound":13.96706985409675},"point_estimate":13.940423562421346,"standard_error":0.012018678727861243},"std_dev":{"confidence_interval":{"confidence_level":0.95,"lower_bound":0.04847828468295832,"upper_bound":2.941270614576187},"point_estimate":1.7223674696989846,"standard_error":0.9945057059521999}}