{"mean":{"confidence_interval":{"confidence_level":0.95,"lower_bound":-0.0013421462791735421,"upper_bound":-0.00048037178614334703},"point_estimate":-0.0009018678075568554,"standard_error":0.00021911003949281297},"median":{"confidence_interval":{"confidence_level":0.95,"lower_bound":-0.0009268341472868924,"upper_bound":-0.000527012615992084},"point_estimate":-0.000747089892064956,"standard_error":0.00010770607115293798}}