{"mean":{"confidence_interval":{"confidence_level":0.95,"lower_bound":-0.004912587618670113,"upper_bound":-0.00013490163431531822},"point_estimate":-0.001845816174190218,"standard_error":0.0014050185582035984},"median":{"confidence_interval":{"confidence_level":0.95,"lower_bound":-0.00026167362618845225,"upper_bound":0.000039619883538843936},"point_estimate":-0.00005229502521630902,"standard_error":0.00007910999310313117}}