{"mean":{"confidence_interval":{"confidence_level":0.95,"lower_bound":-0.0598255041008586,"upper_bound":-0.025514415627963666},"point_estimate":-0.04851924614890135,"standard_error":0.010373401450648188},"median":{"confidence_interval":{"confidence_level":0.95,"lower_bound":-0.05998360092674537,"upper_bound":-0.05968679394175913},"point_estimate":-0.05987892302093811,"standard_error":0.00007749081696963633}}