{"mean":{"confidence_interval":{"confidence_level":0.95,"lower_bound":4.329163656837554,"upper_bound":4.335666438854273},"point_estimate":4.332131125660514,"standard_error":0.001666629610550234},"median":{"confidence_interval":{"confidence_level":0.95,"lower_bound":4.326920009732257,"upper_bound":4.329047459375261},"point_estimate":4.328302189513605,"standard_error":0.0006575927362077134},"median_abs_dev":{"confidence_interval":{"confidence_level":0.95,"lower_bound":0.004043091365303473,"upper_bound":0.008854480120908333},"point_estimate":0.006716861890988721,"standard_error":0.0012521856221919374},"slope":{"confidence_interval":{"confidence_level":0.95,"lower_bound":4.329347947383541,"upper_bound":4.3447034398344},"point_estimate":4.336344180304631,"standard_error":0.0039498847147948785},"std_dev":{"confidence_interval":{"confidence_level":0.95,"lower_bound":0.00909325151577455,"upper_bound":0.023291371013348623},"point_estimate":0.0168395887122299,"standard_error":0.0035922090648417893}}