{"mean":{"confidence_interval":{"confidence_level":0.95,"lower_bound":-0.005036224247379833,"upper_bound":-0.0006612713506542301},"point_estimate":-0.0027159030134158435,"standard_error":0.0010940768303028636},"median":{"confidence_interval":{"confidence_level":0.95,"lower_bound":-0.0042848519921168116,"upper_bound":0.001017208643175449},"point_estimate":-0.0032307815781781324,"standard_error":0.0014403486796652873}}