{"mean":{"confidence_interval":{"confidence_level":0.95,"lower_bound":-0.001705680245035879,"upper_bound":0.005675701006245248},"point_estimate":0.0019518529990834033,"standard_error":0.001893545474976592},"median":{"confidence_interval":{"confidence_level":0.95,"lower_bound":-0.0036063879942094257,"upper_bound":0.0031630915583398256},"point_estimate":-0.0013152817692981822,"standard_error":0.0019143211182622345}}