{"mean":{"confidence_interval":{"confidence_level":0.95,"lower_bound":2.5816876675409546,"upper_bound":2.5829198408704332},"point_estimate":2.582251774414357,"standard_error":0.0003155034285950535},"median":{"confidence_interval":{"confidence_level":0.95,"lower_bound":2.5810488458506855,"upper_bound":2.5812725303913924},"point_estimate":2.5811707850100225,"standard_error":0.00005418002206023215},"median_abs_dev":{"confidence_interval":{"confidence_level":0.95,"lower_bound":0.0003237902217527382,"upper_bound":0.0006409016801850844},"point_estimate":0.0004906413054103013,"standard_error":0.00008004033812531792},"slope":{"confidence_interval":{"confidence_level":0.95,"lower_bound":2.5813993373279667,"upper_bound":2.582009896739001},"point_estimate":2.5816809093766753,"standard_error":0.00015631854854870867},"std_dev":{"confidence_interval":{"confidence_level":0.95,"lower_bound":0.0018605158328839544,"upper_bound":0.0041917620208642105},"point_estimate":0.0031591569206510196,"standard_error":0.000596595180572969}}