{"mean":{"confidence_interval":{"confidence_level":0.95,"lower_bound":7.3864175735059225,"upper_bound":7.603650699817258},"point_estimate":7.466673154808127,"standard_error":0.058767996460231946},"median":{"confidence_interval":{"confidence_level":0.95,"lower_bound":7.375014508613972,"upper_bound":7.377573145360218},"point_estimate":7.375799347881691,"standard_error":0.000730083747053186},"median_abs_dev":{"confidence_interval":{"confidence_level":0.95,"lower_bound":0.004232121920829013,"upper_bound":0.008902541298901407},"point_estimate":0.0063674849955283165,"standard_error":0.0011655970087575721},"slope":{"confidence_interval":{"confidence_level":0.95,"lower_bound":7.378670986437183,"upper_bound":7.436559504352359},"point_estimate":7.3973776237539965,"standard_error":0.01658686002621998},"std_dev":{"confidence_interval":{"confidence_level":0.95,"lower_bound":0.04733635143927769,"upper_bound":0.9889663703662371},"point_estimate":0.5885379603730791,"standard_error":0.2921999900330473}}