{"mean":{"confidence_interval":{"confidence_level":0.95,"lower_bound":7.092291428093951,"upper_bound":7.130208851543713},"point_estimate":7.110783687400288,"standard_error":0.009657977733258542},"median":{"confidence_interval":{"confidence_level":0.95,"lower_bound":7.0467214240417775,"upper_bound":7.109208401326652},"point_estimate":7.062489449312631,"standard_error":0.01850780951462473},"median_abs_dev":{"confidence_interval":{"confidence_level":0.95,"lower_bound":0.023570359146550833,"upper_bound":0.11137041288707177},"point_estimate":0.04741251358479518,"standard_error":0.025749645528626828},"slope":{"confidence_interval":{"confidence_level":0.95,"lower_bound":7.092426293630433,"upper_bound":7.138828118668787},"point_estimate":7.114512114077561,"standard_error":0.011793319241080584},"std_dev":{"confidence_interval":{"confidence_level":0.95,"lower_bound":0.07948954280969832,"upper_bound":0.11088736645105515},"point_estimate":0.09646256949046916,"standard_error":0.00801003990813834}}