{"mean":{"confidence_interval":{"confidence_level":0.95,"lower_bound":-0.011872759398338022,"upper_bound":0.0000723968101272398},"point_estimate":-0.004074437331778924,"standard_error":0.0037654730417103926},"median":{"confidence_interval":{"confidence_level":0.95,"lower_bound":-0.0002487863422214742,"upper_bound":-0.00001777793942070449},"point_estimate":-0.00012994585815517823,"standard_error":0.000060675730695409795}}