{"mean":{"confidence_interval":{"confidence_level":0.95,"lower_bound":4.270306508056724,"upper_bound":4.285940912009437},"point_estimate":4.27642839992754,"standard_error":0.004152021665955532},"median":{"confidence_interval":{"confidence_level":0.95,"lower_bound":4.264273098120869,"upper_bound":4.272371121616951},"point_estimate":4.26827465668545,"standard_error":0.002003484243676727},"median_abs_dev":{"confidence_interval":{"confidence_level":0.95,"lower_bound":0.009075196622556759,"upper_bound":0.01700647149978202},"point_estimate":0.013635389891670893,"standard_error":0.0020013052782855045},"slope":{"confidence_interval":{"confidence_level":0.95,"lower_bound":4.267183905558739,"upper_bound":4.2751056926640825},"point_estimate":4.2708135558253195,"standard_error":0.002024416440077942},"std_dev":{"confidence_interval":{"confidence_level":0.95,"lower_bound":0.012890105130148629,"upper_bound":0.0684249668937311},"point_estimate":0.04169167254189437,"standard_error":0.018539998110756847}}