{"mean":{"confidence_interval":{"confidence_level":0.95,"lower_bound":-0.010431688340143375,"upper_bound":-0.007937844950943266},"point_estimate":-0.009184167614006644,"standard_error":0.0006403963160667878},"median":{"confidence_interval":{"confidence_level":0.95,"lower_bound":-0.009550938147971269,"upper_bound":-0.008861538853539797},"point_estimate":-0.009188127219294517,"standard_error":0.0001786627969109791}}