{"mean":{"confidence_interval":{"confidence_level":0.95,"lower_bound":-0.001720628002958674,"upper_bound":0.003759063613601304},"point_estimate":0.000919977193425181,"standard_error":0.0013951552890895706},"median":{"confidence_interval":{"confidence_level":0.95,"lower_bound":-0.0000770985827730497,"upper_bound":0.0007198863224167074},"point_estimate":0.00029503334053671004,"standard_error":0.00019996508381341788}}