{"mean":{"confidence_interval":{"confidence_level":0.95,"lower_bound":17.317362640142484,"upper_bound":17.36577845310004},"point_estimate":17.342235492864578,"standard_error":0.012374650450219878},"median":{"confidence_interval":{"confidence_level":0.95,"lower_bound":17.345911685331863,"upper_bound":17.414383302511826},"point_estimate":17.379965233938066,"standard_error":0.01655927289930293},"median_abs_dev":{"confidence_interval":{"confidence_level":0.95,"lower_bound":0.05657281681238101,"upper_bound":0.14705169482427638},"point_estimate":0.10274383725728703,"standard_error":0.02166430796357109},"slope":{"confidence_interval":{"confidence_level":0.95,"lower_bound":17.33662923536134,"upper_bound":17.378140097713537},"point_estimate":17.358628302780968,"standard_error":0.010608126020139696},"std_dev":{"confidence_interval":{"confidence_level":0.95,"lower_bound":0.10226979098740582,"upper_bound":0.14349607864278344},"point_estimate":0.12463869444973766,"standard_error":0.010526906224334668}}