{"mean":{"confidence_interval":{"confidence_level":0.95,"lower_bound":-0.006254007074358822,"upper_bound":0.0010267014657441397},"point_estimate":-0.001605626732932297,"standard_error":0.002192485342699585},"median":{"confidence_interval":{"confidence_level":0.95,"lower_bound":-0.00009946118539116977,"upper_bound":0.00026441874441029967},"point_estimate":0.00006376315991274417,"standard_error":0.000092364565353217}}