{"mean":{"confidence_interval":{"confidence_level":0.95,"lower_bound":-0.011116094963031854,"upper_bound":0.0010374766439900749},"point_estimate":-0.004095272606057909,"standard_error":0.0031742712012168923},"median":{"confidence_interval":{"confidence_level":0.95,"lower_bound":-0.0010878430358667313,"upper_bound":0.0004776186688166817},"point_estimate":-0.00026864360211609206,"standard_error":0.00035602906988507603}}