{"mean":{"confidence_interval":{"confidence_level":0.95,"lower_bound":-0.002066972856587856,"upper_bound":0.009919278786642931},"point_estimate":0.004019720029699414,"standard_error":0.0030494744321253116},"median":{"confidence_interval":{"confidence_level":0.95,"lower_bound":0.010941412569801079,"upper_bound":0.016784037355273073},"point_estimate":0.01531655308685198,"standard_error":0.001816664899960618}}