{"mean":{"confidence_interval":{"confidence_level":0.95,"lower_bound":-0.007223630784076186,"upper_bound":0.007492890811943724},"point_estimate":-0.00013684500463262417,"standard_error":0.0037459872814118484},"median":{"confidence_interval":{"confidence_level":0.95,"lower_bound":-0.011430352300889452,"upper_bound":0.00848115524653198},"point_estimate":-0.00476606896227616,"standard_error":0.005235530264885665}}