{"mean":{"confidence_interval":{"confidence_level":0.95,"lower_bound":2.69674147172505,"upper_bound":2.697324673242381},"point_estimate":2.69700101461003,"standard_error":0.00014953661529237532},"median":{"confidence_interval":{"confidence_level":0.95,"lower_bound":2.69651249509594,"upper_bound":2.696588650306011},"point_estimate":2.696548720004203,"standard_error":0.000021573368104942607},"median_abs_dev":{"confidence_interval":{"confidence_level":0.95,"lower_bound":0.00012851498030845093,"upper_bound":0.00022852423926415558},"point_estimate":0.0001893828997661448,"standard_error":0.000025983206772310935},"slope":{"confidence_interval":{"confidence_level":0.95,"lower_bound":2.696630016464288,"upper_bound":2.697064010729942},"point_estimate":2.6968273657615036,"standard_error":0.00011135760029348069},"std_dev":{"confidence_interval":{"confidence_level":0.95,"lower_bound":0.0007409506282911218,"upper_bound":0.002213041534871499},"point_estimate":0.0015025768771741623,"standard_error":0.00039233905557469736}}