{"mean":{"confidence_interval":{"confidence_level":0.95,"lower_bound":-0.0013212835529914202,"upper_bound":0.0015707708416293634},"point_estimate":-0.000014433166989902269,"standard_error":0.0007202673834375634},"median":{"confidence_interval":{"confidence_level":0.95,"lower_bound":-0.0011581130548807828,"upper_bound":-0.0005422193813696685},"point_estimate":-0.0009186534795366796,"standard_error":0.00016861632652309512}}