{"mean":{"confidence_interval":{"confidence_level":0.95,"lower_bound":-0.001929858255753463,"upper_bound":0.0021713409283947486},"point_estimate":0.00003940306063499044,"standard_error":0.0010362921536216662},"median":{"confidence_interval":{"confidence_level":0.95,"lower_bound":-0.0007259542386506279,"upper_bound":0.0002844642600567937},"point_estimate":-0.00026445357431670313,"standard_error":0.00025952990823688104}}