{"mean":{"confidence_interval":{"confidence_level":0.95,"lower_bound":-0.001119344244115688,"upper_bound":0.00044051008394149207},"point_estimate":-0.0003166358497045385,"standard_error":0.0003962911689848746},"median":{"confidence_interval":{"confidence_level":0.95,"lower_bound":-0.0004143446765129122,"upper_bound":0.00038170262340186945},"point_estimate":-0.00005018895338537721,"standard_error":0.00020028230616023787}}