{"mean":{"confidence_interval":{"confidence_level":0.95,"lower_bound":-0.0008211696965102793,"upper_bound":0.0007391354216756239},"point_estimate":-0.000025525356836197943,"standard_error":0.0003970554522252853},"median":{"confidence_interval":{"confidence_level":0.95,"lower_bound":-0.00007288381211256745,"upper_bound":0.0005199603678667231},"point_estimate":0.00023522746456317023,"standard_error":0.00014660752187054522}}