{"mean":{"confidence_interval":{"confidence_level":0.95,"lower_bound":-0.01327007890257345,"upper_bound":-0.0025193186596101157},"point_estimate":-0.006838324941712548,"standard_error":0.0028485607991437056},"median":{"confidence_interval":{"confidence_level":0.95,"lower_bound":-0.0008085069124834865,"upper_bound":-0.00012722193525646763},"point_estimate":-0.0004101263850115888,"standard_error":0.00017581289070341767}}