{"mean":{"confidence_interval":{"confidence_level":0.95,"lower_bound":-0.01303404119664465,"upper_bound":0.012680693705556101},"point_estimate":0.0009362843064677495,"standard_error":0.006575108337998798},"median":{"confidence_interval":{"confidence_level":0.95,"lower_bound":0.002177758351602721,"upper_bound":0.01572102667371378},"point_estimate":0.006930577852193309,"standard_error":0.003808520138355991}}