{"mean":{"confidence_interval":{"confidence_level":0.95,"lower_bound":6.282390387793263,"upper_bound":6.297313898513734},"point_estimate":6.288766178966513,"standard_error":0.0038765196023935263},"median":{"confidence_interval":{"confidence_level":0.95,"lower_bound":6.279592016843804,"upper_bound":6.283492624249681},"point_estimate":6.28114395178246,"standard_error":0.0009724506487602696},"median_abs_dev":{"confidence_interval":{"confidence_level":0.95,"lower_bound":0.005831522718601339,"upper_bound":0.011094757803504272},"point_estimate":0.007780732622351967,"standard_error":0.0012704097508778615},"slope":{"confidence_interval":{"confidence_level":0.95,"lower_bound":6.2826666115956815,"upper_bound":6.3185198531398346},"point_estimate":6.296787847110674,"standard_error":0.009605870988667274},"std_dev":{"confidence_interval":{"confidence_level":0.95,"lower_bound":0.015351487677092627,"upper_bound":0.061290595951861475},"point_estimate":0.039076796806917606,"standard_error":0.013550357099976746}}