{"mean":{"confidence_interval":{"confidence_level":0.95,"lower_bound":1.4359424052245648,"upper_bound":1.452538349580108},"point_estimate":1.4429667642893742,"standard_error":0.004317274442233641},"median":{"confidence_interval":{"confidence_level":0.95,"lower_bound":1.4340276216406749,"upper_bound":1.434597102342505},"point_estimate":1.4344460401566685,"standard_error":0.00013407977982347533},"median_abs_dev":{"confidence_interval":{"confidence_level":0.95,"lower_bound":0.0009273323164649734,"upper_bound":0.0018041018639186064},"point_estimate":0.001199356649085343,"standard_error":0.00021358267735419422},"slope":{"confidence_interval":{"confidence_level":0.95,"lower_bound":1.435050784360397,"upper_bound":1.4582570431436508},"point_estimate":1.4431441502588058,"standard_error":0.006568392300321897},"std_dev":{"confidence_interval":{"confidence_level":0.95,"lower_bound":0.006630415929523711,"upper_bound":0.06644417250493068},"point_estimate":0.043350595189730556,"standard_error":0.015400714311764784}}