{"mean":{"confidence_interval":{"confidence_level":0.95,"lower_bound":-0.016859252411598583,"upper_bound":-0.008596492206412875},"point_estimate":-0.01267014069558492,"standard_error":0.0021063253488950544},"median":{"confidence_interval":{"confidence_level":0.95,"lower_bound":-0.01860700594724385,"upper_bound":-0.004939357976010306},"point_estimate":-0.013391775030968223,"standard_error":0.0034989846547537613}}