{"mean":{"confidence_interval":{"confidence_level":0.95,"lower_bound":2.5123504780716845,"upper_bound":2.5199759857653445},"point_estimate":2.5156694677293423,"standard_error":0.0019682071395563023},"median":{"confidence_interval":{"confidence_level":0.95,"lower_bound":2.510915828775484,"upper_bound":2.5120229951319026},"point_estimate":2.5115966458811703,"standard_error":0.0002732777090452448},"median_abs_dev":{"confidence_interval":{"confidence_level":0.95,"lower_bound":0.0020865781216846675,"upper_bound":0.0038467385911103557},"point_estimate":0.0026900318679096984,"standard_error":0.00042633970367098284},"slope":{"confidence_interval":{"confidence_level":0.95,"lower_bound":2.51270029278604,"upper_bound":2.5230581976068134},"point_estimate":2.5171585123393285,"standard_error":0.0026593922659168957},"std_dev":{"confidence_interval":{"confidence_level":0.95,"lower_bound":0.007948827657649857,"upper_bound":0.029485589696682628},"point_estimate":0.01972911959243741,"standard_error":0.005697801031716991}}