{"mean":{"confidence_interval":{"confidence_level":0.95,"lower_bound":-0.0020699553104203653,"upper_bound":0.0076102489274257395},"point_estimate":0.002599207645835433,"standard_error":0.002496897024045727},"median":{"confidence_interval":{"confidence_level":0.95,"lower_bound":-0.0006781672613688305,"upper_bound":0.0005171942694091047},"point_estimate":-0.0002215575959588767,"standard_error":0.0002722911371510661}}