{"mean":{"confidence_interval":{"confidence_level":0.95,"lower_bound":3.0906781301994024,"upper_bound":3.0932528901024368},"point_estimate":3.0919310715644093,"standard_error":0.0006553802626855904},"median":{"confidence_interval":{"confidence_level":0.95,"lower_bound":3.08697029073276,"upper_bound":3.092289593408434},"point_estimate":3.0883743574859324,"standard_error":0.0012670240961964445},"median_abs_dev":{"confidence_interval":{"confidence_level":0.95,"lower_bound":0.000577623632072296,"upper_bound":0.0079973602008557},"point_estimate":0.0025397426559833143,"standard_error":0.0017628277223521378},"slope":{"confidence_interval":{"confidence_level":0.95,"lower_bound":3.092689039645608,"upper_bound":3.0955909365285748},"point_estimate":3.0942078707041976,"standard_error":0.0007383808706359246},"std_dev":{"confidence_interval":{"confidence_level":0.95,"lower_bound":0.005388078354007419,"upper_bound":0.007680595380577763},"point_estimate":0.0065828096246326115,"standard_error":0.0005853993536113007}}