{"mean":{"confidence_interval":{"confidence_level":0.95,"lower_bound":3.4785656341955975,"upper_bound":3.5308836931358325},"point_estimate":3.5036482592306872,"standard_error":0.013351022659687151},"median":{"confidence_interval":{"confidence_level":0.95,"lower_bound":3.417621494256532,"upper_bound":3.4644210823614294},"point_estimate":3.4314258408490974,"standard_error":0.013821307001722639},"median_abs_dev":{"confidence_interval":{"confidence_level":0.95,"lower_bound":0.019219721083399463,"upper_bound":0.08815413526687484},"point_estimate":0.03951108954272283,"standard_error":0.020298552736799983},"slope":{"confidence_interval":{"confidence_level":0.95,"lower_bound":3.482826864206953,"upper_bound":3.548101600068214},"point_estimate":3.513592378019972,"standard_error":0.016688031815086404},"std_dev":{"confidence_interval":{"confidence_level":0.95,"lower_bound":0.10705550267200116,"upper_bound":0.15802668908032427},"point_estimate":0.13396836848349244,"standard_error":0.013027635178663633}}