{"mean":{"confidence_interval":{"confidence_level":0.95,"lower_bound":-0.0015677260616768372,"upper_bound":0.018009451260548332},"point_estimate":0.007931115576625292,"standard_error":0.004964981237113668},"median":{"confidence_interval":{"confidence_level":0.95,"lower_bound":0.008828944980103559,"upper_bound":0.027083011605189666},"point_estimate":0.017767942281690985,"standard_error":0.004737550877962492}}