{"mean":{"confidence_interval":{"confidence_level":0.95,"lower_bound":-0.021021095235782754,"upper_bound":-0.002004183631115603},"point_estimate":-0.009016257781925052,"standard_error":0.005406900331227942},"median":{"confidence_interval":{"confidence_level":0.95,"lower_bound":-0.0005907976924988123,"upper_bound":0.00039590771498732523},"point_estimate":-0.0001422246399535032,"standard_error":0.00024213981088517386}}