{"mean":{"confidence_interval":{"confidence_level":0.95,"lower_bound":-0.0010627086702958781,"upper_bound":0.0011309169552112688},"point_estimate":0.00005136107104020127,"standard_error":0.0005579619746771489},"median":{"confidence_interval":{"confidence_level":0.95,"lower_bound":-0.000418744380840627,"upper_bound":0.00038483589268927215},"point_estimate":0.00007728058497735724,"standard_error":0.00020726923689924387}}