{"mean":{"confidence_interval":{"confidence_level":0.95,"lower_bound":-0.0010598069998946798,"upper_bound":0.0008315392600669989},"point_estimate":-0.000088321738474062,"standard_error":0.00048226544440843475},"median":{"confidence_interval":{"confidence_level":0.95,"lower_bound":-0.00021083816945988154,"upper_bound":0.00034149844470476864},"point_estimate":0.00006755595367180511,"standard_error":0.00013972070600965755}}