{"mean":{"confidence_interval":{"confidence_level":0.95,"lower_bound":13.410602279243463,"upper_bound":13.420335288124992},"point_estimate":13.414453584683942,"standard_error":0.0025596811861525928},"median":{"confidence_interval":{"confidence_level":0.95,"lower_bound":13.407509740450296,"upper_bound":13.409230967182696},"point_estimate":13.408150892415119,"standard_error":0.00041780051749217305},"median_abs_dev":{"confidence_interval":{"confidence_level":0.95,"lower_bound":0.00187293751790167,"upper_bound":0.003660246600385748},"point_estimate":0.0024530096971055117,"standard_error":0.0004382115565793744},"slope":{"confidence_interval":{"confidence_level":0.95,"lower_bound":13.410199412325513,"upper_bound":13.416800736134174},"point_estimate":13.413179801318185,"standard_error":0.0016941320655366734},"std_dev":{"confidence_interval":{"confidence_level":0.95,"lower_bound":0.008058816180661168,"upper_bound":0.04175440145021523},"point_estimate":0.025657010499126193,"standard_error":0.010908221373224789}}