{"mean":{"confidence_interval":{"confidence_level":0.95,"lower_bound":-0.0016137207458762231,"upper_bound":0.0006869620144577867},"point_estimate":-0.0003590549424021816,"standard_error":0.000584407555347937},"median":{"confidence_interval":{"confidence_level":0.95,"lower_bound":-0.0003201192333679437,"upper_bound":0.0003267017426364976},"point_estimate":-0.00007869027083429181,"standard_error":0.00017748276705155492}}