{"mean":{"confidence_interval":{"confidence_level":0.95,"lower_bound":-0.04589835958594758,"upper_bound":-0.03472317028139556},"point_estimate":-0.04022874762320694,"standard_error":0.0028488209154027147},"median":{"confidence_interval":{"confidence_level":0.95,"lower_bound":-0.04469825513380481,"upper_bound":-0.035374431157785935},"point_estimate":-0.0400070959448261,"standard_error":0.0024585980276348373}}