{"mean":{"confidence_interval":{"confidence_level":0.95,"lower_bound":0.027769232603523066,"upper_bound":0.035705454143131886},"point_estimate":0.031509058985777605,"standard_error":0.0020576887403749924},"median":{"confidence_interval":{"confidence_level":0.95,"lower_bound":0.0298163633369272,"upper_bound":0.03142606708682494},"point_estimate":0.03083911782154125,"standard_error":0.00041220088673510374}}