{"mean":{"confidence_interval":{"confidence_level":0.95,"lower_bound":0.05957074498326004,"upper_bound":0.060594627527675596},"point_estimate":0.06010385533790408,"standard_error":0.0002606834457865433},"median":{"confidence_interval":{"confidence_level":0.95,"lower_bound":0.06000227593608831,"upper_bound":0.06018782002104506},"point_estimate":0.06007491064955883,"standard_error":0.000044179062296607426}}