{"mean":{"confidence_interval":{"confidence_level":0.95,"lower_bound":6.697306226892806,"upper_bound":6.704656772291729},"point_estimate":6.700755227274137,"standard_error":0.0018738463656364202},"median":{"confidence_interval":{"confidence_level":0.95,"lower_bound":6.696652761671208,"upper_bound":6.699774417419683},"point_estimate":6.698207766971203,"standard_error":0.000823450547578525},"median_abs_dev":{"confidence_interval":{"confidence_level":0.95,"lower_bound":0.00462530387237996,"upper_bound":0.008165992750930553},"point_estimate":0.00623456257853672,"standard_error":0.000932705392491146},"slope":{"confidence_interval":{"confidence_level":0.95,"lower_bound":6.698722131940384,"upper_bound":6.705661614458408},"point_estimate":6.701859567351266,"standard_error":0.0017787839856796973},"std_dev":{"confidence_interval":{"confidence_level":0.95,"lower_bound":0.01207659217530048,"upper_bound":0.024917873293602306},"point_estimate":0.01875269712294913,"standard_error":0.003317080256776758}}