{"mean":{"confidence_interval":{"confidence_level":0.95,"lower_bound":0.03399336180659989,"upper_bound":0.05380942447623278},"point_estimate":0.04578039265729972,"standard_error":0.005237262888993819},"median":{"confidence_interval":{"confidence_level":0.95,"lower_bound":0.05137238783079989,"upper_bound":0.05206042778812826},"point_estimate":0.05168812900794317,"standard_error":0.00017628894250741806}}