{"mean":{"confidence_interval":{"confidence_level":0.95,"lower_bound":-0.001800017091728817,"upper_bound":0.0011064641466319578},"point_estimate":-0.00034079664542685517,"standard_error":0.0007345869444937762},"median":{"confidence_interval":{"confidence_level":0.95,"lower_bound":-0.0005491100687865955,"upper_bound":0.00018140199598959406},"point_estimate":-0.00017582177577968316,"standard_error":0.00018349239831794975}}