{"mean":{"confidence_interval":{"confidence_level":0.95,"lower_bound":-0.0005094382428974892,"upper_bound":0.0014733306569709608},"point_estimate":0.0004491693052202095,"standard_error":0.0005053537596995723},"median":{"confidence_interval":{"confidence_level":0.95,"lower_bound":-0.00040247459365161387,"upper_bound":0.0003467010937043824},"point_estimate":-7.791186501182601e-6,"standard_error":0.000187949468894722}}