{"mean":{"confidence_interval":{"confidence_level":0.95,"lower_bound":1.7336803662517741,"upper_bound":1.7549682629756138},"point_estimate":1.7429772515775155,"standard_error":0.005479394431945927},"median":{"confidence_interval":{"confidence_level":0.95,"lower_bound":1.7309709281467884,"upper_bound":1.7321451632972102},"point_estimate":1.7314735105534553,"standard_error":0.00025686192768962926},"median_abs_dev":{"confidence_interval":{"confidence_level":0.95,"lower_bound":0.0026745727647351403,"upper_bound":0.009913510308398384},"point_estimate":0.005998725775122107,"standard_error":0.001969028856057039},"slope":{"confidence_interval":{"confidence_level":0.95,"lower_bound":1.7274145939542016,"upper_bound":1.7348435315493513},"point_estimate":1.730936944865921,"standard_error":0.0018992304513518396},"std_dev":{"confidence_interval":{"confidence_level":0.95,"lower_bound":0.019929868639921782,"upper_bound":0.08230826042431257},"point_estimate":0.05507858034304225,"standard_error":0.01578378152754959}}