{"mean":{"confidence_interval":{"confidence_level":0.95,"lower_bound":3.0787527865489164,"upper_bound":3.0924143723284234},"point_estimate":3.084805987268851,"standard_error":0.0035182662491139286},"median":{"confidence_interval":{"confidence_level":0.95,"lower_bound":3.0730335038850063,"upper_bound":3.0748972447272225},"point_estimate":3.073908286232791,"standard_error":0.0004754923956764769},"median_abs_dev":{"confidence_interval":{"confidence_level":0.95,"lower_bound":0.0029456587846984194,"upper_bound":0.006056515477371316},"point_estimate":0.004539886921714379,"standard_error":0.0007686157068119018},"slope":{"confidence_interval":{"confidence_level":0.95,"lower_bound":3.0775198697160673,"upper_bound":3.093500339774293},"point_estimate":3.084773410645234,"standard_error":0.0041149184091322935},"std_dev":{"confidence_interval":{"confidence_level":0.95,"lower_bound":0.017549230420883025,"upper_bound":0.052101442770689545},"point_estimate":0.035271337639305546,"standard_error":0.009662141587702207}}