{"mean":{"confidence_interval":{"confidence_level":0.95,"lower_bound":-0.012292831016585667,"upper_bound":0.0007785592655290193},"point_estimate":-0.00697130643799182,"standard_error":0.0033306816952533612},"median":{"confidence_interval":{"confidence_level":0.95,"lower_bound":-0.01193570547157774,"upper_bound":-0.011004684931296027},"point_estimate":-0.011411193361982264,"standard_error":0.0002447897171115127}}