{"mean":{"confidence_interval":{"confidence_level":0.95,"lower_bound":-0.01444679697780789,"upper_bound":-0.00031206672893944754},"point_estimate":-0.005988004522162527,"standard_error":0.0038362277493649856},"median":{"confidence_interval":{"confidence_level":0.95,"lower_bound":-0.00043501125692901876,"upper_bound":-0.00010699839177652493},"point_estimate":-0.00026155733018218275,"standard_error":0.00007771591487908044}}