{"mean":{"confidence_interval":{"confidence_level":0.95,"lower_bound":-0.000938994299724144,"upper_bound":0.0008923893900257713},"point_estimate":-0.000019956660856190744,"standard_error":0.00046552455362429445},"median":{"confidence_interval":{"confidence_level":0.95,"lower_bound":-0.00019104468263686503,"upper_bound":0.0004971718913946529},"point_estimate":0.0001773043536776875,"standard_error":0.00017615514721454144}}