{"mean":{"confidence_interval":{"confidence_level":0.95,"lower_bound":27.824076431184455,"upper_bound":27.926687585573028},"point_estimate":27.8745883010739,"standard_error":0.026215290582639},"median":{"confidence_interval":{"confidence_level":0.95,"lower_bound":27.87264018033249,"upper_bound":27.936914389743478},"point_estimate":27.900999379463844,"standard_error":0.015024635920190812},"median_abs_dev":{"confidence_interval":{"confidence_level":0.95,"lower_bound":0.14206220982175774,"upper_bound":0.22143863640841815},"point_estimate":0.1861469108198822,"standard_error":0.02158017364407035},"slope":{"confidence_interval":{"confidence_level":0.95,"lower_bound":27.82628319850462,"upper_bound":27.91727766456427},"point_estimate":27.87200493102893,"standard_error":0.023213834406045825},"std_dev":{"confidence_interval":{"confidence_level":0.95,"lower_bound":0.19784633658324985,"upper_bound":0.3261919112139773},"point_estimate":0.2620929160320758,"standard_error":0.03318881612045239}}