{"mean":{"confidence_interval":{"confidence_level":0.95,"lower_bound":15.27674176574231,"upper_bound":15.364901183373988},"point_estimate":15.314812102516235,"standard_error":0.022842165653717616},"median":{"confidence_interval":{"confidence_level":0.95,"lower_bound":15.257808178100394,"upper_bound":15.26076253403972},"point_estimate":15.259506790318259,"standard_error":0.0007433270035615728},"median_abs_dev":{"confidence_interval":{"confidence_level":0.95,"lower_bound":0.0034877610943551177,"upper_bound":0.0071508136804462495},"point_estimate":0.005282742514932047,"standard_error":0.0009024272946428393},"slope":{"confidence_interval":{"confidence_level":0.95,"lower_bound":15.273434236453703,"upper_bound":15.35831297509077},"point_estimate":15.311096232128504,"standard_error":0.02191392041227703},"std_dev":{"confidence_interval":{"confidence_level":0.95,"lower_bound":0.08717686372339616,"upper_bound":0.3513894929966194},"point_estimate":0.22893414489290134,"standard_error":0.07210946936490399}}