{"mean":{"confidence_interval":{"confidence_level":0.95,"lower_bound":0.028675920412834066,"upper_bound":0.03852293395659294},"point_estimate":0.03297459836941807,"standard_error":0.002558067700281286},"median":{"confidence_interval":{"confidence_level":0.95,"lower_bound":0.02975384016638105,"upper_bound":0.03039837975707127},"point_estimate":0.030060681926414645,"standard_error":0.0001677922423696169}}