{"mean":{"confidence_interval":{"confidence_level":0.95,"lower_bound":-0.00045059099807977785,"upper_bound":0.001109533777812826},"point_estimate":0.0003167854754067001,"standard_error":0.00039817329365315364},"median":{"confidence_interval":{"confidence_level":0.95,"lower_bound":-0.0003043788202200526,"upper_bound":0.000555991622282352},"point_estimate":0.00011006205627195342,"standard_error":0.0002208444682588084}}