{"mean":{"confidence_interval":{"confidence_level":0.95,"lower_bound":6.0685637930239125,"upper_bound":6.074238983559577},"point_estimate":6.071316871944886,"standard_error":0.001446467598169151},"median":{"confidence_interval":{"confidence_level":0.95,"lower_bound":6.067488393342224,"upper_bound":6.071701000579353},"point_estimate":6.068985866661002,"standard_error":0.0011454061225358604},"median_abs_dev":{"confidence_interval":{"confidence_level":0.95,"lower_bound":0.005488990911665411,"upper_bound":0.009836724574472272},"point_estimate":0.007129875024814266,"standard_error":0.0010878245223493257},"slope":{"confidence_interval":{"confidence_level":0.95,"lower_bound":6.070026121468573,"upper_bound":6.075368008899786},"point_estimate":6.072399495242182,"standard_error":0.0013761251704400418},"std_dev":{"confidence_interval":{"confidence_level":0.95,"lower_bound":0.011180528095283259,"upper_bound":0.017558184012445553},"point_estimate":0.014511343626937704,"standard_error":0.001632984142409149}}