{"mean":{"confidence_interval":{"confidence_level":0.95,"lower_bound":19.584758583049155,"upper_bound":19.617240868316248},"point_estimate":19.5967141648861,"standard_error":0.009150016370357974},"median":{"confidence_interval":{"confidence_level":0.95,"lower_bound":19.578782964160965,"upper_bound":19.58083250852105},"point_estimate":19.57949182267673,"standard_error":0.000544129604396768},"median_abs_dev":{"confidence_interval":{"confidence_level":0.95,"lower_bound":0.0024076763523791377,"upper_bound":0.00649308588067911},"point_estimate":0.0037183252142200503,"standard_error":0.0010013795793972237},"slope":{"confidence_interval":{"confidence_level":0.95,"lower_bound":19.582385251264455,"upper_bound":19.58812339174845},"point_estimate":19.585011210940362,"standard_error":0.0014656449327035191},"std_dev":{"confidence_interval":{"confidence_level":0.95,"lower_bound":0.015663926652866908,"upper_bound":0.15513954664593912},"point_estimate":0.09198311279238215,"standard_error":0.047827972766666574}}