{"mean":{"confidence_interval":{"confidence_level":0.95,"lower_bound":16.188214843629186,"upper_bound":16.19429465490955},"point_estimate":16.19079175522164,"standard_error":0.0015737746585038337},"median":{"confidence_interval":{"confidence_level":0.95,"lower_bound":16.185718869956283,"upper_bound":16.187307194989074},"point_estimate":16.186143584310262,"standard_error":0.000388289249454724},"median_abs_dev":{"confidence_interval":{"confidence_level":0.95,"lower_bound":0.002131223864666818,"upper_bound":0.004583696731904544},"point_estimate":0.003302230218796407,"standard_error":0.0006726657094567899},"slope":{"confidence_interval":{"confidence_level":0.95,"lower_bound":16.18704023098918,"upper_bound":16.19081277120946},"point_estimate":16.18881023286263,"standard_error":0.0009634497270282431},"std_dev":{"confidence_interval":{"confidence_level":0.95,"lower_bound":0.006800736884639471,"upper_bound":0.02471429445025236},"point_estimate":0.01587402054218173,"standard_error":0.00546888400184445}}