{"mean":{"confidence_interval":{"confidence_level":0.95,"lower_bound":-0.0001519999316017559,"upper_bound":0.011005260955968576},"point_estimate":0.004242198191892976,"standard_error":0.002840676242352661},"median":{"confidence_interval":{"confidence_level":0.95,"lower_bound":-0.0006332782124510716,"upper_bound":0.00008553529472243859},"point_estimate":-0.0002752759087085721,"standard_error":0.00018135910275027958}}