{"mean":{"confidence_interval":{"confidence_level":0.95,"lower_bound":0.02461830013511354,"upper_bound":0.02917647008436339},"point_estimate":0.026752549681792637,"standard_error":0.0012509870156532058},"median":{"confidence_interval":{"confidence_level":0.95,"lower_bound":0.024886261644000866,"upper_bound":0.02566906356189058},"point_estimate":0.025249811502989106,"standard_error":0.00020012482693181747}}