{"mean":{"confidence_interval":{"confidence_level":0.95,"lower_bound":-0.0007858765475210777,"upper_bound":0.0007730406238151131},"point_estimate":-0.000013615211522766124,"standard_error":0.0003997529390124216},"median":{"confidence_interval":{"confidence_level":0.95,"lower_bound":-0.0003291920890651223,"upper_bound":0.0002294808829508277},"point_estimate":-0.00003398032236823223,"standard_error":0.0001405142505834238}}