{"mean":{"confidence_interval":{"confidence_level":0.95,"lower_bound":-0.0006676799758626118,"upper_bound":0.0006256040749746779},"point_estimate":-0.00003344565920060383,"standard_error":0.0003303736546092718},"median":{"confidence_interval":{"confidence_level":0.95,"lower_bound":-0.00028339589806758436,"upper_bound":0.00037501233559811276},"point_estimate":1.9154962132006403e-6,"standard_error":0.00016782130636552577}}