{"mean":{"confidence_interval":{"confidence_level":0.95,"lower_bound":6.9344770497932755,"upper_bound":6.942584052027513},"point_estimate":6.938281788548096,"standard_error":0.0020723705718156517},"median":{"confidence_interval":{"confidence_level":0.95,"lower_bound":6.9328087585208396,"upper_bound":6.937500186584431},"point_estimate":6.935876813191953,"standard_error":0.0011476514263590708},"median_abs_dev":{"confidence_interval":{"confidence_level":0.95,"lower_bound":0.006647769193553273,"upper_bound":0.011844303780563527},"point_estimate":0.008407522353724533,"standard_error":0.0012780694735252804},"slope":{"confidence_interval":{"confidence_level":0.95,"lower_bound":6.935657527555792,"upper_bound":6.940917409870328},"point_estimate":6.938111748616879,"standard_error":0.0013485841374334686},"std_dev":{"confidence_interval":{"confidence_level":0.95,"lower_bound":0.01296785235430012,"upper_bound":0.02814257481249059},"point_estimate":0.020813485140629855,"standard_error":0.003939853959547332}}