{"mean":{"confidence_interval":{"confidence_level":0.95,"lower_bound":3.4055195142133567,"upper_bound":3.4074534196770188},"point_estimate":3.4062896360618793,"standard_error":0.0005086825738237571},"median":{"confidence_interval":{"confidence_level":0.95,"lower_bound":3.4049078083955644,"upper_bound":3.4052165099667797},"point_estimate":3.405003431011518,"standard_error":0.00008032321778176035},"median_abs_dev":{"confidence_interval":{"confidence_level":0.95,"lower_bound":0.00031913375223497026,"upper_bound":0.000723821511939221},"point_estimate":0.00047113248603542423,"standard_error":0.00010569032878895358},"slope":{"confidence_interval":{"confidence_level":0.95,"lower_bound":3.405397895795419,"upper_bound":3.407883347430079},"point_estimate":3.4063316584944276,"standard_error":0.0006673065184324006},"std_dev":{"confidence_interval":{"confidence_level":0.95,"lower_bound":0.001511054411213835,"upper_bound":0.00829657949437224},"point_estimate":0.005095672631562679,"standard_error":0.0021448878746913743}}