{"mean":{"confidence_interval":{"confidence_level":0.95,"lower_bound":-0.013279673146721663,"upper_bound":-0.001585734291732898},"point_estimate":-0.008038030714920263,"standard_error":0.0030950649491371424},"median":{"confidence_interval":{"confidence_level":0.95,"lower_bound":-0.012632154843181032,"upper_bound":-0.011234587608483148},"point_estimate":-0.012009153243207948,"standard_error":0.000379570228276419}}