{"mean":{"confidence_interval":{"confidence_level":0.95,"lower_bound":-0.0018365392074064923,"upper_bound":0.004036547214552809},"point_estimate":0.0009422189518715207,"standard_error":0.0014962541856235506},"median":{"confidence_interval":{"confidence_level":0.95,"lower_bound":-0.0007985826807100915,"upper_bound":0.00010327211110516821},"point_estimate":-0.00027242664353999135,"standard_error":0.00020960003920325054}}