{"mean":{"confidence_interval":{"confidence_level":0.95,"lower_bound":-0.0007196736481805215,"upper_bound":0.0013580970371704127},"point_estimate":0.0002907795024604809,"standard_error":0.0005179297410952486},"median":{"confidence_interval":{"confidence_level":0.95,"lower_bound":-0.0004079565259750284,"upper_bound":0.00021803001839490411},"point_estimate":-0.00013213395857625265,"standard_error":0.00016264613625933795}}