{"mean":{"confidence_interval":{"confidence_level":0.95,"lower_bound":-0.0006827323952254073,"upper_bound":0.004960181495684049},"point_estimate":0.0018504971872814746,"standard_error":0.001403420455058638},"median":{"confidence_interval":{"confidence_level":0.95,"lower_bound":-0.0000206633971086001,"upper_bound":0.0004992067441977888},"point_estimate":0.00019189591916646265,"standard_error":0.0001355418019240039}}