{"mean":{"confidence_interval":{"confidence_level":0.95,"lower_bound":-0.01437341702059845,"upper_bound":-0.00023167468761652098},"point_estimate":-0.006441340071021817,"standard_error":0.003647247292427366},"median":{"confidence_interval":{"confidence_level":0.95,"lower_bound":-0.0005554912453408223,"upper_bound":0.001175082978055686},"point_estimate":0.00041477703145931244,"standard_error":0.00046469855208752515}}