{"mean":{"confidence_interval":{"confidence_level":0.95,"lower_bound":2.3450814455598032,"upper_bound":2.34590990697195},"point_estimate":2.3454722552343004,"standard_error":0.00021186208449478852},"median":{"confidence_interval":{"confidence_level":0.95,"lower_bound":2.344523603085022,"upper_bound":2.34483285103906},"point_estimate":2.344716667902339,"standard_error":0.0000981349039442499},"median_abs_dev":{"confidence_interval":{"confidence_level":0.95,"lower_bound":0.0005259020116914614,"upper_bound":0.000994755875486355},"point_estimate":0.000765891808098456,"standard_error":0.00012517327997719476},"slope":{"confidence_interval":{"confidence_level":0.95,"lower_bound":2.345137810809097,"upper_bound":2.3459631149976863},"point_estimate":2.3455319303741025,"standard_error":0.00021028806764915596},"std_dev":{"confidence_interval":{"confidence_level":0.95,"lower_bound":0.001470357134674842,"upper_bound":0.002741046388576029},"point_estimate":0.002133495725070282,"standard_error":0.0003263644883629549}}