{"mean":{"confidence_interval":{"confidence_level":0.95,"lower_bound":3.4355782052247235,"upper_bound":3.437387502842055},"point_estimate":3.436254369938618,"standard_error":0.0005011988952130489},"median":{"confidence_interval":{"confidence_level":0.95,"lower_bound":3.4353898869182773,"upper_bound":3.4356347193160426},"point_estimate":3.4355174525458803,"standard_error":0.0000606138678955561},"median_abs_dev":{"confidence_interval":{"confidence_level":0.95,"lower_bound":0.00026847651197345015,"upper_bound":0.0005165612097815659},"point_estimate":0.0003687327003033277,"standard_error":0.000059086672906918876},"slope":{"confidence_interval":{"confidence_level":0.95,"lower_bound":3.435473633083907,"upper_bound":3.4359531478010945},"point_estimate":3.435687080423632,"standard_error":0.00012320686409037203},"std_dev":{"confidence_interval":{"confidence_level":0.95,"lower_bound":0.0008897309043213355,"upper_bound":0.008460764002111938},"point_estimate":0.005038448885595224,"standard_error":0.0025354624721625947}}