{"mean":{"confidence_interval":{"confidence_level":0.95,"lower_bound":-0.00853923076411631,"upper_bound":0.02153672311434058},"point_estimate":0.0055461510058456565,"standard_error":0.007874234707961843},"median":{"confidence_interval":{"confidence_level":0.95,"lower_bound":-0.011155447706560073,"upper_bound":-0.002441586905201687},"point_estimate":-0.0078578734828475,"standard_error":0.0022324912343102813}}