{"mean":{"confidence_interval":{"confidence_level":0.95,"lower_bound":-0.00034220852488190106,"upper_bound":0.004102070322351485},"point_estimate":0.0012581735621679524,"standard_error":0.0011534743010967459},"median":{"confidence_interval":{"confidence_level":0.95,"lower_bound":-0.0003172626890293184,"upper_bound":0.00040656499493074705},"point_estimate":0.00008000398797558539,"standard_error":0.00019438087798371036}}