{"mean":{"confidence_interval":{"confidence_level":0.95,"lower_bound":-0.002700341806503567,"upper_bound":0.00016973566379337995},"point_estimate":-0.0010480160578622,"standard_error":0.0007405468940154217},"median":{"confidence_interval":{"confidence_level":0.95,"lower_bound":-0.0005534607795454338,"upper_bound":0.00008799883605492553},"point_estimate":-0.00021911625221349151,"standard_error":0.00016653512033299966}}