{"mean":{"confidence_interval":{"confidence_level":0.95,"lower_bound":3.6013191103725024,"upper_bound":3.6038656942236655},"point_estimate":3.602304722962444,"standard_error":0.0006727779988457523},"median":{"confidence_interval":{"confidence_level":0.95,"lower_bound":3.6009657495126524,"upper_bound":3.6015062207222126},"point_estimate":3.601239863230954,"standard_error":0.00015929077271778006},"median_abs_dev":{"confidence_interval":{"confidence_level":0.95,"lower_bound":0.0007393683065090176,"upper_bound":0.0013021755810827596},"point_estimate":0.0009832480206081614,"standard_error":0.0001489785436674906},"slope":{"confidence_interval":{"confidence_level":0.95,"lower_bound":3.6011181395358207,"upper_bound":3.6019568018011054},"point_estimate":3.60150139161664,"standard_error":0.00021400655872106262},"std_dev":{"confidence_interval":{"confidence_level":0.95,"lower_bound":0.001475393147028869,"upper_bound":0.011176870353619382},"point_estimate":0.0067666915269664115,"standard_error":0.003005024551516461}}