{"mean":{"confidence_interval":{"confidence_level":0.95,"lower_bound":6.905495008928857,"upper_bound":6.912684991333562},"point_estimate":6.908941924244829,"standard_error":0.0018328961291289966},"median":{"confidence_interval":{"confidence_level":0.95,"lower_bound":6.906134873244718,"upper_bound":6.908562208054381},"point_estimate":6.907554195938527,"standard_error":0.0006545506869416088},"median_abs_dev":{"confidence_interval":{"confidence_level":0.95,"lower_bound":0.0048137695304512305,"upper_bound":0.010433459710600746},"point_estimate":0.007320178185998791,"standard_error":0.0014733223141684922},"slope":{"confidence_interval":{"confidence_level":0.95,"lower_bound":6.907532415294089,"upper_bound":6.912449731832162},"point_estimate":6.909824165153631,"standard_error":0.0012581835509348333},"std_dev":{"confidence_interval":{"confidence_level":0.95,"lower_bound":0.013085447114625006,"upper_bound":0.023896896661427535},"point_estimate":0.01843444906352496,"standard_error":0.0028238647906046505}}