{"mean":{"confidence_interval":{"confidence_level":0.95,"lower_bound":3.1583751096911827,"upper_bound":3.175006609689591},"point_estimate":3.1663093386605685,"standard_error":0.004250936140216738},"median":{"confidence_interval":{"confidence_level":0.95,"lower_bound":3.1398005376674183,"upper_bound":3.155155327469201},"point_estimate":3.1409838417415608,"standard_error":0.0039021698762869658},"median_abs_dev":{"confidence_interval":{"confidence_level":0.95,"lower_bound":0.0014838930805057752,"upper_bound":0.02382441501448938},"point_estimate":0.003492204184837205,"standard_error":0.005675685608951812},"slope":{"confidence_interval":{"confidence_level":0.95,"lower_bound":3.1645595557492747,"upper_bound":3.18458609893603},"point_estimate":3.174315562718384,"standard_error":0.005098287040997104},"std_dev":{"confidence_interval":{"confidence_level":0.95,"lower_bound":0.032028285460203226,"upper_bound":0.05163545169634872},"point_estimate":0.0426522053654585,"standard_error":0.004994019378082589}}