{"mean":{"confidence_interval":{"confidence_level":0.95,"lower_bound":-0.001044456304723132,"upper_bound":0.0007656581568777906},"point_estimate":-0.0002485816295494381,"standard_error":0.0004601360305471293},"median":{"confidence_interval":{"confidence_level":0.95,"lower_bound":-0.0009295074750822385,"upper_bound":-0.00021245157174376583},"point_estimate":-0.0005512292860619938,"standard_error":0.00018888972722790807}}