{"mean":{"confidence_interval":{"confidence_level":0.95,"lower_bound":-0.0009401452738582254,"upper_bound":0.0005918713694119669},"point_estimate":-0.00015219777950636892,"standard_error":0.00039146360040531123},"median":{"confidence_interval":{"confidence_level":0.95,"lower_bound":-0.0002904609910394651,"upper_bound":0.00020143398598104767},"point_estimate":-0.00002342041976599596,"standard_error":0.00011573825595584945}}