{"mean":{"confidence_interval":{"confidence_level":0.95,"lower_bound":-0.033695355574946864,"upper_bound":-0.024239145656911446},"point_estimate":-0.0281323883934681,"standard_error":0.0024668227895503292},"median":{"confidence_interval":{"confidence_level":0.95,"lower_bound":-0.027323818954717805,"upper_bound":-0.026128610642620398},"point_estimate":-0.026774379524678094,"standard_error":0.0002932270408664079}}