{"mean":{"confidence_interval":{"confidence_level":0.95,"lower_bound":3.9699066778012253,"upper_bound":3.983431706063543},"point_estimate":3.976570162328252,"standard_error":0.0034585700854963407},"median":{"confidence_interval":{"confidence_level":0.95,"lower_bound":3.9619730976296297,"upper_bound":3.97791130331676},"point_estimate":3.9698785919389676,"standard_error":0.0047315223341407135},"median_abs_dev":{"confidence_interval":{"confidence_level":0.95,"lower_bound":0.02725246780264569,"upper_bound":0.04796053725693},"point_estimate":0.03894483062622579,"standard_error":0.0051467329871555095},"slope":{"confidence_interval":{"confidence_level":0.95,"lower_bound":3.964955548651668,"upper_bound":3.978570589581873},"point_estimate":3.971570639314603,"standard_error":0.00347508508248347},"std_dev":{"confidence_interval":{"confidence_level":0.95,"lower_bound":0.030341045586243107,"upper_bound":0.03828186733225611},"point_estimate":0.034713850934405543,"standard_error":0.0020314068824418513}}