{"mean":{"confidence_interval":{"confidence_level":0.95,"lower_bound":2.554153531746275,"upper_bound":2.5548349256007796},"point_estimate":2.5544669935432864,"standard_error":0.00017476991333927597},"median":{"confidence_interval":{"confidence_level":0.95,"lower_bound":2.553846014852827,"upper_bound":2.5540615219225584},"point_estimate":2.5540076773295066,"standard_error":0.0000539528221852075},"median_abs_dev":{"confidence_interval":{"confidence_level":0.95,"lower_bound":0.000364874015322377,"upper_bound":0.000545591708077279},"point_estimate":0.00044322523309739555,"standard_error":0.00004750411727587342},"slope":{"confidence_interval":{"confidence_level":0.95,"lower_bound":2.5541182984112605,"upper_bound":2.554613762025872},"point_estimate":2.5543451593322932,"standard_error":0.00012698431465211663},"std_dev":{"confidence_interval":{"confidence_level":0.95,"lower_bound":0.0010458346925622877,"upper_bound":0.0023430315874354195},"point_estimate":0.0017561958658017175,"standard_error":0.0003314451747732519}}