{"mean":{"confidence_interval":{"confidence_level":0.95,"lower_bound":-0.0013982225857434268,"upper_bound":0.006282398128827891},"point_estimate":0.002022038838713325,"standard_error":0.0018845313414557715},"median":{"confidence_interval":{"confidence_level":0.95,"lower_bound":-0.0005355183297368615,"upper_bound":0.0003735964873075037},"point_estimate":-0.00003471909853414168,"standard_error":0.00022662570339027833}}