{"mean":{"confidence_interval":{"confidence_level":0.95,"lower_bound":0.038004795899989154,"upper_bound":0.05269546274244194},"point_estimate":0.04528148172391311,"standard_error":0.0036190990314140647},"median":{"confidence_interval":{"confidence_level":0.95,"lower_bound":0.033552035751571285,"upper_bound":0.05400635925580545},"point_estimate":0.04405506077869181,"standard_error":0.005281546727877786}}