{"mean":{"confidence_interval":{"confidence_level":0.95,"lower_bound":3.559680770852875,"upper_bound":3.571625413241536},"point_estimate":3.5647968535883616,"standard_error":0.0030957965841497135},"median":{"confidence_interval":{"confidence_level":0.95,"lower_bound":3.5579655402663297,"upper_bound":3.5599825349616814},"point_estimate":3.5592688120348885,"standard_error":0.0005121723419264937},"median_abs_dev":{"confidence_interval":{"confidence_level":0.95,"lower_bound":0.0029729688275510736,"upper_bound":0.00539752334541107},"point_estimate":0.004364815798479305,"standard_error":0.000623040741252309},"slope":{"confidence_interval":{"confidence_level":0.95,"lower_bound":3.559432045516799,"upper_bound":3.561969049437504},"point_estimate":3.56061368842948,"standard_error":0.0006485787224100401},"std_dev":{"confidence_interval":{"confidence_level":0.95,"lower_bound":0.009843172808999193,"upper_bound":0.04808820933826355},"point_estimate":0.031028713592765055,"standard_error":0.01004843742144343}}