{"mean":{"confidence_interval":{"confidence_level":0.95,"lower_bound":-0.0024660317502953957,"upper_bound":0.00036033037488293883},"point_estimate":-0.0008055224170441244,"standard_error":0.0007403365728086398},"median":{"confidence_interval":{"confidence_level":0.95,"lower_bound":-0.0005666039248661825,"upper_bound":0.00016302661033584798},"point_estimate":-0.00006666811271915929,"standard_error":0.00019451597417995944}}