{"mean":{"confidence_interval":{"confidence_level":0.95,"lower_bound":3.3864933275433424,"upper_bound":3.387594123875521},"point_estimate":3.38697750290558,"standard_error":0.00028277566947157955},"median":{"confidence_interval":{"confidence_level":0.95,"lower_bound":3.386360085887318,"upper_bound":3.38671832981171},"point_estimate":3.3864746188567483,"standard_error":0.00009310808161431073},"median_abs_dev":{"confidence_interval":{"confidence_level":0.95,"lower_bound":0.0006760799352646871,"upper_bound":0.0011604086121287229},"point_estimate":0.0008672272563888278,"standard_error":0.0001298637751421047},"slope":{"confidence_interval":{"confidence_level":0.95,"lower_bound":3.3865192089698395,"upper_bound":3.387131469833849},"point_estimate":3.386804867274745,"standard_error":0.00015656654259127195},"std_dev":{"confidence_interval":{"confidence_level":0.95,"lower_bound":0.0013375936535117707,"upper_bound":0.004330174692220617},"point_estimate":0.0028485876458290466,"standard_error":0.0008597072625253615}}