{"mean":{"confidence_interval":{"confidence_level":0.95,"lower_bound":-0.023766619235135344,"upper_bound":-0.00036690693868415315},"point_estimate":-0.008949544546159038,"standard_error":0.0066941994136305895},"median":{"confidence_interval":{"confidence_level":0.95,"lower_bound":-0.00047572158198394554,"upper_bound":-0.00013022648100058376},"point_estimate":-0.0002920917158379943,"standard_error":0.00008799664610091482}}