{"mean":{"confidence_interval":{"confidence_level":0.95,"lower_bound":-0.006152299000355051,"upper_bound":-0.0003891728258597299},"point_estimate":-0.002509495329233502,"standard_error":0.001630807313161025},"median":{"confidence_interval":{"confidence_level":0.95,"lower_bound":-0.00036470780719632945,"upper_bound":-0.00005345520147959082},"point_estimate":-0.00016754037884092465,"standard_error":0.0000740816275758036}}