{"mean":{"confidence_interval":{"confidence_level":0.95,"lower_bound":0.04323883930030801,"upper_bound":0.052361901292476073},"point_estimate":0.047981884066083724,"standard_error":0.002324537502044373},"median":{"confidence_interval":{"confidence_level":0.95,"lower_bound":0.04563219215481256,"upper_bound":0.05871826939183533},"point_estimate":0.05268089795109332,"standard_error":0.003313936284388142}}