{"mean":{"confidence_interval":{"confidence_level":0.95,"lower_bound":2.45854150264711,"upper_bound":2.4596143956625185},"point_estimate":2.459026615771057,"standard_error":0.00027623187980579906},"median":{"confidence_interval":{"confidence_level":0.95,"lower_bound":2.4579079310908,"upper_bound":2.458331215004278},"point_estimate":2.458066710042969,"standard_error":0.00009521045392490463},"median_abs_dev":{"confidence_interval":{"confidence_level":0.95,"lower_bound":0.00029524237506973555,"upper_bound":0.0008133306916478537},"point_estimate":0.0004617155186572088,"standard_error":0.00011527176160568272},"slope":{"confidence_interval":{"confidence_level":0.95,"lower_bound":2.458264095460326,"upper_bound":2.4588897081544334},"point_estimate":2.458558398028429,"standard_error":0.00016006079615191944},"std_dev":{"confidence_interval":{"confidence_level":0.95,"lower_bound":0.0014276204890516244,"upper_bound":0.003924232949655146},"point_estimate":0.0027765030910517656,"standard_error":0.0006418511810029595}}