{"mean":{"confidence_interval":{"confidence_level":0.95,"lower_bound":-0.0011515822091438116,"upper_bound":0.00048690488089840866},"point_estimate":-0.00027484658566456766,"standard_error":0.0004152128907175313},"median":{"confidence_interval":{"confidence_level":0.95,"lower_bound":-0.00040052091745335083,"upper_bound":0.00015246713480188134},"point_estimate":-0.00006277167266532935,"standard_error":0.00013355833986470884}}