{"mean":{"confidence_interval":{"confidence_level":0.95,"lower_bound":0.019566975621626088,"upper_bound":0.05480552929155538},"point_estimate":0.035740697900560114,"standard_error":0.009222359016864959},"median":{"confidence_interval":{"confidence_level":0.95,"lower_bound":-0.00029632052320159537,"upper_bound":0.00041409213142440393},"point_estimate":0.0001260945306458261,"standard_error":0.00018783701308486525}}