{"mean":{"confidence_interval":{"confidence_level":0.95,"lower_bound":-0.005867357996499137,"upper_bound":-0.0011187526634717714},"point_estimate":-0.003305818558084872,"standard_error":0.0012176614567843175},"median":{"confidence_interval":{"confidence_level":0.95,"lower_bound":-0.004285843969979775,"upper_bound":-0.0005761030468117712},"point_estimate":-0.001955036993978476,"standard_error":0.0009528038816556143}}