{"mean":{"confidence_interval":{"confidence_level":0.95,"lower_bound":-0.00016040931992529752,"upper_bound":0.002022259656622571},"point_estimate":0.000820564163522608,"standard_error":0.0005578181234604067},"median":{"confidence_interval":{"confidence_level":0.95,"lower_bound":-5.860196132800866e-7,"upper_bound":0.0006498316804520052},"point_estimate":0.00031417812217360286,"standard_error":0.0001616619794286905}}