{"mean":{"confidence_interval":{"confidence_level":0.95,"lower_bound":7.118028260427075,"upper_bound":7.365098403296659},"point_estimate":7.203810123819583,"standard_error":0.075676218080516},"median":{"confidence_interval":{"confidence_level":0.95,"lower_bound":7.114830498658352,"upper_bound":7.116553062192626},"point_estimate":7.1153698114114095,"standard_error":0.0004509058849839445},"median_abs_dev":{"confidence_interval":{"confidence_level":0.95,"lower_bound":0.005755217823660633,"upper_bound":0.0107972090180079},"point_estimate":0.009106956760489579,"standard_error":0.0013029357559301835},"slope":{"confidence_interval":{"confidence_level":0.95,"lower_bound":7.117148707209045,"upper_bound":7.133240091045893},"point_estimate":7.124022041582308,"standard_error":0.004149653226587793},"std_dev":{"confidence_interval":{"confidence_level":0.95,"lower_bound":0.014904465481190144,"upper_bound":1.2990660062878268},"point_estimate":0.7601357500663756,"standard_error":0.4443654143274227}}