{"mean":{"confidence_interval":{"confidence_level":0.95,"lower_bound":0.001156980501053058,"upper_bound":0.01496384205738662},"point_estimate":0.007592517015371003,"standard_error":0.0036294378463782254},"median":{"confidence_interval":{"confidence_level":0.95,"lower_bound":-0.000177058379006592,"upper_bound":0.0006528339797384763},"point_estimate":0.0002587506219167146,"standard_error":0.00021520307049213732}}