{"mean":{"confidence_interval":{"confidence_level":0.95,"lower_bound":0.002071121087013684,"upper_bound":0.010087900175817942},"point_estimate":0.005528344685746589,"standard_error":0.002104898169760646},"median":{"confidence_interval":{"confidence_level":0.95,"lower_bound":0.0033149886877066326,"upper_bound":0.004185310728634262},"point_estimate":0.0037728776464378555,"standard_error":0.00021411151968318595}}