{"mean":{"confidence_interval":{"confidence_level":0.95,"lower_bound":-0.0014994525858999512,"upper_bound":0.0005451925705670815},"point_estimate":-0.000432550211182936,"standard_error":0.0005219934434996138},"median":{"confidence_interval":{"confidence_level":0.95,"lower_bound":-0.0002566525214299231,"upper_bound":0.00029990743224375037},"point_estimate":0.00007576538822462453,"standard_error":0.00014320128209006704}}