{"mean":{"confidence_interval":{"confidence_level":0.95,"lower_bound":28.522200403041783,"upper_bound":28.530821853362916},"point_estimate":28.526181691863954,"standard_error":0.002219585994906704},"median":{"confidence_interval":{"confidence_level":0.95,"lower_bound":28.51652492795349,"upper_bound":28.51960812558148},"point_estimate":28.517398106086755,"standard_error":0.0007698102420297965},"median_abs_dev":{"confidence_interval":{"confidence_level":0.95,"lower_bound":0.0028448197183958543,"upper_bound":0.006756015402358968},"point_estimate":0.004171338990430282,"standard_error":0.00099142508287478},"slope":{"confidence_interval":{"confidence_level":0.95,"lower_bound":28.518619592790586,"upper_bound":28.522923481323794},"point_estimate":28.520574563161205,"standard_error":0.0011019728476238228},"std_dev":{"confidence_interval":{"confidence_level":0.95,"lower_bound":0.014291032509867687,"upper_bound":0.028751120070434916},"point_estimate":0.022254607644713178,"standard_error":0.0037107298457947796}}