{"mean":{"confidence_interval":{"confidence_level":0.95,"lower_bound":-0.040435648975628166,"upper_bound":-0.02505844613721741},"point_estimate":-0.03165983563248953,"standard_error":0.003956954758593612},"median":{"confidence_interval":{"confidence_level":0.95,"lower_bound":-0.027968284397498565,"upper_bound":-0.027278743454865584},"point_estimate":-0.027539587564558543,"standard_error":0.00015993720523529238}}