{"mean":{"confidence_interval":{"confidence_level":0.95,"lower_bound":3.299278871920998,"upper_bound":3.3026614356171256},"point_estimate":3.300513059977863,"standard_error":0.0009670947363770635},"median":{"confidence_interval":{"confidence_level":0.95,"lower_bound":3.2987289896365337,"upper_bound":3.2991896142670543},"point_estimate":3.298859220329043,"standard_error":0.00010663331859049748},"median_abs_dev":{"confidence_interval":{"confidence_level":0.95,"lower_bound":0.0004943832261601804,"upper_bound":0.0010651333664292624},"point_estimate":0.0006685532187001059,"standard_error":0.00013670051173371954},"slope":{"confidence_interval":{"confidence_level":0.95,"lower_bound":3.2991588682773836,"upper_bound":3.3018667866121416},"point_estimate":3.300199363230648,"standard_error":0.0007189492213202299},"std_dev":{"confidence_interval":{"confidence_level":0.95,"lower_bound":0.001230696865852051,"upper_bound":0.01645950376936786},"point_estimate":0.009717814676814858,"standard_error":0.005182306216929327}}