{"mean":{"confidence_interval":{"confidence_level":0.95,"lower_bound":-0.000441436726975436,"upper_bound":0.00011881331443663851},"point_estimate":-0.00014776021298390507,"standard_error":0.0001419164268665961},"median":{"confidence_interval":{"confidence_level":0.95,"lower_bound":-0.0001821149676576317,"upper_bound":0.00004303107549463725},"point_estimate":-0.00007001812933837837,"standard_error":0.00005555757271059183}}