{"mean":{"confidence_interval":{"confidence_level":0.95,"lower_bound":7.451737982760204,"upper_bound":7.453405140118311},"point_estimate":7.452488195531159,"standard_error":0.00042807146896286445},"median":{"confidence_interval":{"confidence_level":0.95,"lower_bound":7.450879507411287,"upper_bound":7.4515204921461935},"point_estimate":7.451031663562636,"standard_error":0.00015627687728957045},"median_abs_dev":{"confidence_interval":{"confidence_level":0.95,"lower_bound":0.0006211805284452257,"upper_bound":0.0020034945608653496},"point_estimate":0.0011237696326676727,"standard_error":0.00037796968250929997},"slope":{"confidence_interval":{"confidence_level":0.95,"lower_bound":7.45194755839678,"upper_bound":7.453551201556587},"point_estimate":7.452670156038238,"standard_error":0.0004102272467709339},"std_dev":{"confidence_interval":{"confidence_level":0.95,"lower_bound":0.0021127228139091753,"upper_bound":0.006012047431933453},"point_estimate":0.00428802455309163,"standard_error":0.0009975544584626258}}