{"mean":{"confidence_interval":{"confidence_level":0.95,"lower_bound":6.904029957036916,"upper_bound":6.909765016962285},"point_estimate":6.906846311669069,"standard_error":0.0014708057178282252},"median":{"confidence_interval":{"confidence_level":0.95,"lower_bound":6.903147084686601,"upper_bound":6.907613839401949},"point_estimate":6.905156668281597,"standard_error":0.0011755052487981451},"median_abs_dev":{"confidence_interval":{"confidence_level":0.95,"lower_bound":0.006447091868239311,"upper_bound":0.011417842356864164},"point_estimate":0.008418832439427135,"standard_error":0.0012384529447612524},"slope":{"confidence_interval":{"confidence_level":0.95,"lower_bound":6.905442654238928,"upper_bound":6.910062178082905},"point_estimate":6.907648152759555,"standard_error":0.001182488011275169},"std_dev":{"confidence_interval":{"confidence_level":0.95,"lower_bound":0.01165768360784895,"upper_bound":0.017699592027039978},"point_estimate":0.014790700260941776,"standard_error":0.0015497948636852815}}