{"mean":{"confidence_interval":{"confidence_level":0.95,"lower_bound":-0.003677796047231876,"upper_bound":0.0005398141785536539},"point_estimate":-0.0014573566766694634,"standard_error":0.001066914154466018},"median":{"confidence_interval":{"confidence_level":0.95,"lower_bound":-0.0007740020221559396,"upper_bound":-0.000032257320710771253},"point_estimate":-0.00038516293409529556,"standard_error":0.00019009891157544749}}