{"mean":{"confidence_interval":{"confidence_level":0.95,"lower_bound":0.10122197546057247,"upper_bound":0.10303400501288691},"point_estimate":0.10210985729250188,"standard_error":0.00046352807807839585},"median":{"confidence_interval":{"confidence_level":0.95,"lower_bound":0.10102218030436072,"upper_bound":0.1020536237320675},"point_estimate":0.10156264133967086,"standard_error":0.00027405263094588766}}