{"mean":{"confidence_interval":{"confidence_level":0.95,"lower_bound":20.223060652574215,"upper_bound":20.232352861373915},"point_estimate":20.22736312060778,"standard_error":0.002372758528250214},"median":{"confidence_interval":{"confidence_level":0.95,"lower_bound":20.21716305262044,"upper_bound":20.2183738497635},"point_estimate":20.217611347763608,"standard_error":0.00035605041738934206},"median_abs_dev":{"confidence_interval":{"confidence_level":0.95,"lower_bound":0.0017948782320144848,"upper_bound":0.004687328339412955},"point_estimate":0.0027898998456436478,"standard_error":0.0007892983038824649},"slope":{"confidence_interval":{"confidence_level":0.95,"lower_bound":20.220691488372537,"upper_bound":20.227445651357037},"point_estimate":20.22382005060709,"standard_error":0.0017216859800984168},"std_dev":{"confidence_interval":{"confidence_level":0.95,"lower_bound":0.014796421667250438,"upper_bound":0.031479763486974344},"point_estimate":0.02382226350208481,"standard_error":0.00425824901236506}}