{"mean":{"confidence_interval":{"confidence_level":0.95,"lower_bound":5.12130772576529,"upper_bound":5.134918810216579},"point_estimate":5.127726183451123,"standard_error":0.0034818787384668466},"median":{"confidence_interval":{"confidence_level":0.95,"lower_bound":5.109105972303406,"upper_bound":5.11187350706318},"point_estimate":5.110023309677718,"standard_error":0.0007782324563407198},"median_abs_dev":{"confidence_interval":{"confidence_level":0.95,"lower_bound":0.0009222103330952086,"upper_bound":0.004973822487896399},"point_estimate":0.002202950585720866,"standard_error":0.0011406387709949285},"slope":{"confidence_interval":{"confidence_level":0.95,"lower_bound":5.123295609917404,"upper_bound":5.136411095459746},"point_estimate":5.129614932508694,"standard_error":0.003326761599090121},"std_dev":{"confidence_interval":{"confidence_level":0.95,"lower_bound":0.02460887448135164,"upper_bound":0.04399151177390911},"point_estimate":0.034986070061322504,"standard_error":0.004947612064477459}}