{"mean":{"confidence_interval":{"confidence_level":0.95,"lower_bound":2.3415812866018615,"upper_bound":2.342550920022134},"point_estimate":2.3420167472493976,"standard_error":0.0002492960314381102},"median":{"confidence_interval":{"confidence_level":0.95,"lower_bound":2.3411191305005863,"upper_bound":2.3413442921742154},"point_estimate":2.341208513133363,"standard_error":0.00004827607255573497},"median_abs_dev":{"confidence_interval":{"confidence_level":0.95,"lower_bound":0.000262956879814082,"upper_bound":0.0005585051938184398},"point_estimate":0.00038567009039440394,"standard_error":0.00007697515742035941},"slope":{"confidence_interval":{"confidence_level":0.95,"lower_bound":2.3414794145215225,"upper_bound":2.3420791865406496},"point_estimate":2.3417656318548343,"standard_error":0.00015344604430552044},"std_dev":{"confidence_interval":{"confidence_level":0.95,"lower_bound":0.0012177218534309244,"upper_bound":0.0035494302021528445},"point_estimate":0.0025121759356239648,"standard_error":0.0005897524470242371}}