{"mean":{"confidence_interval":{"confidence_level":0.95,"lower_bound":-0.0000691524260486991,"upper_bound":0.0012155684468434843},"point_estimate":0.0005832408705692682,"standard_error":0.00032576615385269313},"median":{"confidence_interval":{"confidence_level":0.95,"lower_bound":-0.00011935618871705689,"upper_bound":0.0011136286162802822},"point_estimate":0.0005293555194860744,"standard_error":0.0003063139475529374}}