{"mean":{"confidence_interval":{"confidence_level":0.95,"lower_bound":84.62302102932574,"upper_bound":87.69235738832886},"point_estimate":85.86667307458096,"standard_error":0.8035582853106754},"median":{"confidence_interval":{"confidence_level":0.95,"lower_bound":84.16889964560464,"upper_bound":85.63533162029142},"point_estimate":85.10321086791869,"standard_error":0.3410302116226851},"median_abs_dev":{"confidence_interval":{"confidence_level":0.95,"lower_bound":2.0180837970378507,"upper_bound":2.9747631407662034},"point_estimate":2.653591526791545,"standard_error":0.24772923641874983},"slope":{"confidence_interval":{"confidence_level":0.95,"lower_bound":84.8779377318512,"upper_bound":85.56413273350478},"point_estimate":85.21977940185872,"standard_error":0.17441633758741032},"std_dev":{"confidence_interval":{"confidence_level":0.95,"lower_bound":1.7406128691390697,"upper_bound":12.958252802484711},"point_estimate":8.063680965871304,"standard_error":3.1555133126501764}}