{"mean":{"confidence_interval":{"confidence_level":0.95,"lower_bound":-0.02439812228287136,"upper_bound":0.060030205439913796},"point_estimate":0.014050864197734603,"standard_error":0.021474328206333545},"median":{"confidence_interval":{"confidence_level":0.95,"lower_bound":-0.0005956757173516403,"upper_bound":-0.0002170513570335375},"point_estimate":-0.00035124087423754613,"standard_error":0.00009692033828340196}}