{"mean":{"confidence_interval":{"confidence_level":0.95,"lower_bound":-0.0019198677731071033,"upper_bound":0.01022550679638125},"point_estimate":0.0026884017335948585,"standard_error":0.0030036392192444835},"median":{"confidence_interval":{"confidence_level":0.95,"lower_bound":-0.006068144823266786,"upper_bound":-0.0038677442927417312},"point_estimate":-0.004842308423168684,"standard_error":0.0005721100526814341}}