{"mean":{"confidence_interval":{"confidence_level":0.95,"lower_bound":3.502956864285195,"upper_bound":3.518532938817474},"point_estimate":3.510149513550069,"standard_error":0.0039943972279685965},"median":{"confidence_interval":{"confidence_level":0.95,"lower_bound":3.4932385368151966,"upper_bound":3.5027755430590983},"point_estimate":3.4965271942322502,"standard_error":0.0023519741134442325},"median_abs_dev":{"confidence_interval":{"confidence_level":0.95,"lower_bound":0.011724519232884034,"upper_bound":0.024903446199277698},"point_estimate":0.015953308855662693,"standard_error":0.0033287329240874047},"slope":{"confidence_interval":{"confidence_level":0.95,"lower_bound":3.4947600899906384,"upper_bound":3.501359417860763},"point_estimate":3.4977703296100873,"standard_error":0.0016853322283675554},"std_dev":{"confidence_interval":{"confidence_level":0.95,"lower_bound":0.025444444856492388,"upper_bound":0.054981623816876136},"point_estimate":0.04014513225020386,"standard_error":0.007810777386125264}}