{"mean":{"confidence_interval":{"confidence_level":0.95,"lower_bound":-0.00023748694964180193,"upper_bound":0.015910555479727567},"point_estimate":0.006759623109798829,"standard_error":0.004324621032361338},"median":{"confidence_interval":{"confidence_level":0.95,"lower_bound":-0.0006933564876879794,"upper_bound":0.00039695694610175636},"point_estimate":-0.00017168655992971793,"standard_error":0.0002506288739160794}}