{"mean":{"confidence_interval":{"confidence_level":0.95,"lower_bound":-0.000584190760461997,"upper_bound":0.003189360948298802},"point_estimate":0.0012347916683235205,"standard_error":0.0009640166707182808},"median":{"confidence_interval":{"confidence_level":0.95,"lower_bound":0.00009141449577687588,"upper_bound":0.004115378746646359},"point_estimate":0.0024671781475336108,"standard_error":0.001031252274498704}}