{"mean":{"confidence_interval":{"confidence_level":0.95,"lower_bound":4.558415224745979,"upper_bound":4.559378519803251},"point_estimate":4.558842026208084,"standard_error":0.0002468826538295131},"median":{"confidence_interval":{"confidence_level":0.95,"lower_bound":4.557897915680596,"upper_bound":4.558247688510701},"point_estimate":4.55804367106721,"standard_error":0.00008878016807399208},"median_abs_dev":{"confidence_interval":{"confidence_level":0.95,"lower_bound":0.00034838857497778385,"upper_bound":0.0009031249347234233},"point_estimate":0.0005560000080185078,"standard_error":0.0001407366170854175},"slope":{"confidence_interval":{"confidence_level":0.95,"lower_bound":4.55824706737187,"upper_bound":4.5591237211989775},"point_estimate":4.55863883050095,"standard_error":0.0002242599226333157},"std_dev":{"confidence_interval":{"confidence_level":0.95,"lower_bound":0.001122900173100979,"upper_bound":0.0035990257289189014},"point_estimate":0.0024808999716990103,"standard_error":0.00063656979864709}}