{"mean":{"confidence_interval":{"confidence_level":0.95,"lower_bound":-0.0005638444752371683,"upper_bound":0.00029682339035503843},"point_estimate":-0.00011772715895674857,"standard_error":0.00022053886018346598},"median":{"confidence_interval":{"confidence_level":0.95,"lower_bound":-0.00007367104010036485,"upper_bound":0.0009655606199550082},"point_estimate":0.0005169841103584982,"standard_error":0.0003174858561541207}}