{"mean":{"confidence_interval":{"confidence_level":0.95,"lower_bound":4.470033509757231,"upper_bound":4.471225206394169},"point_estimate":4.4705841304152845,"standard_error":0.00030516699863339267},"median":{"confidence_interval":{"confidence_level":0.95,"lower_bound":4.46907669582125,"upper_bound":4.469944561061381},"point_estimate":4.469392167844354,"standard_error":0.00020185753434434506},"median_abs_dev":{"confidence_interval":{"confidence_level":0.95,"lower_bound":0.0005397945767479592,"upper_bound":0.0016742755567860882},"point_estimate":0.0009729221388559803,"standard_error":0.0002675421047599225},"slope":{"confidence_interval":{"confidence_level":0.95,"lower_bound":4.469976809827587,"upper_bound":4.471043409376712},"point_estimate":4.4704781232059725,"standard_error":0.0002728364266178485},"std_dev":{"confidence_interval":{"confidence_level":0.95,"lower_bound":0.0019644402531187625,"upper_bound":0.004184113321141655},"point_estimate":0.003062776772393859,"standard_error":0.0005956112929042397}}