{"mean":{"confidence_interval":{"confidence_level":0.95,"lower_bound":-0.019397854243175444,"upper_bound":-0.001559008091589637},"point_estimate":-0.00887305322199583,"standard_error":0.004847905497600984},"median":{"confidence_interval":{"confidence_level":0.95,"lower_bound":-0.001057877264192042,"upper_bound":-0.0005821963007119901},"point_estimate":-0.0008272749094341281,"standard_error":0.00011446602236746214}}