{"mean":{"confidence_interval":{"confidence_level":0.95,"lower_bound":-0.04909527789142209,"upper_bound":-0.014534909263852645},"point_estimate":-0.029112405318324486,"standard_error":0.008992733475348548},"median":{"confidence_interval":{"confidence_level":0.95,"lower_bound":-0.006447812104257267,"upper_bound":-0.00011943248532952921},"point_estimate":-0.0014167034201844064,"standard_error":0.0018774930715207716}}