{"mean":{"confidence_interval":{"confidence_level":0.95,"lower_bound":-0.17548669917893622,"upper_bound":-0.1510540303137411},"point_estimate":-0.1621536962321496,"standard_error":0.006278842809816997},"median":{"confidence_interval":{"confidence_level":0.95,"lower_bound":-0.14774614903531202,"upper_bound":-0.14286882975590753},"point_estimate":-0.14585108989411188,"standard_error":0.0012200291448514603}}