{"mean":{"confidence_interval":{"confidence_level":0.95,"lower_bound":-0.006973266015058698,"upper_bound":0.006401955568598693},"point_estimate":-0.000841912116661292,"standard_error":0.0033706094110692334},"median":{"confidence_interval":{"confidence_level":0.95,"lower_bound":-0.000626479420478443,"upper_bound":0.00012829610036568795},"point_estimate":-0.00022900770161515815,"standard_error":0.00019535144300248766}}