{"mean":{"confidence_interval":{"confidence_level":0.95,"lower_bound":2.4691577115652654,"upper_bound":2.4701097305918727},"point_estimate":2.4696080110266534,"standard_error":0.0002431884048323177},"median":{"confidence_interval":{"confidence_level":0.95,"lower_bound":2.4685960813543564,"upper_bound":2.4694680322392415},"point_estimate":2.4691250276374435,"standard_error":0.00023117512457070658},"median_abs_dev":{"confidence_interval":{"confidence_level":0.95,"lower_bound":0.0011982950703258246,"upper_bound":0.0020305651398552058},"point_estimate":0.0016074257478758155,"standard_error":0.00020875925351402012},"slope":{"confidence_interval":{"confidence_level":0.95,"lower_bound":2.4687157931872856,"upper_bound":2.4695162850702683},"point_estimate":2.4690936139521806,"standard_error":0.00020444226740308862},"std_dev":{"confidence_interval":{"confidence_level":0.95,"lower_bound":0.0017202331066734841,"upper_bound":0.003117614022908613},"point_estimate":0.0024489108276288902,"standard_error":0.0003595249590384562}}