{"mean":{"confidence_interval":{"confidence_level":0.95,"lower_bound":28.725453000390125,"upper_bound":28.940979437787252},"point_estimate":28.808976381208886,"standard_error":0.05789847516664662},"median":{"confidence_interval":{"confidence_level":0.95,"lower_bound":28.680567849335652,"upper_bound":28.691980212359493},"point_estimate":28.689246397095317,"standard_error":0.0030966985536837483},"median_abs_dev":{"confidence_interval":{"confidence_level":0.95,"lower_bound":0.019797730637137377,"upper_bound":0.0404324439810055},"point_estimate":0.031971098952417315,"standard_error":0.005188466502670094},"slope":{"confidence_interval":{"confidence_level":0.95,"lower_bound":28.689121070348715,"upper_bound":28.710455697904173},"point_estimate":28.69891800723703,"standard_error":0.005458908945383638},"std_dev":{"confidence_interval":{"confidence_level":0.95,"lower_bound":0.15106076676692218,"upper_bound":0.9628026296021737},"point_estimate":0.5828549786753976,"standard_error":0.26780473074242667}}