{"mean":{"confidence_interval":{"confidence_level":0.95,"lower_bound":33.31793670567382,"upper_bound":33.32460695607154},"point_estimate":33.32113477567478,"standard_error":0.0017050490279589502},"median":{"confidence_interval":{"confidence_level":0.95,"lower_bound":33.31802734087567,"upper_bound":33.32113979356825},"point_estimate":33.31979316952044,"standard_error":0.0007708764709312887},"median_abs_dev":{"confidence_interval":{"confidence_level":0.95,"lower_bound":0.005753276371670759,"upper_bound":0.010010280099749037},"point_estimate":0.007622949764825134,"standard_error":0.0011205686559163082},"slope":{"confidence_interval":{"confidence_level":0.95,"lower_bound":33.31862510859815,"upper_bound":33.32586527671769},"point_estimate":33.32202499849832,"standard_error":0.0018420975889409889},"std_dev":{"confidence_interval":{"confidence_level":0.95,"lower_bound":0.01195290686609619,"upper_bound":0.021873711601519026},"point_estimate":0.01714851571609974,"standard_error":0.002548581107707143}}