{"mean":{"confidence_interval":{"confidence_level":0.95,"lower_bound":-0.0018901789285720224,"upper_bound":0.004335813852352838},"point_estimate":0.0009680731682299992,"standard_error":0.0015920691709437973},"median":{"confidence_interval":{"confidence_level":0.95,"lower_bound":-0.00042796126434396786,"upper_bound":0.0003961100842522214},"point_estimate":1.359000389111742e-6,"standard_error":0.00023376398163682508}}