{"mean":{"confidence_interval":{"confidence_level":0.95,"lower_bound":-0.0007024989668575113,"upper_bound":0.0008184744429158724},"point_estimate":7.088229819762759e-6,"standard_error":0.0003936092370371817},"median":{"confidence_interval":{"confidence_level":0.95,"lower_bound":-0.000570297534145392,"upper_bound":6.281880202463341e-6},"point_estimate":-0.000371294798072741,"standard_error":0.00016890507133910718}}