{"mean":{"confidence_interval":{"confidence_level":0.95,"lower_bound":8.80306101364334,"upper_bound":8.884756437887043},"point_estimate":8.834939245431706,"standard_error":0.021624999638156436},"median":{"confidence_interval":{"confidence_level":0.95,"lower_bound":8.788866508286354,"upper_bound":8.795653552950014},"point_estimate":8.791429238587693,"standard_error":0.0018346784871363091},"median_abs_dev":{"confidence_interval":{"confidence_level":0.95,"lower_bound":0.008369430548773704,"upper_bound":0.01587325582228717},"point_estimate":0.010885080685305786,"standard_error":0.0019128126472913738},"slope":{"confidence_interval":{"confidence_level":0.95,"lower_bound":8.799226119302737,"upper_bound":8.855587038689205},"point_estimate":8.824710929063079,"standard_error":0.01451935243291909},"std_dev":{"confidence_interval":{"confidence_level":0.95,"lower_bound":0.0507378259940748,"upper_bound":0.35604180708738464},"point_estimate":0.21661010734443317,"standard_error":0.09450960810615112}}