{"mean":{"confidence_interval":{"confidence_level":0.95,"lower_bound":-0.06794012712983888,"upper_bound":-0.0017102266822533174},"point_estimate":-0.025310627512316275,"standard_error":0.021265431535363644},"median":{"confidence_interval":{"confidence_level":0.95,"lower_bound":-0.0010019840208426607,"upper_bound":0.0002661027148511347},"point_estimate":-0.0005245109855523955,"standard_error":0.0003089312995577938}}