{"mean":{"confidence_interval":{"confidence_level":0.95,"lower_bound":12.507496569324742,"upper_bound":12.533811027991389},"point_estimate":12.519315979952003,"standard_error":0.006758581524825011},"median":{"confidence_interval":{"confidence_level":0.95,"lower_bound":12.498073299098076,"upper_bound":12.506080771725445},"point_estimate":12.500212252339331,"standard_error":0.0017780651005898027},"median_abs_dev":{"confidence_interval":{"confidence_level":0.95,"lower_bound":0.012440689559120227,"upper_bound":0.020709849095405342},"point_estimate":0.015595608746408354,"standard_error":0.002086392450193847},"slope":{"confidence_interval":{"confidence_level":0.95,"lower_bound":12.507341879293557,"upper_bound":12.549059571450318},"point_estimate":12.525549748312217,"standard_error":0.010725536788831617},"std_dev":{"confidence_interval":{"confidence_level":0.95,"lower_bound":0.03382868157385504,"upper_bound":0.0951441219005706},"point_estimate":0.06794458698181541,"standard_error":0.015582268264843806}}