{"mean":{"confidence_interval":{"confidence_level":0.95,"lower_bound":-0.0023755305937795844,"upper_bound":0.003069633577767749},"point_estimate":0.00044592753982763966,"standard_error":0.0013850996331915596},"median":{"confidence_interval":{"confidence_level":0.95,"lower_bound":-0.00012333983399148707,"upper_bound":0.0006988138924448606},"point_estimate":0.00034227198506253664,"standard_error":0.00021348213750566175}}