{"mean":{"confidence_interval":{"confidence_level":0.95,"lower_bound":2.456034660373014,"upper_bound":2.4875757433926737},"point_estimate":2.4715689136905636,"standard_error":0.008059035710657907},"median":{"confidence_interval":{"confidence_level":0.95,"lower_bound":2.4371612559711875,"upper_bound":2.4841030551836925},"point_estimate":2.4608554438002828,"standard_error":0.01244599389590289},"median_abs_dev":{"confidence_interval":{"confidence_level":0.95,"lower_bound":0.06881308710669226,"upper_bound":0.11424122368846379},"point_estimate":0.08980892103308352,"standard_error":0.012028471344568482},"slope":{"confidence_interval":{"confidence_level":0.95,"lower_bound":2.4630671396337744,"upper_bound":2.4981994448758345},"point_estimate":2.480611066339561,"standard_error":0.008946380435119777},"std_dev":{"confidence_interval":{"confidence_level":0.95,"lower_bound":0.07120142442488205,"upper_bound":0.08888136493257161},"point_estimate":0.08073349134614755,"standard_error":0.0045230656726392105}}