{"mean":{"confidence_interval":{"confidence_level":0.95,"lower_bound":-0.0011601764483717162,"upper_bound":0.0024520589022852864},"point_estimate":0.0006238513878025209,"standard_error":0.0009216202055958596},"median":{"confidence_interval":{"confidence_level":0.95,"lower_bound":-0.00020359754168330912,"upper_bound":0.0009564439205235067},"point_estimate":0.0000851310360765467,"standard_error":0.00025436734837743337}}