{"mean":{"confidence_interval":{"confidence_level":0.95,"lower_bound":-0.003733960744973771,"upper_bound":0.0034456124059363312},"point_estimate":0.0000733030604689322,"standard_error":0.001838482729484412},"median":{"confidence_interval":{"confidence_level":0.95,"lower_bound":-0.0010149893770355911,"upper_bound":-0.0003280806729772934},"point_estimate":-0.0007381748128150178,"standard_error":0.00016967688840972738}}