{"mean":{"confidence_interval":{"confidence_level":0.95,"lower_bound":-0.010773736017639058,"upper_bound":0.0041954886620981175},"point_estimate":-0.004011019958207962,"standard_error":0.0038142886276930034},"median":{"confidence_interval":{"confidence_level":0.95,"lower_bound":-0.0012011632207209466,"upper_bound":-0.0004992840539317367},"point_estimate":-0.0008162056898969317,"standard_error":0.00018771125411762066}}