{"mean":{"confidence_interval":{"confidence_level":0.95,"lower_bound":8.132163688495346,"upper_bound":8.204282371412106},"point_estimate":8.159400954856864,"standard_error":0.0194990609706042},"median":{"confidence_interval":{"confidence_level":0.95,"lower_bound":8.110645199850929,"upper_bound":8.131421352278133},"point_estimate":8.120332841040877,"standard_error":0.0049955752386240376},"median_abs_dev":{"confidence_interval":{"confidence_level":0.95,"lower_bound":0.028480165619516027,"upper_bound":0.05758678290811228},"point_estimate":0.04524293917582503,"standard_error":0.006638738097554971},"slope":{"confidence_interval":{"confidence_level":0.95,"lower_bound":8.134657074322716,"upper_bound":8.285521671251212},"point_estimate":8.185864610651096,"standard_error":0.04271972050902769},"std_dev":{"confidence_interval":{"confidence_level":0.95,"lower_bound":0.046534722145628496,"upper_bound":0.32766582001564587},"point_estimate":0.19641982715396836,"standard_error":0.09480523602915725}}