{"mean":{"confidence_interval":{"confidence_level":0.95,"lower_bound":7.855553303988844,"upper_bound":7.872826684306108},"point_estimate":7.863852381268186,"standard_error":0.0044351464437864295},"median":{"confidence_interval":{"confidence_level":0.95,"lower_bound":7.844023767196784,"upper_bound":7.863252312034323},"point_estimate":7.854368801670759,"standard_error":0.005106282275277035},"median_abs_dev":{"confidence_interval":{"confidence_level":0.95,"lower_bound":0.028227919815749607,"upper_bound":0.044096111759141764},"point_estimate":0.03698941443418607,"standard_error":0.003952914179924951},"slope":{"confidence_interval":{"confidence_level":0.95,"lower_bound":7.8569704690204505,"upper_bound":7.873458997712629},"point_estimate":7.864903125796573,"standard_error":0.0042106740079118354},"std_dev":{"confidence_interval":{"confidence_level":0.95,"lower_bound":0.034041362211906095,"upper_bound":0.054134836111956686},"point_estimate":0.04466289425081617,"standard_error":0.005152089170552788}}