{"mean":{"confidence_interval":{"confidence_level":0.95,"lower_bound":-0.009443683474791431,"upper_bound":0.0018263279653824016},"point_estimate":-0.0026497120707505983,"standard_error":0.0030415743352442074},"median":{"confidence_interval":{"confidence_level":0.95,"lower_bound":-0.0004180372772629726,"upper_bound":0.0002875333819862824},"point_estimate":-0.00007795594920267934,"standard_error":0.00018564449990853547}}