{"mean":{"confidence_interval":{"confidence_level":0.95,"lower_bound":-9.81758776222193e-7,"upper_bound":0.004519460197114152},"point_estimate":0.0019161557777105376,"standard_error":0.0011409843711024093},"median":{"confidence_interval":{"confidence_level":0.95,"lower_bound":-0.0002794420489734547,"upper_bound":0.0004407868068798266},"point_estimate":0.00013468886651368805,"standard_error":0.00019174819325705816}}