{"mean":{"confidence_interval":{"confidence_level":0.95,"lower_bound":44.2815591688698,"upper_bound":44.296012190643296},"point_estimate":44.28836360277469,"standard_error":0.0037005398737488117},"median":{"confidence_interval":{"confidence_level":0.95,"lower_bound":44.27132945179716,"upper_bound":44.27790950261348},"point_estimate":44.274868569951,"standard_error":0.0016399577787190715},"median_abs_dev":{"confidence_interval":{"confidence_level":0.95,"lower_bound":0.009257318478930548,"upper_bound":0.01854614397065646},"point_estimate":0.014334251709163087,"standard_error":0.0025021283724286844},"slope":{"confidence_interval":{"confidence_level":0.95,"lower_bound":44.274469092742095,"upper_bound":44.28692797064294},"point_estimate":44.279926635884514,"standard_error":0.003206174126254541},"std_dev":{"confidence_interval":{"confidence_level":0.95,"lower_bound":0.026017039880023938,"upper_bound":0.046531955139934675},"point_estimate":0.03714807012798797,"standard_error":0.005215818295919474}}