{"mean":{"confidence_interval":{"confidence_level":0.95,"lower_bound":8.636486408004687,"upper_bound":8.730533350965263},"point_estimate":8.669321858490143,"standard_error":0.028750430820891272},"median":{"confidence_interval":{"confidence_level":0.95,"lower_bound":8.635791663844486,"upper_bound":8.641073159286869},"point_estimate":8.639175719492052,"standard_error":0.0012312913107552874},"median_abs_dev":{"confidence_interval":{"confidence_level":0.95,"lower_bound":0.007725050004632017,"upper_bound":0.01536566530333676},"point_estimate":0.011679197503299339,"standard_error":0.0019475833077648933},"slope":{"confidence_interval":{"confidence_level":0.95,"lower_bound":8.639408226952089,"upper_bound":8.659597924434504},"point_estimate":8.6471006402411,"standard_error":0.005490800668375096},"std_dev":{"confidence_interval":{"confidence_level":0.95,"lower_bound":0.01826466564261457,"upper_bound":0.4948174492395329},"point_estimate":0.2893359394400968,"standard_error":0.1688823815088776}}