{"mean":{"confidence_interval":{"confidence_level":0.95,"lower_bound":0.0016218364669737697,"upper_bound":0.008670265974059298},"point_estimate":0.005253007844288282,"standard_error":0.0018153293357636715},"median":{"confidence_interval":{"confidence_level":0.95,"lower_bound":0.0007411136458104206,"upper_bound":0.010295068739237578},"point_estimate":0.006039146452252675,"standard_error":0.0025522959154331234}}