{"mean":{"confidence_interval":{"confidence_level":0.95,"lower_bound":-0.0014213490185174867,"upper_bound":-0.0005161359837595443},"point_estimate":-0.0009373459168317,"standard_error":0.00023131563839331426},"median":{"confidence_interval":{"confidence_level":0.95,"lower_bound":-0.0008430649591725237,"upper_bound":-0.00044578309730469723},"point_estimate":-0.0006231077501177573,"standard_error":0.00010445067232283599}}