{"mean":{"confidence_interval":{"confidence_level":0.95,"lower_bound":-0.00025128025975145694,"upper_bound":0.006546412449154392},"point_estimate":0.003159152456888803,"standard_error":0.0017324819393495705},"median":{"confidence_interval":{"confidence_level":0.95,"lower_bound":-0.0003913843503648984,"upper_bound":0.0003277843750884463},"point_estimate":-0.00010129639007605551,"standard_error":0.0001990456933223471}}