{"mean":{"confidence_interval":{"confidence_level":0.95,"lower_bound":10.440512084770496,"upper_bound":10.443258913110443},"point_estimate":10.441774788912051,"standard_error":0.0007021669725564104},"median":{"confidence_interval":{"confidence_level":0.95,"lower_bound":10.439362031746803,"upper_bound":10.440474460273983},"point_estimate":10.439863159163252,"standard_error":0.0003168186861600111},"median_abs_dev":{"confidence_interval":{"confidence_level":0.95,"lower_bound":0.001853373612107392,"upper_bound":0.0031200754331802186},"point_estimate":0.0022879328967502933,"standard_error":0.00032110772202126174},"slope":{"confidence_interval":{"confidence_level":0.95,"lower_bound":10.440244710946915,"upper_bound":10.443109047123258},"point_estimate":10.441576640330604,"standard_error":0.0007319520567966772},"std_dev":{"confidence_interval":{"confidence_level":0.95,"lower_bound":0.004405220715069549,"upper_bound":0.009577732058028615},"point_estimate":0.0070402882023826744,"standard_error":0.001351938351874378}}