{"mean":{"confidence_interval":{"confidence_level":0.95,"lower_bound":7.518181619597385,"upper_bound":7.52051001092606},"point_estimate":7.519309860099957,"standard_error":0.0005924727446703311},"median":{"confidence_interval":{"confidence_level":0.95,"lower_bound":7.5181140093767205,"upper_bound":7.519290742185982},"point_estimate":7.51867782953318,"standard_error":0.00029693393835702},"median_abs_dev":{"confidence_interval":{"confidence_level":0.95,"lower_bound":0.0021283036321379863,"upper_bound":0.004165435673149227},"point_estimate":0.0029827340777519263,"standard_error":0.0005247822946211937},"slope":{"confidence_interval":{"confidence_level":0.95,"lower_bound":7.517915071935061,"upper_bound":7.520276383161191},"point_estimate":7.519047324154816,"standard_error":0.0006019585687871621},"std_dev":{"confidence_interval":{"confidence_level":0.95,"lower_bound":0.004374915560258641,"upper_bound":0.007486907932886336},"point_estimate":0.005966245040367093,"standard_error":0.0008003381598568479}}