{"mean":{"confidence_interval":{"confidence_level":0.95,"lower_bound":-0.0011112680209261177,"upper_bound":0.000370688120409051},"point_estimate":-0.0003400308774578198,"standard_error":0.00037865245012239356},"median":{"confidence_interval":{"confidence_level":0.95,"lower_bound":-0.0002665586860672864,"upper_bound":0.0004502329493958954},"point_estimate":0.00017704114301553275,"standard_error":0.00018323206666518278}}