{"mean":{"confidence_interval":{"confidence_level":0.95,"lower_bound":-0.002306425863864594,"upper_bound":0.006719786459469233},"point_estimate":0.001744496454893385,"standard_error":0.0022988642945222454},"median":{"confidence_interval":{"confidence_level":0.95,"lower_bound":-0.0012674122200612148,"upper_bound":-0.00023310457517622396},"point_estimate":-0.0006539641715513911,"standard_error":0.0002570926019632214}}