{"mean":{"confidence_interval":{"confidence_level":0.95,"lower_bound":10.646430812976428,"upper_bound":10.655193949754377},"point_estimate":10.650304371023125,"standard_error":0.0022480755767865716},"median":{"confidence_interval":{"confidence_level":0.95,"lower_bound":10.642075256936444,"upper_bound":10.644681066017295},"point_estimate":10.643031830958144,"standard_error":0.0006733432192974969},"median_abs_dev":{"confidence_interval":{"confidence_level":0.95,"lower_bound":0.0033602563121039675,"upper_bound":0.006944656958977639},"point_estimate":0.0044944948947610065,"standard_error":0.0009760209862766627},"slope":{"confidence_interval":{"confidence_level":0.95,"lower_bound":10.644488260026119,"upper_bound":10.650860788187453},"point_estimate":10.64740805748827,"standard_error":0.0016337591606428391},"std_dev":{"confidence_interval":{"confidence_level":0.95,"lower_bound":0.01069618825571703,"upper_bound":0.033442230424556296},"point_estimate":0.022617746904734795,"standard_error":0.006070704415946882}}