{"mean":{"confidence_interval":{"confidence_level":0.95,"lower_bound":0.028596427903039286,"upper_bound":0.03880534721960466},"point_estimate":0.033144650364725914,"standard_error":0.002674141811990543},"median":{"confidence_interval":{"confidence_level":0.95,"lower_bound":0.028913660586544543,"upper_bound":0.02950938508289358},"point_estimate":0.02930330597520947,"standard_error":0.00015758703362845765}}