{"mean":{"confidence_interval":{"confidence_level":0.95,"lower_bound":-0.0008036091102715962,"upper_bound":0.012067313362578855},"point_estimate":0.004862314609549667,"standard_error":0.0033990317856443693},"median":{"confidence_interval":{"confidence_level":0.95,"lower_bound":0.0007495199880500625,"upper_bound":0.0013744722917388152},"point_estimate":0.001066307570498859,"standard_error":0.0001525737449773718}}