{"mean":{"confidence_interval":{"confidence_level":0.95,"lower_bound":-0.002553257093546192,"upper_bound":0.004494638125646989},"point_estimate":0.00017335117122363464,"standard_error":0.0017897885028872495},"median":{"confidence_interval":{"confidence_level":0.95,"lower_bound":-0.00006891436171840848,"upper_bound":0.0006674404153997943},"point_estimate":0.00024357400532992735,"standard_error":0.00020025298539303818}}