{"mean":{"confidence_interval":{"confidence_level":0.95,"lower_bound":8.58670521900624,"upper_bound":8.619523573625258},"point_estimate":8.600860122582096,"standard_error":0.008465780371100965},"median":{"confidence_interval":{"confidence_level":0.95,"lower_bound":8.58071009086521,"upper_bound":8.584779868602325},"point_estimate":8.582702735927985,"standard_error":0.0012434288876705542},"median_abs_dev":{"confidence_interval":{"confidence_level":0.95,"lower_bound":0.006666611295646026,"upper_bound":0.014290636188877577},"point_estimate":0.010112136640348478,"standard_error":0.0019141579823987143},"slope":{"confidence_interval":{"confidence_level":0.95,"lower_bound":8.58669088129529,"upper_bound":8.604285173896413},"point_estimate":8.59409468836579,"standard_error":0.004531160213571009},"std_dev":{"confidence_interval":{"confidence_level":0.95,"lower_bound":0.025923187284548718,"upper_bound":0.12875552813901406},"point_estimate":0.08494264365674442,"standard_error":0.02601236761226418}}