{"mean":{"confidence_interval":{"confidence_level":0.95,"lower_bound":-0.010666909275549698,"upper_bound":-0.0005822070385751443},"point_estimate":-0.004389973519703383,"standard_error":0.0028374635343708936},"median":{"confidence_interval":{"confidence_level":0.95,"lower_bound":-0.0011194170676497306,"upper_bound":-0.00042784918987637255},"point_estimate":-0.0006996110491001017,"standard_error":0.00017039073513548043}}