{"mean":{"confidence_interval":{"confidence_level":0.95,"lower_bound":3.5555647490018796,"upper_bound":3.5690991324338888},"point_estimate":3.5621600296965514,"standard_error":0.0034468441354167535},"median":{"confidence_interval":{"confidence_level":0.95,"lower_bound":3.5522126945011436,"upper_bound":3.5681218434684148},"point_estimate":3.5566330946668936,"standard_error":0.004396021262873299},"median_abs_dev":{"confidence_interval":{"confidence_level":0.95,"lower_bound":0.022599367680582492,"upper_bound":0.04191064316575759},"point_estimate":0.03385778813089763,"standard_error":0.005020302953671525},"slope":{"confidence_interval":{"confidence_level":0.95,"lower_bound":3.5550322927930798,"upper_bound":3.5661469298753077},"point_estimate":3.5604674738994375,"standard_error":0.002839029800373414},"std_dev":{"confidence_interval":{"confidence_level":0.95,"lower_bound":0.028100908277362936,"upper_bound":0.04218152271814367},"point_estimate":0.034664584160837605,"standard_error":0.003703565855950966}}