{"mean":{"confidence_interval":{"confidence_level":0.95,"lower_bound":3.4736337358727067,"upper_bound":3.4746536601135105},"point_estimate":3.474106370644792,"standard_error":0.0002602604081824627},"median":{"confidence_interval":{"confidence_level":0.95,"lower_bound":3.47297278329099,"upper_bound":3.473293180901373},"point_estimate":3.4730920324943595,"standard_error":0.00008902653621041918},"median_abs_dev":{"confidence_interval":{"confidence_level":0.95,"lower_bound":0.0002716921848189205,"upper_bound":0.0007138939019444284},"point_estimate":0.0004245912973387398,"standard_error":0.00011446763751402019},"slope":{"confidence_interval":{"confidence_level":0.95,"lower_bound":3.473339779224791,"upper_bound":3.4742385889005147},"point_estimate":3.4737510718725777,"standard_error":0.0002304895879181241},"std_dev":{"confidence_interval":{"confidence_level":0.95,"lower_bound":0.0016715325624774196,"upper_bound":0.0034011258488194475},"point_estimate":0.0026257737698331513,"standard_error":0.0004410091604617414}}