{"mean":{"confidence_interval":{"confidence_level":0.95,"lower_bound":-0.009527558659416657,"upper_bound":-0.00011678777352251306},"point_estimate":-0.0047138268394620875,"standard_error":0.0023935735733778703},"median":{"confidence_interval":{"confidence_level":0.95,"lower_bound":-0.005867043738298494,"upper_bound":0.0016946606985461798},"point_estimate":-0.001497929333419079,"standard_error":0.001853629635855608}}