{"mean":{"confidence_interval":{"confidence_level":0.95,"lower_bound":-0.000812101352328098,"upper_bound":0.0010779762703126915},"point_estimate":0.0000941239307579167,"standard_error":0.0004747527857666124},"median":{"confidence_interval":{"confidence_level":0.95,"lower_bound":-0.00020798012264700017,"upper_bound":0.0004323892558726339},"point_estimate":0.0001933145156023386,"standard_error":0.00016174943755284737}}