{"mean":{"confidence_interval":{"confidence_level":0.95,"lower_bound":-0.0006886838614304945,"upper_bound":0.0008326668462353078},"point_estimate":0.00009915763830781188,"standard_error":0.00038860443975900506},"median":{"confidence_interval":{"confidence_level":0.95,"lower_bound":-0.00014999192305475972,"upper_bound":0.0005028016356336418},"point_estimate":0.00022074883993172811,"standard_error":0.0001695350967100387}}