{"mean":{"confidence_interval":{"confidence_level":0.95,"lower_bound":-0.005528085952106193,"upper_bound":-0.002566771461457976},"point_estimate":-0.003993885800359753,"standard_error":0.0007555468753292252},"median":{"confidence_interval":{"confidence_level":0.95,"lower_bound":-0.004148752465336636,"upper_bound":-0.0033509294189273398},"point_estimate":-0.0036526585459930594,"standard_error":0.00020171238037795753}}