{"mean":{"confidence_interval":{"confidence_level":0.95,"lower_bound":-0.04110765058655958,"upper_bound":-0.0325501467754028},"point_estimate":-0.036234195854222384,"standard_error":0.002198906707987744},"median":{"confidence_interval":{"confidence_level":0.95,"lower_bound":-0.03507157362154534,"upper_bound":-0.03068974790922574},"point_estimate":-0.03311691473852929,"standard_error":0.0012044705678884524}}