{"mean":{"confidence_interval":{"confidence_level":0.95,"lower_bound":-0.0025689545904513528,"upper_bound":0.0004122860698388788},"point_estimate":-0.0008740883598939986,"standard_error":0.000763372741885918},"median":{"confidence_interval":{"confidence_level":0.95,"lower_bound":-0.0003566282145099908,"upper_bound":0.0002291180097881984},"point_estimate":-0.00007684917920447454,"standard_error":0.00014925543254724603}}