{"mean":{"confidence_interval":{"confidence_level":0.95,"lower_bound":0.003535867314950675,"upper_bound":0.005031590090530379},"point_estimate":0.004285536888054331,"standard_error":0.00038104103095779144},"median":{"confidence_interval":{"confidence_level":0.95,"lower_bound":0.0037843373921386814,"upper_bound":0.004526517118066842},"point_estimate":0.004289891479287489,"standard_error":0.0001895613270886876}}