{"mean":{"confidence_interval":{"confidence_level":0.95,"lower_bound":16.628982680599304,"upper_bound":16.781528862034044},"point_estimate":16.695492416915624,"standard_error":0.03948374921670134},"median":{"confidence_interval":{"confidence_level":0.95,"lower_bound":16.593976538620893,"upper_bound":16.60266708932804},"point_estimate":16.598291606373728,"standard_error":0.001890498353760949},"median_abs_dev":{"confidence_interval":{"confidence_level":0.95,"lower_bound":0.012321521100352591,"upper_bound":0.024628086078930096},"point_estimate":0.017141156683883257,"standard_error":0.003274943876319443},"slope":{"confidence_interval":{"confidence_level":0.95,"lower_bound":16.599671960631234,"upper_bound":16.61147179599071},"point_estimate":16.605022968547477,"standard_error":0.0030158792417633432},"std_dev":{"confidence_interval":{"confidence_level":0.95,"lower_bound":0.11173334880330205,"upper_bound":0.5903421768737119},"point_estimate":0.3970543234387967,"standard_error":0.11881131190032632}}