{"mean":{"confidence_interval":{"confidence_level":0.95,"lower_bound":7.3713142671838146,"upper_bound":7.375184236651479},"point_estimate":7.373054184246029,"standard_error":0.0009922196205305316},"median":{"confidence_interval":{"confidence_level":0.95,"lower_bound":7.369199360763096,"upper_bound":7.370594722423596},"point_estimate":7.369654502316327,"standard_error":0.00032316753799934605},"median_abs_dev":{"confidence_interval":{"confidence_level":0.95,"lower_bound":0.001727367135261923,"upper_bound":0.003396336101133071},"point_estimate":0.0024375535021384787,"standard_error":0.0004171902062934032},"slope":{"confidence_interval":{"confidence_level":0.95,"lower_bound":7.370438881918899,"upper_bound":7.377423867162911},"point_estimate":7.373199510044441,"standard_error":0.0018542653413865305},"std_dev":{"confidence_interval":{"confidence_level":0.95,"lower_bound":0.005357267560275115,"upper_bound":0.014249172481656372},"point_estimate":0.009960729057475045,"standard_error":0.002341595586219971}}