{"mean":{"confidence_interval":{"confidence_level":0.95,"lower_bound":0.0046116320257697805,"upper_bound":0.016362473892300604},"point_estimate":0.01090842259970004,"standard_error":0.0030025221990558804},"median":{"confidence_interval":{"confidence_level":0.95,"lower_bound":0.014234685566816285,"upper_bound":0.027354732439141216},"point_estimate":0.02250923880363276,"standard_error":0.0030153861122715992}}