{"mean":{"confidence_interval":{"confidence_level":0.95,"lower_bound":-0.0009730918697379382,"upper_bound":0.0006752539325356955},"point_estimate":-0.00012801935825534905,"standard_error":0.00041903633495217024},"median":{"confidence_interval":{"confidence_level":0.95,"lower_bound":-0.0005176441948744337,"upper_bound":0.0002551782191591023},"point_estimate":-0.00018859401338333637,"standard_error":0.00019844673756017213}}