{"mean":{"confidence_interval":{"confidence_level":0.95,"lower_bound":18.210914067421342,"upper_bound":18.214884082361785},"point_estimate":18.212801363259146,"standard_error":0.0010157654229285933},"median":{"confidence_interval":{"confidence_level":0.95,"lower_bound":18.209157189177077,"upper_bound":18.211804086737416},"point_estimate":18.210394038708586,"standard_error":0.0006042890445306927},"median_abs_dev":{"confidence_interval":{"confidence_level":0.95,"lower_bound":0.0036181228912555937,"upper_bound":0.006900538836896026},"point_estimate":0.005192967610133847,"standard_error":0.0008138484325657826},"slope":{"confidence_interval":{"confidence_level":0.95,"lower_bound":18.20978045223832,"upper_bound":18.213584138288066},"point_estimate":18.211543742716334,"standard_error":0.0009757104933547453},"std_dev":{"confidence_interval":{"confidence_level":0.95,"lower_bound":0.007105504602093263,"upper_bound":0.013036928437942174},"point_estimate":0.010194831442238091,"standard_error":0.0015276935554532425}}