{"mean":{"confidence_interval":{"confidence_level":0.95,"lower_bound":9.912180864477026,"upper_bound":10.003946842118534},"point_estimate":9.956128296630688,"standard_error":0.023384202236686632},"median":{"confidence_interval":{"confidence_level":0.95,"lower_bound":9.907426540125883,"upper_bound":9.977436318574831},"point_estimate":9.954400795181389,"standard_error":0.018943701122862457},"median_abs_dev":{"confidence_interval":{"confidence_level":0.95,"lower_bound":0.0874957401619437,"upper_bound":0.157751508251133},"point_estimate":0.11383177821589043,"standard_error":0.01825497424850883},"slope":{"confidence_interval":{"confidence_level":0.95,"lower_bound":9.955103290359416,"upper_bound":10.009608359971734},"point_estimate":9.98184439903564,"standard_error":0.013897716184239184},"std_dev":{"confidence_interval":{"confidence_level":0.95,"lower_bound":0.16551935381201444,"upper_bound":0.29662040979481763},"point_estimate":0.23469963897578394,"standard_error":0.0336884130906873}}