{"mean":{"confidence_interval":{"confidence_level":0.95,"lower_bound":-0.005375947667885752,"upper_bound":0.0019470113229201626},"point_estimate":-0.0013989925190939223,"standard_error":0.0018673521693439712},"median":{"confidence_interval":{"confidence_level":0.95,"lower_bound":-0.0003549645981685279,"upper_bound":0.00023500189917280423},"point_estimate":-0.00001989434061988593,"standard_error":0.00014969988465539328}}