{"mean":{"confidence_interval":{"confidence_level":0.95,"lower_bound":6.06064292876741,"upper_bound":6.085371790614393},"point_estimate":6.07287941968247,"standard_error":0.006309275123121306},"median":{"confidence_interval":{"confidence_level":0.95,"lower_bound":6.053453574031771,"upper_bound":6.088272572914211},"point_estimate":6.066704844776517,"standard_error":0.008851898169856522},"median_abs_dev":{"confidence_interval":{"confidence_level":0.95,"lower_bound":0.04900591511896961,"upper_bound":0.08201961118765946},"point_estimate":0.06081335945358975,"standard_error":0.008601985523620539},"slope":{"confidence_interval":{"confidence_level":0.95,"lower_bound":6.0580235617781275,"upper_bound":6.089630560113597},"point_estimate":6.07360241737008,"standard_error":0.008057301281496622},"std_dev":{"confidence_interval":{"confidence_level":0.95,"lower_bound":0.05397668324476313,"upper_bound":0.07312067128584325},"point_estimate":0.06339887772044714,"standard_error":0.004930687415309882}}