{"mean":{"confidence_interval":{"confidence_level":0.95,"lower_bound":-0.009433757536859863,"upper_bound":-0.007236743450484237},"point_estimate":-0.008290429934135979,"standard_error":0.0005601702818027841},"median":{"confidence_interval":{"confidence_level":0.95,"lower_bound":-0.009050893260213244,"upper_bound":-0.006923003902295213},"point_estimate":-0.007962571599821389,"standard_error":0.00039184574873076254}}