{"mean":{"confidence_interval":{"confidence_level":0.95,"lower_bound":-0.0017494655355556482,"upper_bound":0.006552017329414724},"point_estimate":0.0019981207108548116,"standard_error":0.0022162933456321},"median":{"confidence_interval":{"confidence_level":0.95,"lower_bound":-0.0005602495102929872,"upper_bound":0.00024089685158923402},"point_estimate":-0.0001903854989940834,"standard_error":0.0002080242479424256}}