{"mean":{"confidence_interval":{"confidence_level":0.95,"lower_bound":4.860487776124563,"upper_bound":4.861396736621253},"point_estimate":4.860908949291841,"standard_error":0.00023397850392566487},"median":{"confidence_interval":{"confidence_level":0.95,"lower_bound":4.8598504710322885,"upper_bound":4.860146201955621},"point_estimate":4.8599743153044415,"standard_error":0.00009585237847308113},"median_abs_dev":{"confidence_interval":{"confidence_level":0.95,"lower_bound":0.00037896855086376604,"upper_bound":0.0011169278507114347},"point_estimate":0.0006039660240627188,"standard_error":0.0001941757633979048},"slope":{"confidence_interval":{"confidence_level":0.95,"lower_bound":4.860175538231691,"upper_bound":4.861132062048691},"point_estimate":4.860604237226443,"standard_error":0.00024679699819835587},"std_dev":{"confidence_interval":{"confidence_level":0.95,"lower_bound":0.0014843547916584842,"upper_bound":0.003101460253041061},"point_estimate":0.002357127093890956,"standard_error":0.00041282200952351655}}