{"mean":{"confidence_interval":{"confidence_level":0.95,"lower_bound":-0.012317144164148868,"upper_bound":0.0019878663431605647},"point_estimate":-0.004492424385580174,"standard_error":0.003650993854348603},"median":{"confidence_interval":{"confidence_level":0.95,"lower_bound":-0.007104401101625246,"upper_bound":0.005110608822559005},"point_estimate":-0.0018396824467417083,"standard_error":0.003110981415772307}}