{"mean":{"confidence_interval":{"confidence_level":0.95,"lower_bound":-0.004459629655388347,"upper_bound":0.002504757353565094},"point_estimate":-0.0009624488385590046,"standard_error":0.0017805868810781228},"median":{"confidence_interval":{"confidence_level":0.95,"lower_bound":-0.0045498171643845176,"upper_bound":0.004073780344497235},"point_estimate":-0.0012755639935625451,"standard_error":0.0022098561826913075}}