{"mean":{"confidence_interval":{"confidence_level":0.95,"lower_bound":0.000959413822548846,"upper_bound":0.010846241622618253},"point_estimate":0.005111485133855842,"standard_error":0.0024337522211605664},"median":{"confidence_interval":{"confidence_level":0.95,"lower_bound":-0.00022636055608071803,"upper_bound":0.0006115296565953887},"point_estimate":0.0002927542596808941,"standard_error":0.00021812519997415359}}