{"mean":{"confidence_interval":{"confidence_level":0.95,"lower_bound":-0.0009285176882867304,"upper_bound":0.06689982707103233},"point_estimate":0.023054844521961826,"standard_error":0.019706018889273924},"median":{"confidence_interval":{"confidence_level":0.95,"lower_bound":-0.00021610799516580403,"upper_bound":0.00042483043538177334},"point_estimate":-0.0000216012668615706,"standard_error":0.00018005116881784818}}