{"mean":{"confidence_interval":{"confidence_level":0.95,"lower_bound":0.04468345843880005,"upper_bound":0.0460348510808416},"point_estimate":0.04536129279098122,"standard_error":0.00034577850101297913},"median":{"confidence_interval":{"confidence_level":0.95,"lower_bound":0.04551190005976746,"upper_bound":0.04619747561045617},"point_estimate":0.04587309162219633,"standard_error":0.0001641827878519776}}