{"mean":{"confidence_interval":{"confidence_level":0.95,"lower_bound":5.0178995943476625,"upper_bound":5.0396104710706195},"point_estimate":5.028831321404181,"standard_error":0.00553772428112034},"median":{"confidence_interval":{"confidence_level":0.95,"lower_bound":5.02180774197953,"upper_bound":5.04022335175724},"point_estimate":5.025939747519885,"standard_error":0.004581897127715043},"median_abs_dev":{"confidence_interval":{"confidence_level":0.95,"lower_bound":0.03067142128506134,"upper_bound":0.050959278166791105},"point_estimate":0.04053588788334799,"standard_error":0.005172064705803598},"slope":{"confidence_interval":{"confidence_level":0.95,"lower_bound":5.025796675745895,"upper_bound":5.056434300683144},"point_estimate":5.040391095588674,"standard_error":0.007845857642113402},"std_dev":{"confidence_interval":{"confidence_level":0.95,"lower_bound":0.0423976017141963,"upper_bound":0.06842499055469796},"point_estimate":0.05560130058643585,"standard_error":0.006692184344451774}}