{"mean":{"confidence_interval":{"confidence_level":0.95,"lower_bound":0.0014980865206732864,"upper_bound":0.006949076247087777},"point_estimate":0.004087661454843516,"standard_error":0.0014024075898496384},"median":{"confidence_interval":{"confidence_level":0.95,"lower_bound":-0.00039846059761561303,"upper_bound":0.00029174950285271173},"point_estimate":-0.00007461317406776136,"standard_error":0.00017691343969281707}}