{"mean":{"confidence_interval":{"confidence_level":0.95,"lower_bound":-0.0008971802576844405,"upper_bound":0.0010199109198050658},"point_estimate":0.00008161258785044367,"standard_error":0.0004895688684273888},"median":{"confidence_interval":{"confidence_level":0.95,"lower_bound":-0.00026057038855131776,"upper_bound":0.0003225199078809027},"point_estimate":0.00006600195080364024,"standard_error":0.00014666869125125057}}