{"mean":{"confidence_interval":{"confidence_level":0.95,"lower_bound":7.150874036067579,"upper_bound":7.153925648691735},"point_estimate":7.152341347859176,"standard_error":0.0007790900684865452},"median":{"confidence_interval":{"confidence_level":0.95,"lower_bound":7.147223122099055,"upper_bound":7.15411756912592},"point_estimate":7.151191468087394,"standard_error":0.00216158040307454},"median_abs_dev":{"confidence_interval":{"confidence_level":0.95,"lower_bound":0.0029553656373906825,"upper_bound":0.009520731019106067},"point_estimate":0.007324788757001978,"standard_error":0.0017902032956865015},"slope":{"confidence_interval":{"confidence_level":0.95,"lower_bound":7.150810664708383,"upper_bound":7.15471769515929},"point_estimate":7.152651299836575,"standard_error":0.0009976683620028075},"std_dev":{"confidence_interval":{"confidence_level":0.95,"lower_bound":0.0060729660251555,"upper_bound":0.009408042048696365},"point_estimate":0.007845165435100724,"standard_error":0.0008523040524473743}}