{"mean":{"confidence_interval":{"confidence_level":0.95,"lower_bound":3.5171420236770126,"upper_bound":3.5602741875719564},"point_estimate":3.5381306454228008,"standard_error":0.01101164875123966},"median":{"confidence_interval":{"confidence_level":0.95,"lower_bound":3.4667133754113184,"upper_bound":3.4799482509898447},"point_estimate":3.4670748913362104,"standard_error":0.004553473744394106},"median_abs_dev":{"confidence_interval":{"confidence_level":0.95,"lower_bound":0.0017389172689614236,"upper_bound":0.021979192254670918},"point_estimate":0.003046026896120033,"standard_error":0.006751173580864063},"slope":{"confidence_interval":{"confidence_level":0.95,"lower_bound":3.529032188835062,"upper_bound":3.5871296747545824},"point_estimate":3.5574670568919267,"standard_error":0.014861501034156854},"std_dev":{"confidence_interval":{"confidence_level":0.95,"lower_bound":0.09099233007215313,"upper_bound":0.12660468448184},"point_estimate":0.110638735167017,"standard_error":0.00909090924038603}}