{"mean":{"confidence_interval":{"confidence_level":0.95,"lower_bound":-0.002135958100867435,"upper_bound":0.0008883809273336424},"point_estimate":-0.0005244108141922998,"standard_error":0.000767005438737885},"median":{"confidence_interval":{"confidence_level":0.95,"lower_bound":-0.0005457194097588935,"upper_bound":0.00026844687768079467},"point_estimate":-0.0001872953800723387,"standard_error":0.00021408700261415763}}