{"mean":{"confidence_interval":{"confidence_level":0.95,"lower_bound":3.406202977812586,"upper_bound":3.4068020128421996},"point_estimate":3.4064708199405835,"standard_error":0.00015415714845179394},"median":{"confidence_interval":{"confidence_level":0.95,"lower_bound":3.406056531030727,"upper_bound":3.406136856343771},"point_estimate":3.4060881583602614,"standard_error":0.000020748880850691},"median_abs_dev":{"confidence_interval":{"confidence_level":0.95,"lower_bound":0.00013450937665888057,"upper_bound":0.00025072187008961594},"point_estimate":0.00020144358400508828,"standard_error":0.000028443921000059277},"slope":{"confidence_interval":{"confidence_level":0.95,"lower_bound":3.4061565964190588,"upper_bound":3.4066743204644427},"point_estimate":3.406388071773636,"standard_error":0.00013339782169917116},"std_dev":{"confidence_interval":{"confidence_level":0.95,"lower_bound":0.0007311298396275398,"upper_bound":0.002203703011485351},"point_estimate":0.0015458916382504971,"standard_error":0.0003757345583352399}}