{"mean":{"confidence_interval":{"confidence_level":0.95,"lower_bound":-0.00348605617860932,"upper_bound":0.0005174966960882698},"point_estimate":-0.0014419364634318255,"standard_error":0.0010207269150056052},"median":{"confidence_interval":{"confidence_level":0.95,"lower_bound":-0.0035217246654928314,"upper_bound":0.0016112538340957716},"point_estimate":-0.0008917185183359155,"standard_error":0.0014553684488756346}}