{"mean":{"confidence_interval":{"confidence_level":0.95,"lower_bound":-0.0018433975436299777,"upper_bound":0.007351755069636394},"point_estimate":0.0028869720322064474,"standard_error":0.002333705884988882},"median":{"confidence_interval":{"confidence_level":0.95,"lower_bound":-0.0008177303243410705,"upper_bound":0.0017627037527592204},"point_estimate":0.0004133016377958487,"standard_error":0.0006762407112017717}}