{"mean":{"confidence_interval":{"confidence_level":0.95,"lower_bound":5.6824419309988405,"upper_bound":5.755969381169008},"point_estimate":5.713813817348803,"standard_error":0.018960380406230347},"median":{"confidence_interval":{"confidence_level":0.95,"lower_bound":5.665773326750829,"upper_bound":5.712725914432664},"point_estimate":5.679312878191729,"standard_error":0.00908633020786327},"median_abs_dev":{"confidence_interval":{"confidence_level":0.95,"lower_bound":0.05745155971277878,"upper_bound":0.08912728592678278},"point_estimate":0.07825377200466126,"standard_error":0.0083490982903503},"slope":{"confidence_interval":{"confidence_level":0.95,"lower_bound":5.651131332480625,"upper_bound":5.677261421033407},"point_estimate":5.664350500911631,"standard_error":0.006668889560134663},"std_dev":{"confidence_interval":{"confidence_level":0.95,"lower_bound":0.08075390418906055,"upper_bound":0.2963325372108909},"point_estimate":0.19039591551457613,"standard_error":0.06351942180889643}}