{"mean":{"confidence_interval":{"confidence_level":0.95,"lower_bound":8.437670477018465,"upper_bound":8.537424064758515},"point_estimate":8.480413531186121,"standard_error":0.02581643794169506},"median":{"confidence_interval":{"confidence_level":0.95,"lower_bound":8.411861179538594,"upper_bound":8.416525125139586},"point_estimate":8.41437180467262,"standard_error":0.001143075415558259},"median_abs_dev":{"confidence_interval":{"confidence_level":0.95,"lower_bound":0.007513040617172095,"upper_bound":0.01480607049721772},"point_estimate":0.011055025108815446,"standard_error":0.0018106336830857874},"slope":{"confidence_interval":{"confidence_level":0.95,"lower_bound":8.418536642511,"upper_bound":8.58482445354435},"point_estimate":8.474431536626511,"standard_error":0.04776759560590848},"std_dev":{"confidence_interval":{"confidence_level":0.95,"lower_bound":0.07692662689419501,"upper_bound":0.3956839462080585},"point_estimate":0.2585801815256218,"standard_error":0.08398764050587869}}