{"mean":{"confidence_interval":{"confidence_level":0.95,"lower_bound":2.6944694791229598,"upper_bound":2.7104814889143367},"point_estimate":2.7023032319744247,"standard_error":0.004076281049981615},"median":{"confidence_interval":{"confidence_level":0.95,"lower_bound":2.6775173906474015,"upper_bound":2.7045705463632954},"point_estimate":2.6927362722394825,"standard_error":0.00758340880402081},"median_abs_dev":{"confidence_interval":{"confidence_level":0.95,"lower_bound":0.024151988993929938,"upper_bound":0.05466374877608527},"point_estimate":0.04429762979218877,"standard_error":0.008181129837904083},"slope":{"confidence_interval":{"confidence_level":0.95,"lower_bound":2.7009369988949437,"upper_bound":2.7205903598675123},"point_estimate":2.710681425087594,"standard_error":0.0050127600286070184},"std_dev":{"confidence_interval":{"confidence_level":0.95,"lower_bound":0.035386306435062485,"upper_bound":0.04581806263803779},"point_estimate":0.04105367471108424,"standard_error":0.0026610818142865683}}