{"mean":{"confidence_interval":{"confidence_level":0.95,"lower_bound":0.005037826120989775,"upper_bound":0.020276961306151954},"point_estimate":0.011337996682664997,"standard_error":0.0038468130177120217},"median":{"confidence_interval":{"confidence_level":0.95,"lower_bound":-0.00001778511284777906,"upper_bound":0.0006114902271905365},"point_estimate":0.0003352337756741264,"standard_error":0.00015974857799588044}}