{"mean":{"confidence_interval":{"confidence_level":0.95,"lower_bound":-0.05413374921365432,"upper_bound":0.005563345806233927},"point_estimate":-0.01778173196711419,"standard_error":0.016330915999635435},"median":{"confidence_interval":{"confidence_level":0.95,"lower_bound":0.001133258834979488,"upper_bound":0.016452655518542476},"point_estimate":0.009040844714270246,"standard_error":0.003978713506959791}}