{"mean":{"confidence_interval":{"confidence_level":0.95,"lower_bound":-0.0037139125255902317,"upper_bound":0.001709241374145697},"point_estimate":-0.0006358011124472096,"standard_error":0.0013708041469895048},"median":{"confidence_interval":{"confidence_level":0.95,"lower_bound":-0.0004852123937593156,"upper_bound":0.0001728795131403782},"point_estimate":-0.00010363729385609588,"standard_error":0.00017559138815506975}}