{"mean":{"confidence_interval":{"confidence_level":0.95,"lower_bound":0.052956658221908155,"upper_bound":0.06780376836423886},"point_estimate":0.059363327651999365,"standard_error":0.0038008184300154066},"median":{"confidence_interval":{"confidence_level":0.95,"lower_bound":0.05033263867484994,"upper_bound":0.06123008774511551},"point_estimate":0.05471130541874447,"standard_error":0.0026499738710273916}}