{"mean":{"confidence_interval":{"confidence_level":0.95,"lower_bound":-0.0019481772734440735,"upper_bound":0.003905630047495189},"point_estimate":0.0007982814140772287,"standard_error":0.0014837929479845997},"median":{"confidence_interval":{"confidence_level":0.95,"lower_bound":-0.00024209306380540419,"upper_bound":0.000557797668920168},"point_estimate":0.00008136860687502079,"standard_error":0.00020015662226704212}}