{"mean":{"confidence_interval":{"confidence_level":0.95,"lower_bound":-0.0006650090037695234,"upper_bound":0.0010513029571022673},"point_estimate":0.00015049853430482152,"standard_error":0.0004332530451771568},"median":{"confidence_interval":{"confidence_level":0.95,"lower_bound":-0.00032618080438173713,"upper_bound":0.00032350833297467574},"point_estimate":-0.00004943070075524858,"standard_error":0.00016208536687721257}}