{"mean":{"confidence_interval":{"confidence_level":0.95,"lower_bound":-0.02290785823988795,"upper_bound":0.0017054973924689688},"point_estimate":-0.01042034035390993,"standard_error":0.006244235742412565},"median":{"confidence_interval":{"confidence_level":0.95,"lower_bound":-0.022621061475540438,"upper_bound":0.011098570222809441},"point_estimate":-0.006009628708342651,"standard_error":0.008646266064827018}}