{"mean":{"confidence_interval":{"confidence_level":0.95,"lower_bound":-0.014927498184708031,"upper_bound":0.002476356089187802},"point_estimate":-0.005832892974764636,"standard_error":0.004396177923391971},"median":{"confidence_interval":{"confidence_level":0.95,"lower_bound":-0.003951149198248682,"upper_bound":0.0016073406611396162},"point_estimate":-0.0001469296307210488,"standard_error":0.0016274303167827017}}