{"mean":{"confidence_interval":{"confidence_level":0.95,"lower_bound":0.001403161250394064,"upper_bound":0.008973874565073092},"point_estimate":0.004956976985543982,"standard_error":0.0019866321826721156},"median":{"confidence_interval":{"confidence_level":0.95,"lower_bound":0.00017025981282807202,"upper_bound":0.001844559033953086},"point_estimate":0.00092272797969839,"standard_error":0.0004202678201117805}}