{"mean":{"confidence_interval":{"confidence_level":0.95,"lower_bound":-0.002631968658634687,"upper_bound":-0.0006833655721954827},"point_estimate":-0.001581401061728549,"standard_error":0.0004998178738502983},"median":{"confidence_interval":{"confidence_level":0.95,"lower_bound":-0.0006406632792297362,"upper_bound":-0.00009250541305906607},"point_estimate":-0.00034397556375076466,"standard_error":0.00014306434185702753}}