{"mean":{"confidence_interval":{"confidence_level":0.95,"lower_bound":-0.0007645151406105855,"upper_bound":0.0045745446906375236},"point_estimate":0.0013354719531057935,"standard_error":0.0013803399744386532},"median":{"confidence_interval":{"confidence_level":0.95,"lower_bound":-0.000569337696338823,"upper_bound":0.0002984666626590915},"point_estimate":-0.00007652848952555136,"standard_error":0.00020600086391123678}}