{"mean":{"confidence_interval":{"confidence_level":0.95,"lower_bound":-0.0063599819865348935,"upper_bound":0.005082770135606077},"point_estimate":-0.00092047145264329,"standard_error":0.002923139571902868},"median":{"confidence_interval":{"confidence_level":0.95,"lower_bound":-0.00881277744236919,"upper_bound":0.0075727985914040286},"point_estimate":0.0004539515007921935,"standard_error":0.004320280168874776}}