{"mean":{"confidence_interval":{"confidence_level":0.95,"lower_bound":79.47358904110239,"upper_bound":79.69789495388186},"point_estimate":79.57088904774542,"standard_error":0.05781026949337024},"median":{"confidence_interval":{"confidence_level":0.95,"lower_bound":79.39907318247472,"upper_bound":79.41341678703257},"point_estimate":79.40383310719132,"standard_error":0.0034501611902469664},"median_abs_dev":{"confidence_interval":{"confidence_level":0.95,"lower_bound":0.013762795175480297,"upper_bound":0.03232009250916641},"point_estimate":0.018678237511434697,"standard_error":0.00480076211224795},"slope":{"confidence_interval":{"confidence_level":0.95,"lower_bound":79.46446546887064,"upper_bound":79.70810223799859},"point_estimate":79.56942210867513,"standard_error":0.06292127431762476},"std_dev":{"confidence_interval":{"confidence_level":0.95,"lower_bound":0.25303407813818957,"upper_bound":0.8821682363754666},"point_estimate":0.5821867832601694,"standard_error":0.17445755704017926}}