{"mean":{"confidence_interval":{"confidence_level":0.95,"lower_bound":0.046080863772999546,"upper_bound":0.05187888179975471},"point_estimate":0.048952243399615236,"standard_error":0.0014845091380673281},"median":{"confidence_interval":{"confidence_level":0.95,"lower_bound":0.04402238275195034,"upper_bound":0.05255056167139993},"point_estimate":0.04859896795157126,"standard_error":0.002343115548473081}}