{"mean":{"confidence_interval":{"confidence_level":0.95,"lower_bound":-0.021708636875009846,"upper_bound":-0.017516600490961834},"point_estimate":-0.0194970517855797,"standard_error":0.0010694120059597054},"median":{"confidence_interval":{"confidence_level":0.95,"lower_bound":-0.019586346403130617,"upper_bound":-0.01898104725103744},"point_estimate":-0.019329681455960146,"standard_error":0.0001477177322274531}}