{"mean":{"confidence_interval":{"confidence_level":0.95,"lower_bound":-0.018035912295380787,"upper_bound":-0.0013654182293462939},"point_estimate":-0.007819070179671317,"standard_error":0.004461480887881094},"median":{"confidence_interval":{"confidence_level":0.95,"lower_bound":-0.005628393073394843,"upper_bound":-0.0006593747133740111},"point_estimate":-0.00355252587143029,"standard_error":0.0012797841081304288}}