{"mean":{"confidence_interval":{"confidence_level":0.95,"lower_bound":-0.0019239576442657356,"upper_bound":0.0010306681803501712},"point_estimate":-0.00041103148115995136,"standard_error":0.0007557315928334888},"median":{"confidence_interval":{"confidence_level":0.95,"lower_bound":0.0005089152037933697,"upper_bound":0.0026438903977270044},"point_estimate":0.0017806607981736278,"standard_error":0.0004833059741139152}}