{"mean":{"confidence_interval":{"confidence_level":0.95,"lower_bound":0.0035592860341697075,"upper_bound":0.006219390624559227},"point_estimate":0.004961453365058599,"standard_error":0.000679847732065},"median":{"confidence_interval":{"confidence_level":0.95,"lower_bound":0.0026789643446376576,"upper_bound":0.003335238801705165},"point_estimate":0.0028840747032528036,"standard_error":0.0003703794710484747}}