{"mean":{"confidence_interval":{"confidence_level":0.95,"lower_bound":4.524070270562383,"upper_bound":4.524991283455689},"point_estimate":4.524493826679503,"standard_error":0.00023632648063466103},"median":{"confidence_interval":{"confidence_level":0.95,"lower_bound":4.523571024076443,"upper_bound":4.524020579929999},"point_estimate":4.523772639507071,"standard_error":0.0001289429031354964},"median_abs_dev":{"confidence_interval":{"confidence_level":0.95,"lower_bound":0.0005385758428323802,"upper_bound":0.001132759528873524},"point_estimate":0.0008517219839806504,"standard_error":0.00014512871709850328},"slope":{"confidence_interval":{"confidence_level":0.95,"lower_bound":4.523924213611783,"upper_bound":4.524831234802377},"point_estimate":4.524335789060629,"standard_error":0.00023211391709876427},"std_dev":{"confidence_interval":{"confidence_level":0.95,"lower_bound":0.001473208428146879,"upper_bound":0.00320569153586917},"point_estimate":0.0023774790597192227,"standard_error":0.0004464542109210363}}