{"mean":{"confidence_interval":{"confidence_level":0.95,"lower_bound":7.176777603047528,"upper_bound":7.202607835237447},"point_estimate":7.18934212538399,"standard_error":0.006583616635873968},"median":{"confidence_interval":{"confidence_level":0.95,"lower_bound":7.169211181294978,"upper_bound":7.189255727170004},"point_estimate":7.179626133673432,"standard_error":0.004901520590833816},"median_abs_dev":{"confidence_interval":{"confidence_level":0.95,"lower_bound":0.04207788113603761,"upper_bound":0.07336477169834228},"point_estimate":0.05499367185430427,"standard_error":0.008005014514989552},"slope":{"confidence_interval":{"confidence_level":0.95,"lower_bound":7.176701791294275,"upper_bound":7.204269853284581},"point_estimate":7.189677921218943,"standard_error":0.0070289160011021675},"std_dev":{"confidence_interval":{"confidence_level":0.95,"lower_bound":0.05352841094323664,"upper_bound":0.07907695032529158},"point_estimate":0.06647952248053146,"standard_error":0.006549276818367723}}