{"mean":{"confidence_interval":{"confidence_level":0.95,"lower_bound":-0.004625478628008858,"upper_bound":-0.00014953353135843052},"point_estimate":-0.0023788774136311863,"standard_error":0.001145382477742645},"median":{"confidence_interval":{"confidence_level":0.95,"lower_bound":-0.006106639695092197,"upper_bound":0.000535532773026759},"point_estimate":-0.0033048043833473484,"standard_error":0.0017193492990518373}}