{"mean":{"confidence_interval":{"confidence_level":0.95,"lower_bound":-0.003199994454355009,"upper_bound":0.0008775422404175056},"point_estimate":-0.001195733759828399,"standard_error":0.0010368353386641291},"median":{"confidence_interval":{"confidence_level":0.95,"lower_bound":-0.004404634411072397,"upper_bound":0.001585938536021958},"point_estimate":-0.0031274569197475843,"standard_error":0.0016586062688447316}}