{"mean":{"confidence_interval":{"confidence_level":0.95,"lower_bound":17.027940486336814,"upper_bound":17.03312147731212},"point_estimate":17.030295209831785,"standard_error":0.001325242422976118},"median":{"confidence_interval":{"confidence_level":0.95,"lower_bound":17.025323688837318,"upper_bound":17.027469274347542},"point_estimate":17.026554362996407,"standard_error":0.0004910581686960157},"median_abs_dev":{"confidence_interval":{"confidence_level":0.95,"lower_bound":0.0025857527332652426,"upper_bound":0.004797257682331188},"point_estimate":0.003734314660988697,"standard_error":0.0005866653022028349},"slope":{"confidence_interval":{"confidence_level":0.95,"lower_bound":17.027250414653597,"upper_bound":17.031087237557472},"point_estimate":17.02889118220434,"standard_error":0.000992973560830118},"std_dev":{"confidence_interval":{"confidence_level":0.95,"lower_bound":0.007278126971441637,"upper_bound":0.018213201563883962},"point_estimate":0.013371216456330095,"standard_error":0.002782596142558255}}