{"mean":{"confidence_interval":{"confidence_level":0.95,"lower_bound":-0.0013127089009340094,"upper_bound":-0.00003217574346110483},"point_estimate":-0.0006950090825666999,"standard_error":0.00032630348386381805},"median":{"confidence_interval":{"confidence_level":0.95,"lower_bound":-0.0008574862940635351,"upper_bound":-0.00007900281564188205},"point_estimate":-0.0003799862572420043,"standard_error":0.00019728561519446384}}