{"mean":{"confidence_interval":{"confidence_level":0.95,"lower_bound":0.001016373279996658,"upper_bound":0.010336780199386535},"point_estimate":0.005000309553385929,"standard_error":0.0023930267858654746},"median":{"confidence_interval":{"confidence_level":0.95,"lower_bound":-0.00011699208257809346,"upper_bound":0.0005165125513844071},"point_estimate":0.00021592850335516722,"standard_error":0.00016907783458914249}}