{"mean":{"confidence_interval":{"confidence_level":0.95,"lower_bound":-0.0033266571774071825,"upper_bound":0.0010010813854449457},"point_estimate":-0.000979199643190487,"standard_error":0.0011015133447039597},"median":{"confidence_interval":{"confidence_level":0.95,"lower_bound":-0.0005112020744381107,"upper_bound":0.00023464613167485727},"point_estimate":-0.000241127697871657,"standard_error":0.00018182396715704682}}