{"mean":{"confidence_interval":{"confidence_level":0.95,"lower_bound":-0.006398493507186297,"upper_bound":0.000950426769034439},"point_estimate":-0.0019953568130651744,"standard_error":0.0019449699590879047},"median":{"confidence_interval":{"confidence_level":0.95,"lower_bound":-0.002879782018588073,"upper_bound":0.0005681028618664818},"point_estimate":-0.0014282071336775282,"standard_error":0.0008910818820417305}}