{"mean":{"confidence_interval":{"confidence_level":0.95,"lower_bound":1.704541576463497,"upper_bound":1.706194035875536},"point_estimate":1.7053017684380922,"standard_error":0.0004234752212881393},"median":{"confidence_interval":{"confidence_level":0.95,"lower_bound":1.7035717524121345,"upper_bound":1.7041371023884757},"point_estimate":1.703865600276791,"standard_error":0.00015363052606084842},"median_abs_dev":{"confidence_interval":{"confidence_level":0.95,"lower_bound":0.0008621418290701565,"upper_bound":0.0017384479700541832},"point_estimate":0.001262741083270008,"standard_error":0.00023913039857226246},"slope":{"confidence_interval":{"confidence_level":0.95,"lower_bound":1.7040697444878468,"upper_bound":1.705063493350558},"point_estimate":1.704525979284511,"standard_error":0.00025426075334764693},"std_dev":{"confidence_interval":{"confidence_level":0.95,"lower_bound":0.0025891267733917276,"upper_bound":0.005608826302536805},"point_estimate":0.004242113471479343,"standard_error":0.0007682538042330963}}