{"mean":{"confidence_interval":{"confidence_level":0.95,"lower_bound":-0.006116930639654868,"upper_bound":0.007467329331232236},"point_estimate":0.0007309296105082463,"standard_error":0.003432032267475372},"median":{"confidence_interval":{"confidence_level":0.95,"lower_bound":-0.011709540940048946,"upper_bound":0.005230785715180097},"point_estimate":-0.003548464814940089,"standard_error":0.004364560970158845}}