{"mean":{"confidence_interval":{"confidence_level":0.95,"lower_bound":-0.020104479156428323,"upper_bound":-0.0016400968637774122},"point_estimate":-0.01129048606339389,"standard_error":0.0046562244638574495},"median":{"confidence_interval":{"confidence_level":0.95,"lower_bound":-0.025828975681359778,"upper_bound":-0.01412003723063171},"point_estimate":-0.021443132973235857,"standard_error":0.0031534300764604144}}