{"mean":{"confidence_interval":{"confidence_level":0.95,"lower_bound":5.346791142317537,"upper_bound":5.364907765231566},"point_estimate":5.355483079177138,"standard_error":0.004615055432721735},"median":{"confidence_interval":{"confidence_level":0.95,"lower_bound":5.321751874038131,"upper_bound":5.357853031808435},"point_estimate":5.330400023842577,"standard_error":0.010154940133276278},"median_abs_dev":{"confidence_interval":{"confidence_level":0.95,"lower_bound":0.003595679025528811,"upper_bound":0.05471523075613682},"point_estimate":0.016515693122344997,"standard_error":0.014389587983989505},"slope":{"confidence_interval":{"confidence_level":0.95,"lower_bound":5.346274431057615,"upper_bound":5.3686560951948525},"point_estimate":5.356642779849339,"standard_error":0.005744389742198222},"std_dev":{"confidence_interval":{"confidence_level":0.95,"lower_bound":0.03696715722509208,"upper_bound":0.054936086991034354},"point_estimate":0.04635943459330615,"standard_error":0.004607799808203657}}