{"mean":{"confidence_interval":{"confidence_level":0.95,"lower_bound":3.2198092151303066,"upper_bound":3.2389268019082293},"point_estimate":3.229042592011001,"standard_error":0.004875613330026448},"median":{"confidence_interval":{"confidence_level":0.95,"lower_bound":3.193997088079403,"upper_bound":3.222466076427415},"point_estimate":3.1984172138656164,"standard_error":0.009021513154438034},"median_abs_dev":{"confidence_interval":{"confidence_level":0.95,"lower_bound":0.0033622398323057056,"upper_bound":0.044995801942649065},"point_estimate":0.010184647325843831,"standard_error":0.013113516197456584},"slope":{"confidence_interval":{"confidence_level":0.95,"lower_bound":3.2231359245954803,"upper_bound":3.2442994211411103},"point_estimate":3.2335146827438805,"standard_error":0.005401651091835684},"std_dev":{"confidence_interval":{"confidence_level":0.95,"lower_bound":0.040019768720178726,"upper_bound":0.05720022451864589},"point_estimate":0.049099780110515696,"standard_error":0.004371883894184002}}