{"mean":{"confidence_interval":{"confidence_level":0.95,"lower_bound":-0.002812132970892941,"upper_bound":0.007811674112648113},"point_estimate":0.0019478278009548156,"standard_error":0.0027462258320566407},"median":{"confidence_interval":{"confidence_level":0.95,"lower_bound":-0.0009436710649666225,"upper_bound":-0.00007024948657449265},"point_estimate":-0.0005459824033303695,"standard_error":0.00022233891810978957}}