{"mean":{"confidence_interval":{"confidence_level":0.95,"lower_bound":9.416481566016328,"upper_bound":9.492823866869015},"point_estimate":9.45389148159014,"standard_error":0.019456744167252155},"median":{"confidence_interval":{"confidence_level":0.95,"lower_bound":9.399864317353318,"upper_bound":9.465712586688685},"point_estimate":9.424161418784482,"standard_error":0.018327603608627046},"median_abs_dev":{"confidence_interval":{"confidence_level":0.95,"lower_bound":0.16263555779583896,"upper_bound":0.258723342314838},"point_estimate":0.22678943695293616,"standard_error":0.023262704290646658},"slope":{"confidence_interval":{"confidence_level":0.95,"lower_bound":9.439063371878245,"upper_bound":9.514423836358048},"point_estimate":9.47644497856194,"standard_error":0.01924871096785056},"std_dev":{"confidence_interval":{"confidence_level":0.95,"lower_bound":0.1632337605374519,"upper_bound":0.23033134257210294},"point_estimate":0.19566892166218033,"standard_error":0.01737151254254715}}