{"mean":{"confidence_interval":{"confidence_level":0.95,"lower_bound":-0.00007206879015020037,"upper_bound":0.0080156273137419},"point_estimate":0.003314321571162404,"standard_error":0.002032861632628836},"median":{"confidence_interval":{"confidence_level":0.95,"lower_bound":-0.000601925671022796,"upper_bound":0.0000673127229056103},"point_estimate":-0.00034116062595690444,"standard_error":0.00017631989612034327}}