{"mean":{"confidence_interval":{"confidence_level":0.95,"lower_bound":16.083850068938652,"upper_bound":16.223444104346623},"point_estimate":16.142036937105132,"standard_error":0.03636240448759089},"median":{"confidence_interval":{"confidence_level":0.95,"lower_bound":16.050803815625088,"upper_bound":16.05780990683134},"point_estimate":16.054862901709747,"standard_error":0.0016079396877822782},"median_abs_dev":{"confidence_interval":{"confidence_level":0.95,"lower_bound":0.01192596332128952,"upper_bound":0.021729966319916354},"point_estimate":0.01716145913246087,"standard_error":0.002538038883336312},"slope":{"confidence_interval":{"confidence_level":0.95,"lower_bound":16.057059363419533,"upper_bound":16.095677100202437},"point_estimate":16.073227619961173,"standard_error":0.010069929807445296},"std_dev":{"confidence_interval":{"confidence_level":0.95,"lower_bound":0.09756622558858362,"upper_bound":0.574657069142739},"point_estimate":0.3647103329235085,"standard_error":0.13096916664130667}}