{"mean":{"confidence_interval":{"confidence_level":0.95,"lower_bound":0.022539211084677695,"upper_bound":0.029997241230100617},"point_estimate":0.026460864407530815,"standard_error":0.0018999465267056637},"median":{"confidence_interval":{"confidence_level":0.95,"lower_bound":0.026680214623852505,"upper_bound":0.02819000985833591},"point_estimate":0.027665698148967355,"standard_error":0.00038830801503433497}}