{"mean":{"confidence_interval":{"confidence_level":0.95,"lower_bound":-0.001315396479355857,"upper_bound":0.0003937475987260235},"point_estimate":-0.00040792252693855335,"standard_error":0.0004354794103276029},"median":{"confidence_interval":{"confidence_level":0.95,"lower_bound":-0.0005707261571631372,"upper_bound":0.00017130813266197364},"point_estimate":-0.0002435371694492483,"standard_error":0.00020647672655727277}}