{"mean":{"confidence_interval":{"confidence_level":0.95,"lower_bound":-0.002679422616183163,"upper_bound":0.0011547467609969275},"point_estimate":-0.00041102931142378285,"standard_error":0.0010044384021375846},"median":{"confidence_interval":{"confidence_level":0.95,"lower_bound":0.0006100863120914735,"upper_bound":0.0012802997398058125},"point_estimate":0.000952913656264931,"standard_error":0.00016542813658690904}}