{"mean":{"confidence_interval":{"confidence_level":0.95,"lower_bound":6.172922135212872,"upper_bound":6.175521444777483},"point_estimate":6.17409064618878,"standard_error":0.0006672013255735852},"median":{"confidence_interval":{"confidence_level":0.95,"lower_bound":6.171577350635239,"upper_bound":6.172560724621852},"point_estimate":6.172053724784762,"standard_error":0.00027032049647971633},"median_abs_dev":{"confidence_interval":{"confidence_level":0.95,"lower_bound":0.0007956091515326945,"upper_bound":0.001881659793713097},"point_estimate":0.0013833334658668922,"standard_error":0.0002912330452437725},"slope":{"confidence_interval":{"confidence_level":0.95,"lower_bound":6.172629437299966,"upper_bound":6.17432296298512},"point_estimate":6.173389725626686,"standard_error":0.0004328931494779197},"std_dev":{"confidence_interval":{"confidence_level":0.95,"lower_bound":0.003336289261246538,"upper_bound":0.009497678616503672},"point_estimate":0.006711167285437578,"standard_error":0.0015795956518008412}}