{"mean":{"confidence_interval":{"confidence_level":0.95,"lower_bound":0.01838866302902648,"upper_bound":0.04106980972614015},"point_estimate":0.02929621267488436,"standard_error":0.006056048687800381},"median":{"confidence_interval":{"confidence_level":0.95,"lower_bound":0.005227607497497733,"upper_bound":0.03475147162619008},"point_estimate":0.017132787511332737,"standard_error":0.0065784046351625896}}