{"mean":{"confidence_interval":{"confidence_level":0.95,"lower_bound":2.342046487417644,"upper_bound":2.3429319157206785},"point_estimate":2.342439762551813,"standard_error":0.00022763612984430588},"median":{"confidence_interval":{"confidence_level":0.95,"lower_bound":2.3416671474537183,"upper_bound":2.342239814882728},"point_estimate":2.3418196146721155,"standard_error":0.0001614873854814027},"median_abs_dev":{"confidence_interval":{"confidence_level":0.95,"lower_bound":0.0007018215809838226,"upper_bound":0.0012924729963641273},"point_estimate":0.0008778064511870666,"standard_error":0.00014952051109934142},"slope":{"confidence_interval":{"confidence_level":0.95,"lower_bound":2.3420338457368657,"upper_bound":2.342581289851707},"point_estimate":2.342290908570632,"standard_error":0.0001397219968890382},"std_dev":{"confidence_interval":{"confidence_level":0.95,"lower_bound":0.0010402440044928517,"upper_bound":0.0033813943963391987},"point_estimate":0.0022914839852464495,"standard_error":0.0006099948234794007}}