{"mean":{"confidence_interval":{"confidence_level":0.95,"lower_bound":3.842929135591484,"upper_bound":3.853016555376174},"point_estimate":3.847767146548792,"standard_error":0.0025721311446073275},"median":{"confidence_interval":{"confidence_level":0.95,"lower_bound":3.8313486113437043,"upper_bound":3.8395724925869823},"point_estimate":3.8327655696402663,"standard_error":0.0021873267970791838},"median_abs_dev":{"confidence_interval":{"confidence_level":0.95,"lower_bound":0.001767906773546522,"upper_bound":0.013665275037578183},"point_estimate":0.004331832882892804,"standard_error":0.0030736818344044435},"slope":{"confidence_interval":{"confidence_level":0.95,"lower_bound":3.8437650314142364,"upper_bound":3.8572647452687536},"point_estimate":3.850212377766192,"standard_error":0.0034562688710696858},"std_dev":{"confidence_interval":{"confidence_level":0.95,"lower_bound":0.020030811872995002,"upper_bound":0.030678464669967882},"point_estimate":0.025829745181813683,"standard_error":0.002730179063638433}}