{"mean":{"confidence_interval":{"confidence_level":0.95,"lower_bound":0.0039479164765435235,"upper_bound":0.02522155533597312},"point_estimate":0.012544632670481004,"standard_error":0.005723016590055756},"median":{"confidence_interval":{"confidence_level":0.95,"lower_bound":-0.00009391399452896021,"upper_bound":0.0007897634401363707},"point_estimate":0.0002994970000631536,"standard_error":0.0002135339816543652}}