{"mean":{"confidence_interval":{"confidence_level":0.95,"lower_bound":-0.01696971892196627,"upper_bound":-0.013741530754445133},"point_estimate":-0.015205121030605562,"standard_error":0.0008240334715698233},"median":{"confidence_interval":{"confidence_level":0.95,"lower_bound":-0.013221841877698703,"upper_bound":-0.011713378925327311},"point_estimate":-0.01197387965049046,"standard_error":0.00035077504919742364}}