{"mean":{"confidence_interval":{"confidence_level":0.95,"lower_bound":-0.006083722510599306,"upper_bound":0.004910280317287663},"point_estimate":-0.000494892694609117,"standard_error":0.002763517330894137},"median":{"confidence_interval":{"confidence_level":0.95,"lower_bound":-0.00052356218230587,"upper_bound":0.00021728859100256237},"point_estimate":-0.00021430689605850262,"standard_error":0.00018628700805642653}}