{"mean":{"confidence_interval":{"confidence_level":0.95,"lower_bound":-0.0008337637394901807,"upper_bound":0.0017218384317208336},"point_estimate":0.00040585964546546727,"standard_error":0.0006498872742946823},"median":{"confidence_interval":{"confidence_level":0.95,"lower_bound":-0.0005108615653102166,"upper_bound":0.0008078758077423309},"point_estimate":0.00016672976864939848,"standard_error":0.0003275422414786231}}