{"mean":{"confidence_interval":{"confidence_level":0.95,"lower_bound":0.32491405847191857,"upper_bound":0.35150245501217725},"point_estimate":0.3398901467497948,"standard_error":0.006847960581680625},"median":{"confidence_interval":{"confidence_level":0.95,"lower_bound":0.35369693474186104,"upper_bound":0.3549286237596636},"point_estimate":0.35431830729857094,"standard_error":0.00032317637657477413}}