{"mean":{"confidence_interval":{"confidence_level":0.95,"lower_bound":7.69152869825561,"upper_bound":7.7188663140657106},"point_estimate":7.704476830765228,"standard_error":0.006982891423846938},"median":{"confidence_interval":{"confidence_level":0.95,"lower_bound":7.662797737016584,"upper_bound":7.678688203709223},"point_estimate":7.666585766921609,"standard_error":0.0043185970571024265},"median_abs_dev":{"confidence_interval":{"confidence_level":0.95,"lower_bound":0.0032969925354547685,"upper_bound":0.02623658612804486},"point_estimate":0.009848288956381008,"standard_error":0.006061726788320453},"slope":{"confidence_interval":{"confidence_level":0.95,"lower_bound":7.682974628289755,"upper_bound":7.705067090479388},"point_estimate":7.693362449858248,"standard_error":0.005655268892545558},"std_dev":{"confidence_interval":{"confidence_level":0.95,"lower_bound":0.0518617768247604,"upper_bound":0.08689831897867792},"point_estimate":0.07010724623878643,"standard_error":0.008995966964621677}}