{"mean":{"confidence_interval":{"confidence_level":0.95,"lower_bound":14.930947979223701,"upper_bound":14.936684101727012},"point_estimate":14.933614254540837,"standard_error":0.0014731458733674495},"median":{"confidence_interval":{"confidence_level":0.95,"lower_bound":14.928371199289064,"upper_bound":14.930485777124506},"point_estimate":14.929409217514905,"standard_error":0.0005449107590887208},"median_abs_dev":{"confidence_interval":{"confidence_level":0.95,"lower_bound":0.0033535610000935737,"upper_bound":0.006181541360242544},"point_estimate":0.0045516444923272325,"standard_error":0.0007384199680661622},"slope":{"confidence_interval":{"confidence_level":0.95,"lower_bound":14.929827832952288,"upper_bound":14.937229378759493},"point_estimate":14.93302067290437,"standard_error":0.0019180173438326043},"std_dev":{"confidence_interval":{"confidence_level":0.95,"lower_bound":0.0095203970236713,"upper_bound":0.01919204964228432},"point_estimate":0.014776714800387551,"standard_error":0.002471789310990338}}