{"mean":{"confidence_interval":{"confidence_level":0.95,"lower_bound":-0.01620633002198899,"upper_bound":0.0009551743371087995},"point_estimate":-0.0055816881773890215,"standard_error":0.004644781084701924},"median":{"confidence_interval":{"confidence_level":0.95,"lower_bound":0.001097357124207521,"upper_bound":0.0014480591154786282},"point_estimate":0.0013117369236577137,"standard_error":0.0000904675727675486}}