{"mean":{"confidence_interval":{"confidence_level":0.95,"lower_bound":2.735709122970574,"upper_bound":2.7526884232846895},"point_estimate":2.7436664174009273,"standard_error":0.004346327846565638},"median":{"confidence_interval":{"confidence_level":0.95,"lower_bound":2.7221800409672374,"upper_bound":2.7344270846826237},"point_estimate":2.7245620904310925,"standard_error":0.003025224804395352},"median_abs_dev":{"confidence_interval":{"confidence_level":0.95,"lower_bound":0.006013959254915132,"upper_bound":0.02162529668923719},"point_estimate":0.010785654955201857,"standard_error":0.004012095266196066},"slope":{"confidence_interval":{"confidence_level":0.95,"lower_bound":2.731069444913732,"upper_bound":2.7417933688453577},"point_estimate":2.73607281067475,"standard_error":0.0027531998328385924},"std_dev":{"confidence_interval":{"confidence_level":0.95,"lower_bound":0.0296857519712558,"upper_bound":0.0549862587423019},"point_estimate":0.04361092398258536,"standard_error":0.006460911205690406}}