{"mean":{"confidence_interval":{"confidence_level":0.95,"lower_bound":8.390069682372472,"upper_bound":8.415456330775058},"point_estimate":8.400809925358168,"standard_error":0.006562078847577432},"median":{"confidence_interval":{"confidence_level":0.95,"lower_bound":8.387842712247327,"upper_bound":8.391447861199039},"point_estimate":8.389526583070179,"standard_error":0.000840737439394149},"median_abs_dev":{"confidence_interval":{"confidence_level":0.95,"lower_bound":0.007338199640758412,"upper_bound":0.013957431848476327},"point_estimate":0.009947202069439104,"standard_error":0.00175113476751392},"slope":{"confidence_interval":{"confidence_level":0.95,"lower_bound":8.39023128567613,"upper_bound":8.410342669626068},"point_estimate":8.398530047721144,"standard_error":0.005246981210776768},"std_dev":{"confidence_interval":{"confidence_level":0.95,"lower_bound":0.025285090469397215,"upper_bound":0.10256975994614415},"point_estimate":0.06598672449127704,"standard_error":0.022087957796020023}}