{"mean":{"confidence_interval":{"confidence_level":0.95,"lower_bound":-0.0016512848000575673,"upper_bound":-0.0007569386895100068},"point_estimate":-0.0011741350855138943,"standard_error":0.000228230049270358},"median":{"confidence_interval":{"confidence_level":0.95,"lower_bound":-0.0009025761786923825,"upper_bound":-0.0005181767308377605},"point_estimate":-0.0007061259135223708,"standard_error":0.00009847173399418489}}