{"mean":{"confidence_interval":{"confidence_level":0.95,"lower_bound":6.707930240692261,"upper_bound":6.764306937598592},"point_estimate":6.73066599040925,"standard_error":0.014744589812120557},"median":{"confidence_interval":{"confidence_level":0.95,"lower_bound":6.694797971227634,"upper_bound":6.698726540915998},"point_estimate":6.696867954716249,"standard_error":0.0011108047272702611},"median_abs_dev":{"confidence_interval":{"confidence_level":0.95,"lower_bound":0.005041915056674242,"upper_bound":0.012251000632765784},"point_estimate":0.007429749715034145,"standard_error":0.001832017170875374},"slope":{"confidence_interval":{"confidence_level":0.95,"lower_bound":6.711988975886222,"upper_bound":6.766900437703747},"point_estimate":6.737702258424592,"standard_error":0.014073970480535965},"std_dev":{"confidence_interval":{"confidence_level":0.95,"lower_bound":0.04410311999492133,"upper_bound":0.23911769880269912},"point_estimate":0.14795120905285902,"standard_error":0.0592991421148723}}