{"mean":{"confidence_interval":{"confidence_level":0.95,"lower_bound":1.2774632845964116,"upper_bound":1.2777353618083667},"point_estimate":1.2775875074696665,"standard_error":0.00006967314099587513},"median":{"confidence_interval":{"confidence_level":0.95,"lower_bound":1.2773060228445343,"upper_bound":1.2773692799914658},"point_estimate":1.277321888254375,"standard_error":0.00001764069493495843},"median_abs_dev":{"confidence_interval":{"confidence_level":0.95,"lower_bound":0.00007400071906056537,"upper_bound":0.00020878997444428153},"point_estimate":0.00011383820704118227,"standard_error":0.00003340366585637442},"slope":{"confidence_interval":{"confidence_level":0.95,"lower_bound":1.277371882254144,"upper_bound":1.2775909940446422},"point_estimate":1.2774720661191437,"standard_error":0.00005610160281386979},"std_dev":{"confidence_interval":{"confidence_level":0.95,"lower_bound":0.0003854462381169553,"upper_bound":0.0009596892206936526},"point_estimate":0.0007012459405876261,"standard_error":0.0001466350646097967}}