{"mean":{"confidence_interval":{"confidence_level":0.95,"lower_bound":6.487044711417984,"upper_bound":6.493760890562213},"point_estimate":6.490266592454581,"standard_error":0.001716634171691396},"median":{"confidence_interval":{"confidence_level":0.95,"lower_bound":6.486623968184236,"upper_bound":6.489566129740631},"point_estimate":6.488476583660596,"standard_error":0.0007139136151705225},"median_abs_dev":{"confidence_interval":{"confidence_level":0.95,"lower_bound":0.005225497327121628,"upper_bound":0.008491311919457803},"point_estimate":0.006423176336734763,"standard_error":0.0007866391945597413},"slope":{"confidence_interval":{"confidence_level":0.95,"lower_bound":6.487281388418441,"upper_bound":6.496712763439023},"point_estimate":6.490949097151923,"standard_error":0.0025181134527929904},"std_dev":{"confidence_interval":{"confidence_level":0.95,"lower_bound":0.012022149332998004,"upper_bound":0.02204554012120799},"point_estimate":0.01728215839686225,"standard_error":0.002570333160054849}}