{"mean":{"confidence_interval":{"confidence_level":0.95,"lower_bound":-0.0014281251086131455,"upper_bound":0.0005580149991945226},"point_estimate":-0.00040444660161531587,"standard_error":0.0005032385865043961},"median":{"confidence_interval":{"confidence_level":0.95,"lower_bound":-0.0005145095019148949,"upper_bound":0.00005040850106114277},"point_estimate":-0.00022789181937876712,"standard_error":0.00014541507365713565}}