{"mean":{"confidence_interval":{"confidence_level":0.95,"lower_bound":0.012256908917350413,"upper_bound":0.06295672933436099},"point_estimate":0.04196579852902782,"standard_error":0.013277888124501664},"median":{"confidence_interval":{"confidence_level":0.95,"lower_bound":0.053086839028837485,"upper_bound":0.05397767178476953},"point_estimate":0.05354804051480433,"standard_error":0.00024239392892621276}}