{"mean":{"confidence_interval":{"confidence_level":0.95,"lower_bound":-0.022716678674965254,"upper_bound":-0.012867371833592812},"point_estimate":-0.017949186991528587,"standard_error":0.002475725858419588},"median":{"confidence_interval":{"confidence_level":0.95,"lower_bound":-0.019084389254757195,"upper_bound":-0.018142257094490133},"point_estimate":-0.01858742095260102,"standard_error":0.00023515752998294327}}