{"mean":{"confidence_interval":{"confidence_level":0.95,"lower_bound":-0.005937782684938164,"upper_bound":0.00848675874848866},"point_estimate":0.0003655029509117558,"standard_error":0.0036788751490907366},"median":{"confidence_interval":{"confidence_level":0.95,"lower_bound":-0.0004911622978550634,"upper_bound":0.00037829955013535255},"point_estimate":-0.000041776567206608384,"standard_error":0.00021494462779269032}}