{"mean":{"confidence_interval":{"confidence_level":0.95,"lower_bound":-0.002720379830429309,"upper_bound":0.0006582201054234849},"point_estimate":-0.0008489080538099936,"standard_error":0.0008639571716923945},"median":{"confidence_interval":{"confidence_level":0.95,"lower_bound":-0.0002353464344920786,"upper_bound":0.000326206769112769},"point_estimate":0.000026796468033385423,"standard_error":0.0001382568052733369}}