{"mean":{"confidence_interval":{"confidence_level":0.95,"lower_bound":29.966734964465495,"upper_bound":31.37846449729492},"point_estimate":30.488175678336706,"standard_error":0.3930161492085044},"median":{"confidence_interval":{"confidence_level":0.95,"lower_bound":29.956589437313276,"upper_bound":29.960015239195968},"point_estimate":29.95813446795095,"standard_error":0.0008936165017978536},"median_abs_dev":{"confidence_interval":{"confidence_level":0.95,"lower_bound":0.004784776068474111,"upper_bound":0.00998780798369072},"point_estimate":0.006563502803117016,"standard_error":0.0012725163823675714},"slope":{"confidence_interval":{"confidence_level":0.95,"lower_bound":29.960763992745093,"upper_bound":30.035435755241057},"point_estimate":29.986947937504723,"standard_error":0.020265633648454823},"std_dev":{"confidence_interval":{"confidence_level":0.95,"lower_bound":0.030855192819254564,"upper_bound":6.6107838105277095},"point_estimate":3.9606759460663565,"standard_error":1.967114475838435}}