{"mean":{"confidence_interval":{"confidence_level":0.95,"lower_bound":-0.010499668626697519,"upper_bound":-0.0014056509859520859},"point_estimate":-0.006453155546766176,"standard_error":0.002373858029861527},"median":{"confidence_interval":{"confidence_level":0.95,"lower_bound":-0.009336325718069083,"upper_bound":-0.00834001303008769},"point_estimate":-0.008926645177374626,"standard_error":0.0002646996654068223}}