{"mean":{"confidence_interval":{"confidence_level":0.95,"lower_bound":4.853746977223164,"upper_bound":4.8558249780129685},"point_estimate":4.854744437849663,"standard_error":0.0005310031642007343},"median":{"confidence_interval":{"confidence_level":0.95,"lower_bound":4.851453468629597,"upper_bound":4.853300104391808},"point_estimate":4.85238719105774,"standard_error":0.0004903557961174211},"median_abs_dev":{"confidence_interval":{"confidence_level":0.95,"lower_bound":0.001056382686675754,"upper_bound":0.0035585871136142658},"point_estimate":0.0022922081035807408,"standard_error":0.000651483493824439},"slope":{"confidence_interval":{"confidence_level":0.95,"lower_bound":4.852926419474663,"upper_bound":4.854830602675922},"point_estimate":4.853813641084432,"standard_error":0.00048522888760712125},"std_dev":{"confidence_interval":{"confidence_level":0.95,"lower_bound":0.004178959159179128,"upper_bound":0.00640127925612287},"point_estimate":0.0053157000696321295,"standard_error":0.0005683119070907592}}