{"mean":{"confidence_interval":{"confidence_level":0.95,"lower_bound":11.144226731320817,"upper_bound":11.160873050011867},"point_estimate":11.152156789931983,"standard_error":0.004249405267697311},"median":{"confidence_interval":{"confidence_level":0.95,"lower_bound":11.126124659828232,"upper_bound":11.146412613838324},"point_estimate":11.132359164123203,"standard_error":0.005860400988871911},"median_abs_dev":{"confidence_interval":{"confidence_level":0.95,"lower_bound":0.009300472185546057,"upper_bound":0.03571615608786936},"point_estimate":0.01843876749589903,"standard_error":0.007358601488108764},"slope":{"confidence_interval":{"confidence_level":0.95,"lower_bound":11.147975379643624,"upper_bound":11.168909240935482},"point_estimate":11.158097109194355,"standard_error":0.005370808644664679},"std_dev":{"confidence_interval":{"confidence_level":0.95,"lower_bound":0.0325406394845041,"upper_bound":0.0520310277781636},"point_estimate":0.0427713638885969,"standard_error":0.004984313709190826}}