{"mean":{"confidence_interval":{"confidence_level":0.95,"lower_bound":-0.028743625034054286,"upper_bound":-0.006498114605404967},"point_estimate":-0.017605540413188625,"standard_error":0.005667417266091371},"median":{"confidence_interval":{"confidence_level":0.95,"lower_bound":-0.024431157610174337,"upper_bound":-0.008338925119351637},"point_estimate":-0.02075873584961574,"standard_error":0.005269849170251001}}