{"mean":{"confidence_interval":{"confidence_level":0.95,"lower_bound":0.12122359171390033,"upper_bound":0.14084984536214248},"point_estimate":0.13120611955613937,"standard_error":0.004982759331889956},"median":{"confidence_interval":{"confidence_level":0.95,"lower_bound":0.13028789363409457,"upper_bound":0.13470938217657946},"point_estimate":0.13366845558295282,"standard_error":0.001164596418043906}}