{"mean":{"confidence_interval":{"confidence_level":0.95,"lower_bound":0.07158160977714528,"upper_bound":0.08439466687174584},"point_estimate":0.07767001988638356,"standard_error":0.0032683549203747463},"median":{"confidence_interval":{"confidence_level":0.95,"lower_bound":0.07771785588737257,"upper_bound":0.08506709728043593},"point_estimate":0.08208150186797125,"standard_error":0.0019608085673160584}}