{"mean":{"confidence_interval":{"confidence_level":0.95,"lower_bound":-0.02111543575902453,"upper_bound":-0.004039784752334297},"point_estimate":-0.011250440103748316,"standard_error":0.004397342378922167},"median":{"confidence_interval":{"confidence_level":0.95,"lower_bound":-0.011121606509704951,"upper_bound":-0.00989598389734303},"point_estimate":-0.01040118974033355,"standard_error":0.00028157909590089704}}