{"mean":{"confidence_interval":{"confidence_level":0.95,"lower_bound":-0.00022348043931204857,"upper_bound":0.002002772237944676},"point_estimate":0.0008113830017495438,"standard_error":0.0005741655367449478},"median":{"confidence_interval":{"confidence_level":0.95,"lower_bound":-0.0000224572659912603,"upper_bound":0.0007813356636794389},"point_estimate":0.0005004319203152363,"standard_error":0.00021011230708835963}}