{"mean":{"confidence_interval":{"confidence_level":0.95,"lower_bound":-0.0005851552293294427,"upper_bound":0.001053130477548219},"point_estimate":0.00016875058450982472,"standard_error":0.00041289141586901823},"median":{"confidence_interval":{"confidence_level":0.95,"lower_bound":-0.00024735052854574224,"upper_bound":0.0004675540437730774},"point_estimate":0.00011893129587559059,"standard_error":0.0001825853638656206}}