{"mean":{"confidence_interval":{"confidence_level":0.95,"lower_bound":6.4858606244701535,"upper_bound":6.491268864106817},"point_estimate":6.488525973670964,"standard_error":0.0013804019381578826},"median":{"confidence_interval":{"confidence_level":0.95,"lower_bound":6.48690458616278,"upper_bound":6.489503243660193},"point_estimate":6.488300536684062,"standard_error":0.0007197588108395997},"median_abs_dev":{"confidence_interval":{"confidence_level":0.95,"lower_bound":0.004333569538607187,"upper_bound":0.008069182724371352},"point_estimate":0.006098918414614696,"standard_error":0.0010032306154465543},"slope":{"confidence_interval":{"confidence_level":0.95,"lower_bound":6.488700188424056,"upper_bound":6.492451559938724},"point_estimate":6.490474628856185,"standard_error":0.0009604029624808699},"std_dev":{"confidence_interval":{"confidence_level":0.95,"lower_bound":0.010435196597587317,"upper_bound":0.017244251054385876},"point_estimate":0.013911716755972978,"standard_error":0.0017471417389607717}}