{"mean":{"confidence_interval":{"confidence_level":0.95,"lower_bound":7.66203803976336,"upper_bound":7.664309995462539},"point_estimate":7.663020139588635,"standard_error":0.0005838033493319141},"median":{"confidence_interval":{"confidence_level":0.95,"lower_bound":7.661061565152786,"upper_bound":7.661576688378971},"point_estimate":7.661251940672494,"standard_error":0.00011849461502594454},"median_abs_dev":{"confidence_interval":{"confidence_level":0.95,"lower_bound":0.0006005893840356275,"upper_bound":0.0012511294049258614},"point_estimate":0.0008390284234006659,"standard_error":0.00015713310578281304},"slope":{"confidence_interval":{"confidence_level":0.95,"lower_bound":7.661783739429025,"upper_bound":7.663235397446128},"point_estimate":7.662455535629204,"standard_error":0.0003712998624823211},"std_dev":{"confidence_interval":{"confidence_level":0.95,"lower_bound":0.0025842096505949417,"upper_bound":0.00891937130623207},"point_estimate":0.0058673082362491425,"standard_error":0.0017463406821293156}}