{"mean":{"confidence_interval":{"confidence_level":0.95,"lower_bound":4.31652454069138,"upper_bound":4.322200273686572},"point_estimate":4.319388825764924,"standard_error":0.0014524711693028457},"median":{"confidence_interval":{"confidence_level":0.95,"lower_bound":4.31408113232458,"upper_bound":4.329269192751956},"point_estimate":4.325564761587959,"standard_error":0.0039805926886736205},"median_abs_dev":{"confidence_interval":{"confidence_level":0.95,"lower_bound":0.008623108247053488,"upper_bound":0.021867275837890526},"point_estimate":0.014461543351369606,"standard_error":0.0035875501247188673},"slope":{"confidence_interval":{"confidence_level":0.95,"lower_bound":4.326351289175742,"upper_bound":4.329995542255943},"point_estimate":4.328317689664227,"standard_error":0.0009285511439846048},"std_dev":{"confidence_interval":{"confidence_level":0.95,"lower_bound":0.013298150319576707,"upper_bound":0.01570658930662461},"point_estimate":0.014610733062003915,"standard_error":0.0006147145008518278}}