{"mean":{"confidence_interval":{"confidence_level":0.95,"lower_bound":83.06906420963844,"upper_bound":83.25235750014099},"point_estimate":83.15409553712348,"standard_error":0.04674488615743816},"median":{"confidence_interval":{"confidence_level":0.95,"lower_bound":83.0149109009736,"upper_bound":83.07555993201936},"point_estimate":83.03862622139845,"standard_error":0.017755945205147925},"median_abs_dev":{"confidence_interval":{"confidence_level":0.95,"lower_bound":0.12368856730137073,"upper_bound":0.2257832188376856},"point_estimate":0.16331083511663547,"standard_error":0.026203309907032638},"slope":{"confidence_interval":{"confidence_level":0.95,"lower_bound":83.05739949872228,"upper_bound":83.258082805604},"point_estimate":83.14295186963527,"standard_error":0.05187001760184036},"std_dev":{"confidence_interval":{"confidence_level":0.95,"lower_bound":0.29412473383801846,"upper_bound":0.6448079104235327},"point_estimate":0.47108633865978883,"standard_error":0.0922244508879447}}