{"mean":{"confidence_interval":{"confidence_level":0.95,"lower_bound":-0.02470187621055924,"upper_bound":-0.007519952708582462},"point_estimate":-0.014863132319791084,"standard_error":0.00445542413350904},"median":{"confidence_interval":{"confidence_level":0.95,"lower_bound":-0.005632345270526806,"upper_bound":-0.0010336506087800235},"point_estimate":-0.003137319945126893,"standard_error":0.0013652618702467351}}