{"mean":{"confidence_interval":{"confidence_level":0.95,"lower_bound":8.942599128473821,"upper_bound":8.944027587683442},"point_estimate":8.943263814872866,"standard_error":0.00036426237592255634},"median":{"confidence_interval":{"confidence_level":0.95,"lower_bound":8.941401021672013,"upper_bound":8.94306145837007},"point_estimate":8.942559597333048,"standard_error":0.00041539905956984255},"median_abs_dev":{"confidence_interval":{"confidence_level":0.95,"lower_bound":0.001265205784535146,"upper_bound":0.002462763613426461},"point_estimate":0.0020053783313530027,"standard_error":0.00029329734379893705},"slope":{"confidence_interval":{"confidence_level":0.95,"lower_bound":8.942104836495128,"upper_bound":8.943861717150813},"point_estimate":8.942912808303562,"standard_error":0.00045079485750206476},"std_dev":{"confidence_interval":{"confidence_level":0.95,"lower_bound":0.0023693582691699166,"upper_bound":0.004889411076508695},"point_estimate":0.00366877710957794,"standard_error":0.0006515897965862692}}