{"mean":{"confidence_interval":{"confidence_level":0.95,"lower_bound":6.287864348876976,"upper_bound":6.30544553418859},"point_estimate":6.2956853535023845,"standard_error":0.004502878634652952},"median":{"confidence_interval":{"confidence_level":0.95,"lower_bound":6.282599013896817,"upper_bound":6.285237789529887},"point_estimate":6.28416364893317,"standard_error":0.0006307369559084704},"median_abs_dev":{"confidence_interval":{"confidence_level":0.95,"lower_bound":0.004560611958008386,"upper_bound":0.010213197558453282},"point_estimate":0.007638766652375618,"standard_error":0.0015142006259723337},"slope":{"confidence_interval":{"confidence_level":0.95,"lower_bound":6.286785558455302,"upper_bound":6.307096877893668},"point_estimate":6.2954227280436275,"standard_error":0.005247910781090269},"std_dev":{"confidence_interval":{"confidence_level":0.95,"lower_bound":0.020941054214508578,"upper_bound":0.0635955704838953},"point_estimate":0.0451216480743215,"standard_error":0.010750004559612713}}