{"mean":{"confidence_interval":{"confidence_level":0.95,"lower_bound":-0.0013617064461709178,"upper_bound":0.008649065300278086},"point_estimate":0.003357184330354812,"standard_error":0.002525615147940549},"median":{"confidence_interval":{"confidence_level":0.95,"lower_bound":-0.00027128163076939327,"upper_bound":0.0005497187382590418},"point_estimate":0.00023415280947158834,"standard_error":0.00021196471701469456}}