{"mean":{"confidence_interval":{"confidence_level":0.95,"lower_bound":-0.03565179649587592,"upper_bound":0.0003981991949671875},"point_estimate":-0.013279750857177364,"standard_error":0.009730098046548522},"median":{"confidence_interval":{"confidence_level":0.95,"lower_bound":-0.001999083139981206,"upper_bound":-0.00053917921817637},"point_estimate":-0.0009908826557184502,"standard_error":0.00033513794402179075}}