{"mean":{"confidence_interval":{"confidence_level":0.95,"lower_bound":-0.028040507080224465,"upper_bound":-0.0008134674271929822},"point_estimate":-0.010340988912267202,"standard_error":0.008624127997359019},"median":{"confidence_interval":{"confidence_level":0.95,"lower_bound":-0.001230651161112195,"upper_bound":-0.0006494727858622484},"point_estimate":-0.0009549889205359152,"standard_error":0.0001540621016197871}}