{"mean":{"confidence_interval":{"confidence_level":0.95,"lower_bound":-0.02261599289546873,"upper_bound":-0.01890691101320813},"point_estimate":-0.020733251812523723,"standard_error":0.000946636825237736},"median":{"confidence_interval":{"confidence_level":0.95,"lower_bound":-0.02358799487226315,"upper_bound":-0.01846846858938753},"point_estimate":-0.021634438287344904,"standard_error":0.0013316145607663958}}