{"mean":{"confidence_interval":{"confidence_level":0.95,"lower_bound":29.16174408740913,"upper_bound":29.17266635655369},"point_estimate":29.16681385796609,"standard_error":0.002794119001405243},"median":{"confidence_interval":{"confidence_level":0.95,"lower_bound":29.155376217404964,"upper_bound":29.158874448137308},"point_estimate":29.156471213427718,"standard_error":0.0008571387884606641},"median_abs_dev":{"confidence_interval":{"confidence_level":0.95,"lower_bound":0.003770585839661867,"upper_bound":0.007780220809675084},"point_estimate":0.005116843463012187,"standard_error":0.0009693206968545455},"slope":{"confidence_interval":{"confidence_level":0.95,"lower_bound":29.159519652145867,"upper_bound":29.16526036867234},"point_estimate":29.162192311554648,"standard_error":0.0014662516824285232},"std_dev":{"confidence_interval":{"confidence_level":0.95,"lower_bound":0.01837010075999545,"upper_bound":0.036159886873013795},"point_estimate":0.028121177970506377,"standard_error":0.004528384656516502}}