{"mean":{"confidence_interval":{"confidence_level":0.95,"lower_bound":10.629751496058082,"upper_bound":10.70348901475614},"point_estimate":10.665855588716733,"standard_error":0.01885315985866335},"median":{"confidence_interval":{"confidence_level":0.95,"lower_bound":10.60102206880629,"upper_bound":10.713002191037857},"point_estimate":10.644718147510883,"standard_error":0.024736216291627484},"median_abs_dev":{"confidence_interval":{"confidence_level":0.95,"lower_bound":0.13588290963178074,"upper_bound":0.2215848287437156},"point_estimate":0.17633717732498969,"standard_error":0.022289142085868744},"slope":{"confidence_interval":{"confidence_level":0.95,"lower_bound":10.670419280408963,"upper_bound":10.7516472682712},"point_estimate":10.709697664586306,"standard_error":0.020687293018025018},"std_dev":{"confidence_interval":{"confidence_level":0.95,"lower_bound":0.1572597337518707,"upper_bound":0.22031501330179204},"point_estimate":0.18963634760793627,"standard_error":0.016144052144079272}}