{"mean":{"confidence_interval":{"confidence_level":0.95,"lower_bound":8.77035745666752,"upper_bound":8.77377676262954},"point_estimate":8.771885215713535,"standard_error":0.0008817356635522858},"median":{"confidence_interval":{"confidence_level":0.95,"lower_bound":8.768894428616651,"upper_bound":8.770117324804826},"point_estimate":8.76946879179022,"standard_error":0.00029520726848338995},"median_abs_dev":{"confidence_interval":{"confidence_level":0.95,"lower_bound":0.0017966375511979525,"upper_bound":0.0033477006617862147},"point_estimate":0.002550463894856628,"standard_error":0.00037278032059578014},"slope":{"confidence_interval":{"confidence_level":0.95,"lower_bound":8.76938062429732,"upper_bound":8.770772862823554},"point_estimate":8.770022417951708,"standard_error":0.000355861272953639},"std_dev":{"confidence_interval":{"confidence_level":0.95,"lower_bound":0.003907207871580591,"upper_bound":0.012488847535530588},"point_estimate":0.008839996928857128,"standard_error":0.0021248257442029557}}