{"mean":{"confidence_interval":{"confidence_level":0.95,"lower_bound":4.134823332861403,"upper_bound":4.15966061157764},"point_estimate":4.1473818056013,"standard_error":0.006347006301308801},"median":{"confidence_interval":{"confidence_level":0.95,"lower_bound":4.148130510409426,"upper_bound":4.179128556949467},"point_estimate":4.167297638524838,"standard_error":0.008189235138872191},"median_abs_dev":{"confidence_interval":{"confidence_level":0.95,"lower_bound":0.017804730230573943,"upper_bound":0.05573160236872246},"point_estimate":0.03236549029607976,"standard_error":0.010530751909768812},"slope":{"confidence_interval":{"confidence_level":0.95,"lower_bound":4.143109232385988,"upper_bound":4.165650260395611},"point_estimate":4.154434985423966,"standard_error":0.005745665016923894},"std_dev":{"confidence_interval":{"confidence_level":0.95,"lower_bound":0.050687632142810385,"upper_bound":0.07593281083308234},"point_estimate":0.06390728041825718,"standard_error":0.006445084415501718}}