{"mean":{"confidence_interval":{"confidence_level":0.95,"lower_bound":-0.001897210606150278,"upper_bound":0.007352081787791714},"point_estimate":0.0021133877575896243,"standard_error":0.0023715989686628166},"median":{"confidence_interval":{"confidence_level":0.95,"lower_bound":-0.0011326699032381117,"upper_bound":0.00011573072629711412},"point_estimate":-0.00041786187279591047,"standard_error":0.000309194717573829}}