{"mean":{"confidence_interval":{"confidence_level":0.95,"lower_bound":2.2465119408223013,"upper_bound":2.247174165141052},"point_estimate":2.2468338421070677,"standard_error":0.0001690549059601181},"median":{"confidence_interval":{"confidence_level":0.95,"lower_bound":2.2463384260711674,"upper_bound":2.246926074072946},"point_estimate":2.246724164054344,"standard_error":0.0001651399169926596},"median_abs_dev":{"confidence_interval":{"confidence_level":0.95,"lower_bound":0.0009764864637331889,"upper_bound":0.0015289603383800605},"point_estimate":0.0012006939647105513,"standard_error":0.00014319804267767057},"slope":{"confidence_interval":{"confidence_level":0.95,"lower_bound":2.2464513898172105,"upper_bound":2.2470018453002045},"point_estimate":2.2467205952588833,"standard_error":0.0001403704165372732},"std_dev":{"confidence_interval":{"confidence_level":0.95,"lower_bound":0.001350860339602219,"upper_bound":0.0020194640822184104},"point_estimate":0.001703974327904119,"standard_error":0.00017039497713992118}}