{"mean":{"confidence_interval":{"confidence_level":0.95,"lower_bound":-0.0010920236710378116,"upper_bound":0.00037573091412252394},"point_estimate":-0.00033291659896417247,"standard_error":0.0003728960393844101},"median":{"confidence_interval":{"confidence_level":0.95,"lower_bound":-0.00043674995886631697,"upper_bound":0.000015098788342937652},"point_estimate":-0.00020080118007781422,"standard_error":0.00011143198030079788}}