{"mean":{"confidence_interval":{"confidence_level":0.95,"lower_bound":-0.0014996689690512817,"upper_bound":0.0017131772585132876},"point_estimate":0.0002003934091834303,"standard_error":0.0008160469450493736},"median":{"confidence_interval":{"confidence_level":0.95,"lower_bound":0.000385308274082119,"upper_bound":0.0014023689430373576},"point_estimate":0.000920527000038307,"standard_error":0.00025386802368594836}}