{"mean":{"confidence_interval":{"confidence_level":0.95,"lower_bound":0.03794516921975147,"upper_bound":0.04441353745454665},"point_estimate":0.041049746651481644,"standard_error":0.0016653585740824214},"median":{"confidence_interval":{"confidence_level":0.95,"lower_bound":0.04296264283747808,"upper_bound":0.04376177707223183},"point_estimate":0.043329168592405765,"standard_error":0.00020522866747854708}}