{"mean":{"confidence_interval":{"confidence_level":0.95,"lower_bound":0.0008092469155810857,"upper_bound":0.0026632404501024443},"point_estimate":0.0017776457691303094,"standard_error":0.0004691059939574609},"median":{"confidence_interval":{"confidence_level":0.95,"lower_bound":0.00024796838674183153,"upper_bound":0.0005944280296865667},"point_estimate":0.0004034014743945491,"standard_error":0.00008395376400273557}}