{"mean":{"confidence_interval":{"confidence_level":0.95,"lower_bound":2.9907134285997774,"upper_bound":2.996447200439647},"point_estimate":2.9930133792396276,"standard_error":0.0015095453440136738},"median":{"confidence_interval":{"confidence_level":0.95,"lower_bound":2.989514380528207,"upper_bound":2.9902712943065475},"point_estimate":2.989850624740755,"standard_error":0.000206815732076036},"median_abs_dev":{"confidence_interval":{"confidence_level":0.95,"lower_bound":0.0006170209675596013,"upper_bound":0.0016066647250740365},"point_estimate":0.0011109860457174574,"standard_error":0.00027916013866519123},"slope":{"confidence_interval":{"confidence_level":0.95,"lower_bound":2.9905030314641685,"upper_bound":2.9962675028120875},"point_estimate":2.992814302732133,"standard_error":0.0015149637923511695},"std_dev":{"confidence_interval":{"confidence_level":0.95,"lower_bound":0.002233507684338801,"upper_bound":0.024459647961273454},"point_estimate":0.015182715185262935,"standard_error":0.00617705585112956}}