{"mean":{"confidence_interval":{"confidence_level":0.95,"lower_bound":-0.003425762247983593,"upper_bound":0.0004880682241684361},"point_estimate":-0.0012514737463379388,"standard_error":0.001009738133004895},"median":{"confidence_interval":{"confidence_level":0.95,"lower_bound":-0.00040070095699906716,"upper_bound":0.0002927824705418747},"point_estimate":-0.0000681419198563793,"standard_error":0.00017125377385340525}}