{"mean":{"confidence_interval":{"confidence_level":0.95,"lower_bound":-0.001291526874664344,"upper_bound":0.006652062238556129},"point_estimate":0.002080584025758503,"standard_error":0.0020250040749888666},"median":{"confidence_interval":{"confidence_level":0.95,"lower_bound":-0.0004946347198100387,"upper_bound":0.00021571939018927289},"point_estimate":-0.00007144609618492392,"standard_error":0.0001766221338465416}}