{"mean":{"confidence_interval":{"confidence_level":0.95,"lower_bound":-0.03035734223787194,"upper_bound":0.0031215726110572716},"point_estimate":-0.013235071652826336,"standard_error":0.008488458696264517},"median":{"confidence_interval":{"confidence_level":0.95,"lower_bound":-0.014060569114621724,"upper_bound":-0.0020239929532064327},"point_estimate":-0.009387660593950353,"standard_error":0.0033802757468600663}}