{"mean":{"confidence_interval":{"confidence_level":0.95,"lower_bound":3.414767117245562,"upper_bound":3.416184595935938},"point_estimate":3.415382230252115,"standard_error":0.00036601298007225114},"median":{"confidence_interval":{"confidence_level":0.95,"lower_bound":3.4143217949204314,"upper_bound":3.414504996474893},"point_estimate":3.4144153295654025,"standard_error":0.000049182498044344546},"median_abs_dev":{"confidence_interval":{"confidence_level":0.95,"lower_bound":0.00028963938365213427,"upper_bound":0.0005747001605962215},"point_estimate":0.00043244824887558495,"standard_error":0.00007492817583990286},"slope":{"confidence_interval":{"confidence_level":0.95,"lower_bound":3.4145299906569786,"upper_bound":3.4151292673602844},"point_estimate":3.414795449903024,"standard_error":0.00015380803165158954},"std_dev":{"confidence_interval":{"confidence_level":0.95,"lower_bound":0.0013275009082262333,"upper_bound":0.005511444861677792},"point_estimate":0.003678842468371736,"standard_error":0.0010923563932975474}}