{"mean":{"confidence_interval":{"confidence_level":0.95,"lower_bound":-0.0012841699929759362,"upper_bound":0.0004293936774535044},"point_estimate":-0.0003900414933034613,"standard_error":0.00043871951820039553},"median":{"confidence_interval":{"confidence_level":0.95,"lower_bound":-0.00003112358828771811,"upper_bound":0.0005438603625262153},"point_estimate":0.00025690463809269204,"standard_error":0.00014457412617899072}}