{"mean":{"confidence_interval":{"confidence_level":0.95,"lower_bound":0.19765693657147437,"upper_bound":0.20053827730958718},"point_estimate":0.19914734692622504,"standard_error":0.0007315011605407884},"median":{"confidence_interval":{"confidence_level":0.95,"lower_bound":0.19961899946367453,"upper_bound":0.20052729391255397},"point_estimate":0.20004516708558695,"standard_error":0.00022885940269520667}}