{"mean":{"confidence_interval":{"confidence_level":0.95,"lower_bound":-0.0007271111306812963,"upper_bound":0.015560730088729375},"point_estimate":0.006527830955818104,"standard_error":0.004329360280403157},"median":{"confidence_interval":{"confidence_level":0.95,"lower_bound":-0.0002698843288375663,"upper_bound":0.0007204272932694877},"point_estimate":0.0000667564460650194,"standard_error":0.00024579741200432857}}