{"mean":{"confidence_interval":{"confidence_level":0.95,"lower_bound":-0.002030378835614895,"upper_bound":0.0027081878595647257},"point_estimate":0.0002240078000894652,"standard_error":0.0011978675057318588},"median":{"confidence_interval":{"confidence_level":0.95,"lower_bound":-0.0006366334747164304,"upper_bound":0.0014596736377880948},"point_estimate":0.0003343519484131363,"standard_error":0.0005517894522883502}}