{"mean":{"confidence_interval":{"confidence_level":0.95,"lower_bound":5.178790015306057,"upper_bound":5.182518434707376},"point_estimate":5.180636866557517,"standard_error":0.0009555779169418333},"median":{"confidence_interval":{"confidence_level":0.95,"lower_bound":5.176699035432549,"upper_bound":5.184367363810939},"point_estimate":5.180712484324575,"standard_error":0.001655976651497945},"median_abs_dev":{"confidence_interval":{"confidence_level":0.95,"lower_bound":0.009409819619607133,"upper_bound":0.013959714178844021},"point_estimate":0.011773370733923268,"standard_error":0.001213549466080531},"slope":{"confidence_interval":{"confidence_level":0.95,"lower_bound":5.180462028131644,"upper_bound":5.184481518536389},"point_estimate":5.182492460955338,"standard_error":0.001024945807919036},"std_dev":{"confidence_interval":{"confidence_level":0.95,"lower_bound":0.008591519358065696,"upper_bound":0.01051338609793789},"point_estimate":0.009604366381479504,"standard_error":0.00048705944510063265}}