{"mean":{"confidence_interval":{"confidence_level":0.95,"lower_bound":-0.00037680779929794836,"upper_bound":0.0028860856908575843},"point_estimate":0.0009117640479414657,"standard_error":0.0008337636703778911},"median":{"confidence_interval":{"confidence_level":0.95,"lower_bound":-0.00029560906976144885,"upper_bound":0.00030678879611700793},"point_estimate":-0.00003243333634384005,"standard_error":0.00015369027894992964}}