{"mean":{"confidence_interval":{"confidence_level":0.95,"lower_bound":-0.011837084570166079,"upper_bound":0.004508816253326096},"point_estimate":-0.003052158967036256,"standard_error":0.00415707048156457},"median":{"confidence_interval":{"confidence_level":0.95,"lower_bound":-0.0009104769220437126,"upper_bound":0.00037578550962780177},"point_estimate":-0.0001614941736840514,"standard_error":0.0003125665473780681}}