{"mean":{"confidence_interval":{"confidence_level":0.95,"lower_bound":4.852911219814431,"upper_bound":4.864981550660471},"point_estimate":4.858635602742618,"standard_error":0.003097719508713691},"median":{"confidence_interval":{"confidence_level":0.95,"lower_bound":4.840611458258517,"upper_bound":4.849562202503379},"point_estimate":4.844234952058714,"standard_error":0.002805029908756623},"median_abs_dev":{"confidence_interval":{"confidence_level":0.95,"lower_bound":0.0038413840677191573,"upper_bound":0.01681384516975205},"point_estimate":0.008945943861099908,"standard_error":0.003985787947788703},"slope":{"confidence_interval":{"confidence_level":0.95,"lower_bound":4.847508754337066,"upper_bound":4.85779273368185},"point_estimate":4.852162432617757,"standard_error":0.0026430464212433852},"std_dev":{"confidence_interval":{"confidence_level":0.95,"lower_bound":0.022282151699679932,"upper_bound":0.03932109273427621},"point_estimate":0.03115533556982986,"standard_error":0.004387260522096375}}