{"mean":{"confidence_interval":{"confidence_level":0.95,"lower_bound":-0.005790429771079926,"upper_bound":-0.00243195158172031},"point_estimate":-0.004449395784608456,"standard_error":0.0008847927084265745},"median":{"confidence_interval":{"confidence_level":0.95,"lower_bound":-0.005114274787063278,"upper_bound":-0.004314695169941762},"point_estimate":-0.004668266140266941,"standard_error":0.00020844814820796898}}