{"mean":{"confidence_interval":{"confidence_level":0.95,"lower_bound":-0.0005508244503735326,"upper_bound":0.00416009995179028},"point_estimate":0.0015597573706735979,"standard_error":0.0011919699472814516},"median":{"confidence_interval":{"confidence_level":0.95,"lower_bound":-0.00043492886450569035,"upper_bound":0.0001264370211249144},"point_estimate":-0.00006824069248456688,"standard_error":0.00014337664679714703}}