{"mean":{"confidence_interval":{"confidence_level":0.95,"lower_bound":-0.019799918708207104,"upper_bound":-0.013323530957241248},"point_estimate":-0.016495886862918807,"standard_error":0.0016548305651085113},"median":{"confidence_interval":{"confidence_level":0.95,"lower_bound":-0.017021879641722255,"upper_bound":-0.011655753817771517},"point_estimate":-0.013876083951590457,"standard_error":0.001464385857835733}}