{"mean":{"confidence_interval":{"confidence_level":0.95,"lower_bound":-0.00109620874052804,"upper_bound":0.0006299109419769073},"point_estimate":-0.0002080866334894793,"standard_error":0.00043924939096824536},"median":{"confidence_interval":{"confidence_level":0.95,"lower_bound":-0.00023146561698239587,"upper_bound":0.0003131084559164707},"point_estimate":4.419774860320302e-6,"standard_error":0.00013479792328377843}}