{"mean":{"confidence_interval":{"confidence_level":0.95,"lower_bound":-0.00009495058660127509,"upper_bound":0.0029146192587086337},"point_estimate":0.001203494749244749,"standard_error":0.0007854933380596747},"median":{"confidence_interval":{"confidence_level":0.95,"lower_bound":-0.0002818255716658946,"upper_bound":0.000538679962939086},"point_estimate":0.00007854673496066056,"standard_error":0.00021763733140945773}}