{"mean":{"confidence_interval":{"confidence_level":0.95,"lower_bound":3.6186557139511155,"upper_bound":3.620054248174606},"point_estimate":3.6193019723475803,"standard_error":0.0003591547052857116},"median":{"confidence_interval":{"confidence_level":0.95,"lower_bound":3.6178503349590403,"upper_bound":3.618264993883781},"point_estimate":3.617979904410756,"standard_error":0.00011176996033694806},"median_abs_dev":{"confidence_interval":{"confidence_level":0.95,"lower_bound":0.00048713925620458564,"upper_bound":0.0010015341612282906},"point_estimate":0.0006708748585610337,"standard_error":0.00012980632994576333},"slope":{"confidence_interval":{"confidence_level":0.95,"lower_bound":3.6182665051988923,"upper_bound":3.6190207792429354},"point_estimate":3.6186065050984135,"standard_error":0.0001932014991606303},"std_dev":{"confidence_interval":{"confidence_level":0.95,"lower_bound":0.002222668553670185,"upper_bound":0.004762149574967078},"point_estimate":0.003612454618424288,"standard_error":0.0006483129376553385}}