{"mean":{"confidence_interval":{"confidence_level":0.95,"lower_bound":-0.005165716374417728,"upper_bound":-0.0008691052356692136},"point_estimate":-0.0028965567097886114,"standard_error":0.0010957306587210268},"median":{"confidence_interval":{"confidence_level":0.95,"lower_bound":-0.003797205177757723,"upper_bound":-0.000949602604255576},"point_estimate":-0.0022445123872618655,"standard_error":0.0007185139754547082}}