{"mean":{"confidence_interval":{"confidence_level":0.95,"lower_bound":-0.01634608538099879,"upper_bound":-0.005288035831690824},"point_estimate":-0.010354906688057386,"standard_error":0.0028383080430698466},"median":{"confidence_interval":{"confidence_level":0.95,"lower_bound":-0.008366110811401262,"upper_bound":-0.00756165335537784},"point_estimate":-0.007882998423722754,"standard_error":0.00022507346273223638}}