{"mean":{"confidence_interval":{"confidence_level":0.95,"lower_bound":0.0007539743940452537,"upper_bound":0.002331665332914856},"point_estimate":0.0015537371240048614,"standard_error":0.00040070425856255905},"median":{"confidence_interval":{"confidence_level":0.95,"lower_bound":0.0005180146816279319,"upper_bound":0.0024023011082018367},"point_estimate":0.0016288990334820674,"standard_error":0.00048234120038628223}}