{"mean":{"confidence_interval":{"confidence_level":0.95,"lower_bound":-0.0009193783766242661,"upper_bound":0.0008478640420858491},"point_estimate":-0.000017362606006376957,"standard_error":0.0004486897369804168},"median":{"confidence_interval":{"confidence_level":0.95,"lower_bound":-0.0005453748268815506,"upper_bound":0.0002038720696693197},"point_estimate":-0.00023491671359054944,"standard_error":0.00018788824791096475}}