{"mean":{"confidence_interval":{"confidence_level":0.95,"lower_bound":-0.06868131852701366,"upper_bound":-0.011606411755020219},"point_estimate":-0.03359842744601149,"standard_error":0.01569170259160117},"median":{"confidence_interval":{"confidence_level":0.95,"lower_bound":-0.017464695672739894,"upper_bound":-0.013695210702244554},"point_estimate":-0.016101503213462376,"standard_error":0.0009625090066429429}}