{"mean":{"confidence_interval":{"confidence_level":0.95,"lower_bound":-0.004474936624496958,"upper_bound":0.001013728726625178},"point_estimate":-0.0014910234229481567,"standard_error":0.0014014634659844836},"median":{"confidence_interval":{"confidence_level":0.95,"lower_bound":-0.0004172342327309897,"upper_bound":0.00028247311898166316},"point_estimate":-0.00006320188960240447,"standard_error":0.0001882720138791584}}