{"mean":{"confidence_interval":{"confidence_level":0.95,"lower_bound":0.0002737149645727584,"upper_bound":0.004483534085874197},"point_estimate":0.0023175992531991874,"standard_error":0.0011004793850683187},"median":{"confidence_interval":{"confidence_level":0.95,"lower_bound":-0.0001455234771168765,"upper_bound":0.0005882549058252792},"point_estimate":0.0002693377503959482,"standard_error":0.00018777208063858316}}