{"mean":{"confidence_interval":{"confidence_level":0.95,"lower_bound":4.044036369583933,"upper_bound":4.04621122393111},"point_estimate":4.04500442219866,"standard_error":0.0005610699805190238},"median":{"confidence_interval":{"confidence_level":0.95,"lower_bound":4.043268709819672,"upper_bound":4.043498950257738},"point_estimate":4.043335566248132,"standard_error":0.000056729938672899444},"median_abs_dev":{"confidence_interval":{"confidence_level":0.95,"lower_bound":0.00028955732232146647,"upper_bound":0.0005788450998187032},"point_estimate":0.00038569858233220505,"standard_error":0.00007267317036700456},"slope":{"confidence_interval":{"confidence_level":0.95,"lower_bound":4.043619300400682,"upper_bound":4.0450676430999275},"point_estimate":4.044183760016478,"standard_error":0.00038558797791422167},"std_dev":{"confidence_interval":{"confidence_level":0.95,"lower_bound":0.0025791451273359557,"upper_bound":0.008065897486610716},"point_estimate":0.0056442071153732076,"standard_error":0.0013998980067753122}}