{"mean":{"confidence_interval":{"confidence_level":0.95,"lower_bound":21.79761327382232,"upper_bound":21.89038936767424},"point_estimate":21.840357666092537,"standard_error":0.023732343086557833},"median":{"confidence_interval":{"confidence_level":0.95,"lower_bound":21.74199821783681,"upper_bound":21.78592075968363},"point_estimate":21.760026103118975,"standard_error":0.011684371336208492},"median_abs_dev":{"confidence_interval":{"confidence_level":0.95,"lower_bound":0.06159259191607522,"upper_bound":0.11870137879460581},"point_estimate":0.08681651486515418,"standard_error":0.014942995405627144},"slope":{"confidence_interval":{"confidence_level":0.95,"lower_bound":21.75414528673878,"upper_bound":21.814871583219748},"point_estimate":21.781499125638383,"standard_error":0.015539352803657938},"std_dev":{"confidence_interval":{"confidence_level":0.95,"lower_bound":0.147446943144081,"upper_bound":0.31789329540070416},"point_estimate":0.23985485018840533,"standard_error":0.04345008580191935}}