{"mean":{"confidence_interval":{"confidence_level":0.95,"lower_bound":-0.020925381679948035,"upper_bound":-0.007162568248006605},"point_estimate":-0.013373292835971662,"standard_error":0.003522419225302819},"median":{"confidence_interval":{"confidence_level":0.95,"lower_bound":-0.0022131966303671202,"upper_bound":-0.0003658822658955909},"point_estimate":-0.0007760138411122552,"standard_error":0.0004916525947416946}}