{"mean":{"confidence_interval":{"confidence_level":0.95,"lower_bound":2.58151853670542,"upper_bound":2.582567546207626},"point_estimate":2.58200675677735,"standard_error":0.0002686816557355203},"median":{"confidence_interval":{"confidence_level":0.95,"lower_bound":2.580850068802096,"upper_bound":2.581105976569669},"point_estimate":2.580961711779076,"standard_error":0.00005339173444080356},"median_abs_dev":{"confidence_interval":{"confidence_level":0.95,"lower_bound":0.0002757675918205921,"upper_bound":0.0005390816633558435},"point_estimate":0.0003770630580685046,"standard_error":0.00006891570261246944},"slope":{"confidence_interval":{"confidence_level":0.95,"lower_bound":2.581549872062231,"upper_bound":2.5830422515606286},"point_estimate":2.5822345389157033,"standard_error":0.00038160008655048667},"std_dev":{"confidence_interval":{"confidence_level":0.95,"lower_bound":0.0018079537004691338,"upper_bound":0.0034504405544501736},"point_estimate":0.0027066726518141754,"standard_error":0.0004200340088498496}}