{"mean":{"confidence_interval":{"confidence_level":0.95,"lower_bound":-0.01801156593446655,"upper_bound":0.004789933177652682},"point_estimate":-0.0070784572555525616,"standard_error":0.005712387149636707},"median":{"confidence_interval":{"confidence_level":0.95,"lower_bound":-0.0015901992974112211,"upper_bound":0.0003790566597965282},"point_estimate":-0.00047640512576785365,"standard_error":0.0004794066210014804}}