{"mean":{"confidence_interval":{"confidence_level":0.95,"lower_bound":0.07133683474457385,"upper_bound":0.09531055547383607},"point_estimate":0.08500400407025488,"standard_error":0.006205624770937217},"median":{"confidence_interval":{"confidence_level":0.95,"lower_bound":0.08637465201444905,"upper_bound":0.10358637250334235},"point_estimate":0.09255839358693474,"standard_error":0.0038762301777924384}}