{"mean":{"confidence_interval":{"confidence_level":0.95,"lower_bound":10.018200286462855,"upper_bound":10.042225443773763},"point_estimate":10.029916052363854,"standard_error":0.006143458903542855},"median":{"confidence_interval":{"confidence_level":0.95,"lower_bound":9.997916491429576,"upper_bound":10.028998400683006},"point_estimate":10.013663658873089,"standard_error":0.008941025987017159},"median_abs_dev":{"confidence_interval":{"confidence_level":0.95,"lower_bound":0.038894689772881984,"upper_bound":0.0696116401068595},"point_estimate":0.05455936597349249,"standard_error":0.008010565767879407},"slope":{"confidence_interval":{"confidence_level":0.95,"lower_bound":10.017477312488612,"upper_bound":10.041742565448617},"point_estimate":10.028937504385565,"standard_error":0.006192511042626268},"std_dev":{"confidence_interval":{"confidence_level":0.95,"lower_bound":0.05069736289172527,"upper_bound":0.07128528602431496},"point_estimate":0.06164224191930103,"standard_error":0.005273038612755623}}