{"mean":{"confidence_interval":{"confidence_level":0.95,"lower_bound":-0.009745488814550162,"upper_bound":0.0004960408514103063},"point_estimate":-0.003084791203034176,"standard_error":0.0032019790476156464},"median":{"confidence_interval":{"confidence_level":0.95,"lower_bound":-0.0004189435770260985,"upper_bound":-0.000047409801609776814},"point_estimate":-0.00020864159321243303,"standard_error":0.00009642547521114712}}