{"mean":{"confidence_interval":{"confidence_level":0.95,"lower_bound":7.1351374179627625,"upper_bound":7.159589659114599},"point_estimate":7.146074456778814,"standard_error":0.006286644517579205},"median":{"confidence_interval":{"confidence_level":0.95,"lower_bound":7.127368809137673,"upper_bound":7.131302007321593},"point_estimate":7.128894687418354,"standard_error":0.001251000583258018},"median_abs_dev":{"confidence_interval":{"confidence_level":0.95,"lower_bound":0.006461931812906595,"upper_bound":0.011331040738341023},"point_estimate":0.009518186788983876,"standard_error":0.0012661320941751986},"slope":{"confidence_interval":{"confidence_level":0.95,"lower_bound":7.130190490243188,"upper_bound":7.14825212102778},"point_estimate":7.137495394944073,"standard_error":0.004751955704544011},"std_dev":{"confidence_interval":{"confidence_level":0.95,"lower_bound":0.030283820410436365,"upper_bound":0.08806118023584404},"point_estimate":0.0631195904690409,"standard_error":0.014551856749724493}}