{"mean":{"confidence_interval":{"confidence_level":0.95,"lower_bound":-0.0029488442757472197,"upper_bound":0.004789731819565488},"point_estimate":0.0007481465150744881,"standard_error":0.001969103086426902},"median":{"confidence_interval":{"confidence_level":0.95,"lower_bound":-0.0008550701239752323,"upper_bound":0.00002551100852032917},"point_estimate":-0.00033800105573678074,"standard_error":0.00023799643986722747}}