{"mean":{"confidence_interval":{"confidence_level":0.95,"lower_bound":-0.02076712758748314,"upper_bound":-0.00023778348201215196},"point_estimate":-0.00892030148754741,"standard_error":0.00531877421965088},"median":{"confidence_interval":{"confidence_level":0.95,"lower_bound":-0.005078641902063863,"upper_bound":-0.0010388610679508137},"point_estimate":-0.0022351963049265233,"standard_error":0.0008982416535294962}}