{"mean":{"confidence_interval":{"confidence_level":0.95,"lower_bound":2.4288038378691295,"upper_bound":2.4308225991736268},"point_estimate":2.429694879666309,"standard_error":0.0005208637039475883},"median":{"confidence_interval":{"confidence_level":0.95,"lower_bound":2.428116969173468,"upper_bound":2.4283245487383547},"point_estimate":2.4282092235257435,"standard_error":0.00004787837146231393},"median_abs_dev":{"confidence_interval":{"confidence_level":0.95,"lower_bound":0.0003011530957939151,"upper_bound":0.0005883059047851077},"point_estimate":0.00042456432823001066,"standard_error":0.00007343377171199239},"slope":{"confidence_interval":{"confidence_level":0.95,"lower_bound":2.4283685484497353,"upper_bound":2.4288701590388384},"point_estimate":2.4286038702379784,"standard_error":0.0001286878760191773},"std_dev":{"confidence_interval":{"confidence_level":0.95,"lower_bound":0.0016726340040873282,"upper_bound":0.007568348255836944},"point_estimate":0.005246454641962837,"standard_error":0.0014127652089707392}}