{"mean":{"confidence_interval":{"confidence_level":0.95,"lower_bound":1.8836250844491729,"upper_bound":1.886038984746465},"point_estimate":1.884731901184188,"standard_error":0.0006174994893721975},"median":{"confidence_interval":{"confidence_level":0.95,"lower_bound":1.8834501378052575,"upper_bound":1.8843499875430516},"point_estimate":1.8838999559024936,"standard_error":0.00017900215018813988},"median_abs_dev":{"confidence_interval":{"confidence_level":0.95,"lower_bound":0.0015594555279859633,"upper_bound":0.0027235477319196666},"point_estimate":0.002058231799105447,"standard_error":0.0002955817665451695},"slope":{"confidence_interval":{"confidence_level":0.95,"lower_bound":1.8843423700641273,"upper_bound":1.88711222909729},"point_estimate":1.8854796507714726,"standard_error":0.0007199783886869748},"std_dev":{"confidence_interval":{"confidence_level":0.95,"lower_bound":0.0034559403229686395,"upper_bound":0.008927067868201606},"point_estimate":0.006224744376890037,"standard_error":0.0014645436736728753}}