{"mean":{"confidence_interval":{"confidence_level":0.95,"lower_bound":0.005300406680224495,"upper_bound":0.02592260128512456},"point_estimate":0.013018967970458206,"standard_error":0.0055163684497933},"median":{"confidence_interval":{"confidence_level":0.95,"lower_bound":0.0043489590510777335,"upper_bound":0.006010820747596608},"point_estimate":0.005176053781369205,"standard_error":0.00038972427024323576}}