{"mean":{"confidence_interval":{"confidence_level":0.95,"lower_bound":0.0035515422357712046,"upper_bound":0.006911288076618287},"point_estimate":0.004942609631862549,"standard_error":0.0008540958530883812},"median":{"confidence_interval":{"confidence_level":0.95,"lower_bound":0.0038565558278922385,"upper_bound":0.005020249056993686},"point_estimate":0.0043660272108094755,"standard_error":0.0002988865301014424}}