{"mean":{"confidence_interval":{"confidence_level":0.95,"lower_bound":2.6665033598331265,"upper_bound":2.676104598331166},"point_estimate":2.6706226491559693,"standard_error":0.0024793837799489352},"median":{"confidence_interval":{"confidence_level":0.95,"lower_bound":2.6631618479366295,"upper_bound":2.6653775107865862},"point_estimate":2.6638256231893904,"standard_error":0.0006360146192656139},"median_abs_dev":{"confidence_interval":{"confidence_level":0.95,"lower_bound":0.002211469504446616,"upper_bound":0.005640864653248354},"point_estimate":0.0037277490691760844,"standard_error":0.0009277974755923013},"slope":{"confidence_interval":{"confidence_level":0.95,"lower_bound":2.6647113975685257,"upper_bound":2.6699244783810325},"point_estimate":2.666766700277343,"standard_error":0.0013577192826893772},"std_dev":{"confidence_interval":{"confidence_level":0.95,"lower_bound":0.008243676273697665,"upper_bound":0.03775281151197611},"point_estimate":0.024952139890752525,"standard_error":0.007813371974257284}}