{"mean":{"confidence_interval":{"confidence_level":0.95,"lower_bound":-0.0011155018199598213,"upper_bound":0.0038984037130555473},"point_estimate":0.001432594780590657,"standard_error":0.0012685048955903568},"median":{"confidence_interval":{"confidence_level":0.95,"lower_bound":-0.0004320671449519198,"upper_bound":0.002919116058428539},"point_estimate":0.0013846486335020725,"standard_error":0.0009347610196521127}}