{"mean":{"confidence_interval":{"confidence_level":0.95,"lower_bound":0.09797114182333194,"upper_bound":0.10703518699908308},"point_estimate":0.10233601898458855,"standard_error":0.002288772558748578},"median":{"confidence_interval":{"confidence_level":0.95,"lower_bound":0.0913617473360851,"upper_bound":0.10401430557725111},"point_estimate":0.09715457318602883,"standard_error":0.003221433374234587}}