{"mean":{"confidence_interval":{"confidence_level":0.95,"lower_bound":-0.005004075628495191,"upper_bound":0.0035424419492205753},"point_estimate":-0.0007260165151001807,"standard_error":0.0021666889857754586},"median":{"confidence_interval":{"confidence_level":0.95,"lower_bound":-0.004992226852661874,"upper_bound":0.0019199880351157272},"point_estimate":-0.002024579495419121,"standard_error":0.0016615865104628073}}