{"mean":{"confidence_interval":{"confidence_level":0.95,"lower_bound":2.5373087868288975,"upper_bound":2.5380918465577635},"point_estimate":2.537672935866622,"standard_error":0.00020084566481059994},"median":{"confidence_interval":{"confidence_level":0.95,"lower_bound":2.5370970202764775,"upper_bound":2.537353737103495},"point_estimate":2.5371800194208975,"standard_error":0.000058491706238423767},"median_abs_dev":{"confidence_interval":{"confidence_level":0.95,"lower_bound":0.0005800884007734183,"upper_bound":0.0011031405669346094},"point_estimate":0.0007968311576269458,"standard_error":0.0001369419656527042},"slope":{"confidence_interval":{"confidence_level":0.95,"lower_bound":2.537295535905181,"upper_bound":2.538030937355947},"point_estimate":2.537634865701866,"standard_error":0.0001881099265809815},"std_dev":{"confidence_interval":{"confidence_level":0.95,"lower_bound":0.0012843956974817067,"upper_bound":0.0027518688626646916},"point_estimate":0.002020349688202802,"standard_error":0.0003874648981434012}}