{"mean":{"confidence_interval":{"confidence_level":0.95,"lower_bound":-0.0034269287954235474,"upper_bound":0.002235789281836391},"point_estimate":-0.0006663411975995626,"standard_error":0.0014234745042661478},"median":{"confidence_interval":{"confidence_level":0.95,"lower_bound":-0.0005102326487594899,"upper_bound":0.000413396432658919},"point_estimate":-0.00005535543378087926,"standard_error":0.00022824836365389686}}