{"mean":{"confidence_interval":{"confidence_level":0.95,"lower_bound":7.643688567339074,"upper_bound":7.646124223127589},"point_estimate":7.6447986258344915,"standard_error":0.0006238922515751923},"median":{"confidence_interval":{"confidence_level":0.95,"lower_bound":7.6420106953831475,"upper_bound":7.643111751423795},"point_estimate":7.642620027809121,"standard_error":0.000289015987801405},"median_abs_dev":{"confidence_interval":{"confidence_level":0.95,"lower_bound":0.001043603753210749,"upper_bound":0.002300591686248062},"point_estimate":0.0017650426826206589,"standard_error":0.00034189555422283515},"slope":{"confidence_interval":{"confidence_level":0.95,"lower_bound":7.642917311173278,"upper_bound":7.645770452030936},"point_estimate":7.644161507353977,"standard_error":0.0007341983438009986},"std_dev":{"confidence_interval":{"confidence_level":0.95,"lower_bound":0.0037638352184513973,"upper_bound":0.00867866757017775},"point_estimate":0.006248269351084315,"standard_error":0.0013033262100467775}}