{"mean":{"confidence_interval":{"confidence_level":0.95,"lower_bound":5.323181564213425,"upper_bound":5.324958974643749},"point_estimate":5.323987776328039,"standard_error":0.0004549852899853435},"median":{"confidence_interval":{"confidence_level":0.95,"lower_bound":5.322020410577368,"upper_bound":5.3224200423929435},"point_estimate":5.322189385705544,"standard_error":0.00009610994127891038},"median_abs_dev":{"confidence_interval":{"confidence_level":0.95,"lower_bound":0.0003172764169238065,"upper_bound":0.0009921476096639583},"point_estimate":0.0005665596744932599,"standard_error":0.0001668687669503636},"slope":{"confidence_interval":{"confidence_level":0.95,"lower_bound":5.3228687980409415,"upper_bound":5.324157399014821},"point_estimate":5.323477835623262,"standard_error":0.0003297006610437818},"std_dev":{"confidence_interval":{"confidence_level":0.95,"lower_bound":0.0025163171772431166,"upper_bound":0.006444166679761865},"point_estimate":0.004569522012746805,"standard_error":0.0010251865775708353}}