{"mean":{"confidence_interval":{"confidence_level":0.95,"lower_bound":0.0027353196633452597,"upper_bound":0.016691776010295836},"point_estimate":0.009239089917714827,"standard_error":0.003558353877404622},"median":{"confidence_interval":{"confidence_level":0.95,"lower_bound":-0.00006194910559572899,"upper_bound":0.0015341238797530465},"point_estimate":0.0004581439334643278,"standard_error":0.0004138696597343423}}