{"mean":{"confidence_interval":{"confidence_level":0.95,"lower_bound":2.929475207354811,"upper_bound":2.932803103661573},"point_estimate":2.930980245857165,"standard_error":0.0008533640643033463},"median":{"confidence_interval":{"confidence_level":0.95,"lower_bound":2.9297881478765393,"upper_bound":2.9306890323476082},"point_estimate":2.930206012305143,"standard_error":0.00021884017598719873},"median_abs_dev":{"confidence_interval":{"confidence_level":0.95,"lower_bound":0.001809309756075102,"upper_bound":0.0032213068404548335},"point_estimate":0.002641164737304924,"standard_error":0.00035198854333100103},"slope":{"confidence_interval":{"confidence_level":0.95,"lower_bound":2.9303195464828193,"upper_bound":2.9319243260351504},"point_estimate":2.9310752716644712,"standard_error":0.00041090691101532134},"std_dev":{"confidence_interval":{"confidence_level":0.95,"lower_bound":0.004760025200665407,"upper_bound":0.012427269502817358},"point_estimate":0.008562817166280505,"standard_error":0.00209858319359497}}