{"mean":{"confidence_interval":{"confidence_level":0.95,"lower_bound":-0.0013931609513450679,"upper_bound":0.0003925086330909152},"point_estimate":-0.00040425089061246755,"standard_error":0.00045565600787092855},"median":{"confidence_interval":{"confidence_level":0.95,"lower_bound":-0.0004078516070779026,"upper_bound":0.00010773601782676501},"point_estimate":-0.00018106408613838276,"standard_error":0.00013471722015014512}}