{"mean":{"confidence_interval":{"confidence_level":0.95,"lower_bound":-0.007180300053455074,"upper_bound":0.0003392810036585814},"point_estimate":-0.0024059069029475078,"standard_error":0.00219690871208957},"median":{"confidence_interval":{"confidence_level":0.95,"lower_bound":-0.0016708414542393468,"upper_bound":0.0007635326302328771},"point_estimate":-0.001029959432139349,"standard_error":0.0006360410159986772}}