{"mean":{"confidence_interval":{"confidence_level":0.95,"lower_bound":0.000865666867181936,"upper_bound":0.02016216363969368},"point_estimate":0.008390977482528816,"standard_error":0.005107715454692431},"median":{"confidence_interval":{"confidence_level":0.95,"lower_bound":-0.0005837997626574332,"upper_bound":0.00016225674150383007},"point_estimate":-0.0003027208881891674,"standard_error":0.00018977918069944182}}