{"mean":{"confidence_interval":{"confidence_level":0.95,"lower_bound":0.002893793366975706,"upper_bound":0.014558706871607638},"point_estimate":0.007868088885808033,"standard_error":0.0030521462291454955},"median":{"confidence_interval":{"confidence_level":0.95,"lower_bound":0.001730717121352604,"upper_bound":0.002452199544832556},"point_estimate":0.0019948946339118923,"standard_error":0.00017711808808229616}}