{"mean":{"confidence_interval":{"confidence_level":0.95,"lower_bound":19.513948370518563,"upper_bound":19.517805625725572},"point_estimate":19.515727311769364,"standard_error":0.0009878284607175898},"median":{"confidence_interval":{"confidence_level":0.95,"lower_bound":19.512539041396053,"upper_bound":19.514112274435423},"point_estimate":19.513198546428708,"standard_error":0.00038046412461942335},"median_abs_dev":{"confidence_interval":{"confidence_level":0.95,"lower_bound":0.00230847961634204,"upper_bound":0.00452940902420548},"point_estimate":0.003055530127955418,"standard_error":0.000557581208183846},"slope":{"confidence_interval":{"confidence_level":0.95,"lower_bound":19.5149786230839,"upper_bound":19.518936203305177},"point_estimate":19.516801779635347,"standard_error":0.001015761283479706},"std_dev":{"confidence_interval":{"confidence_level":0.95,"lower_bound":0.0058549686794715835,"upper_bound":0.013617125972904409},"point_estimate":0.00997187664149684,"standard_error":0.0019980380675499415}}