{"mean":{"confidence_interval":{"confidence_level":0.95,"lower_bound":25.329998519268006,"upper_bound":25.339727963827833},"point_estimate":25.33447461426061,"standard_error":0.0024898953602514344},"median":{"confidence_interval":{"confidence_level":0.95,"lower_bound":25.32449258214858,"upper_bound":25.328114206769513},"point_estimate":25.325743033551188,"standard_error":0.0007928217745401181},"median_abs_dev":{"confidence_interval":{"confidence_level":0.95,"lower_bound":0.0030625583978522233,"upper_bound":0.007040970993839584},"point_estimate":0.004731767666411715,"standard_error":0.000924881263574391},"slope":{"confidence_interval":{"confidence_level":0.95,"lower_bound":25.328257149186,"upper_bound":25.337856349277043},"point_estimate":25.332613421215104,"standard_error":0.0024647337148506966},"std_dev":{"confidence_interval":{"confidence_level":0.95,"lower_bound":0.01540594210221351,"upper_bound":0.03277912334198163},"point_estimate":0.024970937279021603,"standard_error":0.004444716335908438}}