{"mean":{"confidence_interval":{"confidence_level":0.95,"lower_bound":-0.001153260481653287,"upper_bound":-0.00013431618689848106},"point_estimate":-0.0005667568028657755,"standard_error":0.00026359209403727},"median":{"confidence_interval":{"confidence_level":0.95,"lower_bound":-0.0004363677338795613,"upper_bound":-0.00019233348178904208},"point_estimate":-0.00027581573898272094,"standard_error":0.00006195387644578266}}