{"mean":{"confidence_interval":{"confidence_level":0.95,"lower_bound":-0.004423056583886944,"upper_bound":0.00656269722102874},"point_estimate":-0.0001476324291093123,"standard_error":0.0028834135309722146},"median":{"confidence_interval":{"confidence_level":0.95,"lower_bound":-0.004019248493052019,"upper_bound":-0.0033929507169735418},"point_estimate":-0.0037298739609313847,"standard_error":0.00015905756173222727}}