{"mean":{"confidence_interval":{"confidence_level":0.95,"lower_bound":-0.0013504789734847195,"upper_bound":0.004549579152931084},"point_estimate":0.001089839669620174,"standard_error":0.0015747254023177719},"median":{"confidence_interval":{"confidence_level":0.95,"lower_bound":-0.0007866666987994542,"upper_bound":0.00009138710370293346},"point_estimate":-0.0003374120496434374,"standard_error":0.00021419170088536588}}