{"mean":{"confidence_interval":{"confidence_level":0.95,"lower_bound":-0.035587725168954046,"upper_bound":-0.03497054660100488},"point_estimate":-0.03526428424745698,"standard_error":0.0001580930924881322},"median":{"confidence_interval":{"confidence_level":0.95,"lower_bound":-0.03522377301740065,"upper_bound":-0.03484602017614058},"point_estimate":-0.03503056360880752,"standard_error":0.0000895992423792538}}