{"mean":{"confidence_interval":{"confidence_level":0.95,"lower_bound":0.001365595565597544,"upper_bound":0.010016604888049788},"point_estimate":0.004723202068053878,"standard_error":0.0022051353987088216},"median":{"confidence_interval":{"confidence_level":0.95,"lower_bound":-0.0005209630568671075,"upper_bound":0.00018977995610702791},"point_estimate":-0.00014190654438916983,"standard_error":0.00019117433407087752}}