{"mean":{"confidence_interval":{"confidence_level":0.95,"lower_bound":-0.0032802679704595408,"upper_bound":0.0020103993668999795},"point_estimate":-0.0006336771978279199,"standard_error":0.0013450153268576095},"median":{"confidence_interval":{"confidence_level":0.95,"lower_bound":-0.0005506982300863855,"upper_bound":0.00027645971554271466},"point_estimate":-0.00012140947217409437,"standard_error":0.00019820971477242828}}