{"mean":{"confidence_interval":{"confidence_level":0.95,"lower_bound":-0.0020875076752644105,"upper_bound":0.001479049017916444},"point_estimate":-0.00027572401382292,"standard_error":0.0008860439372543209},"median":{"confidence_interval":{"confidence_level":0.95,"lower_bound":-0.0004206363759580555,"upper_bound":0.00017403596944687294},"point_estimate":-0.00014664131216679532,"standard_error":0.00014568495297846747}}