{"mean":{"confidence_interval":{"confidence_level":0.95,"lower_bound":-0.005301456393996944,"upper_bound":0.019458897420940188},"point_estimate":0.008024044426337529,"standard_error":0.0063027748148001845},"median":{"confidence_interval":{"confidence_level":0.95,"lower_bound":0.005700787093804545,"upper_bound":0.02531486235196523},"point_estimate":0.01505156962826426,"standard_error":0.004917670661436501}}