{"mean":{"confidence_interval":{"confidence_level":0.95,"lower_bound":-0.0012695229879566667,"upper_bound":0.011028450836389437},"point_estimate":0.004632882421755857,"standard_error":0.003221502232810894},"median":{"confidence_interval":{"confidence_level":0.95,"lower_bound":-0.0013524690936579375,"upper_bound":-0.0006631005484596386},"point_estimate":-0.00107741991703858,"standard_error":0.0001812423100356014}}