{"mean":{"confidence_interval":{"confidence_level":0.95,"lower_bound":17.05076157336339,"upper_bound":17.19102473133521},"point_estimate":17.11219944039605,"standard_error":0.03644820078846983},"median":{"confidence_interval":{"confidence_level":0.95,"lower_bound":17.025610159215418,"upper_bound":17.028792928192676},"point_estimate":17.027190969178395,"standard_error":0.0008590211421004741},"median_abs_dev":{"confidence_interval":{"confidence_level":0.95,"lower_bound":0.0031996789299588123,"upper_bound":0.007307289800323625},"point_estimate":0.004924591104716581,"standard_error":0.0010907688282065949},"slope":{"confidence_interval":{"confidence_level":0.95,"lower_bound":17.073849967808012,"upper_bound":17.452651992840533},"point_estimate":17.249270737306183,"standard_error":0.09730300671385526},"std_dev":{"confidence_interval":{"confidence_level":0.95,"lower_bound":0.12827549162802115,"upper_bound":0.5228492826485148},"point_estimate":0.36677859018997955,"standard_error":0.09643775344679412}}