{"mean":{"confidence_interval":{"confidence_level":0.95,"lower_bound":0.018951844222616115,"upper_bound":0.043608388290672144},"point_estimate":0.031330378044051255,"standard_error":0.006248147623325615},"median":{"confidence_interval":{"confidence_level":0.95,"lower_bound":0.01459095082157802,"upper_bound":0.029200503101946662},"point_estimate":0.02133878130432909,"standard_error":0.00393413623360555}}