{"mean":{"confidence_interval":{"confidence_level":0.95,"lower_bound":2.789429374998905,"upper_bound":2.791836279995976},"point_estimate":2.7905971431850727,"standard_error":0.0006115183072327842},"median":{"confidence_interval":{"confidence_level":0.95,"lower_bound":2.7900573488221805,"upper_bound":2.790915798281813},"point_estimate":2.79052491473478,"standard_error":0.00018648519832509172},"median_abs_dev":{"confidence_interval":{"confidence_level":0.95,"lower_bound":0.0017562960690016137,"upper_bound":0.0034152365008590637},"point_estimate":0.002550446530602227,"standard_error":0.0004422812350045242},"slope":{"confidence_interval":{"confidence_level":0.95,"lower_bound":2.7904475646879807,"upper_bound":2.791841564146461},"point_estimate":2.7911005959246538,"standard_error":0.0003564359783876472},"std_dev":{"confidence_interval":{"confidence_level":0.95,"lower_bound":0.004561032525000534,"upper_bound":0.007696646202383654},"point_estimate":0.006143567749629901,"standard_error":0.0008061829632499887}}