{"mean":{"confidence_interval":{"confidence_level":0.95,"lower_bound":-0.0010150120256286837,"upper_bound":0.000011721473722025965},"point_estimate":-0.0005027078927251072,"standard_error":0.0002605899525367658},"median":{"confidence_interval":{"confidence_level":0.95,"lower_bound":-0.0009262038093700298,"upper_bound":0.00024805286902631853},"point_estimate":-0.0005764830296574042,"standard_error":0.00030488483856040775}}