{"mean":{"confidence_interval":{"confidence_level":0.95,"lower_bound":-0.005238415326255515,"upper_bound":-7.1950355387740345e-6},"point_estimate":-0.0025602970196679786,"standard_error":0.0013407303168935204},"median":{"confidence_interval":{"confidence_level":0.95,"lower_bound":-0.0058885856430807015,"upper_bound":0.000031994052950956586},"point_estimate":-0.0031098324186928927,"standard_error":0.0015907157336788262}}