{"mean":{"confidence_interval":{"confidence_level":0.95,"lower_bound":11.069355215329782,"upper_bound":11.411097241280675},"point_estimate":11.199395026926092,"standard_error":0.09359631950998043},"median":{"confidence_interval":{"confidence_level":0.95,"lower_bound":11.066367461085953,"upper_bound":11.067239528590916},"point_estimate":11.066683162281503,"standard_error":0.0002475383526353743},"median_abs_dev":{"confidence_interval":{"confidence_level":0.95,"lower_bound":0.0012970008237815189,"upper_bound":0.002757799081460616},"point_estimate":0.0017510076952815417,"standard_error":0.00040190649158623493},"slope":{"confidence_interval":{"confidence_level":0.95,"lower_bound":11.068307891234179,"upper_bound":11.07907581023842},"point_estimate":11.072312050267795,"standard_error":0.0028530778379998057},"std_dev":{"confidence_interval":{"confidence_level":0.95,"lower_bound":0.007855864936376852,"upper_bound":1.5501858764272252},"point_estimate":0.941148973387018,"standard_error":0.4399262450331652}}