{"mean":{"confidence_interval":{"confidence_level":0.95,"lower_bound":1.7029506017712421,"upper_bound":1.7037320776314975},"point_estimate":1.7032969489066578,"standard_error":0.00020184901824013993},"median":{"confidence_interval":{"confidence_level":0.95,"lower_bound":1.7026218156111808,"upper_bound":1.7028844042420104},"point_estimate":1.7027289865565802,"standard_error":0.0000713591256443835},"median_abs_dev":{"confidence_interval":{"confidence_level":0.95,"lower_bound":0.00034903368570743013,"upper_bound":0.0006436403999731666},"point_estimate":0.0004747839572467482,"standard_error":0.00007703880394993554},"slope":{"confidence_interval":{"confidence_level":0.95,"lower_bound":1.7029026219590806,"upper_bound":1.7037970226978683},"point_estimate":1.7033010844544882,"standard_error":0.0002311242345776952},"std_dev":{"confidence_interval":{"confidence_level":0.95,"lower_bound":0.0008882470713107181,"upper_bound":0.00291627830636264},"point_estimate":0.002024032401455652,"standard_error":0.0005198036992608827}}