{"mean":{"confidence_interval":{"confidence_level":0.95,"lower_bound":2.2736111167689734,"upper_bound":2.274085806980255},"point_estimate":2.273831582032847,"standard_error":0.00012125536581486765},"median":{"confidence_interval":{"confidence_level":0.95,"lower_bound":2.273360244300851,"upper_bound":2.2735522047273258},"point_estimate":2.2734442294526547,"standard_error":0.000049136965665646396},"median_abs_dev":{"confidence_interval":{"confidence_level":0.95,"lower_bound":0.00031515579413872707,"upper_bound":0.0005444524477488073},"point_estimate":0.0004022555511576038,"standard_error":0.00005644551384175736},"slope":{"confidence_interval":{"confidence_level":0.95,"lower_bound":2.2734348139762415,"upper_bound":2.2740498109974516},"point_estimate":2.2737131555379975,"standard_error":0.0001578234396893532},"std_dev":{"confidence_interval":{"confidence_level":0.95,"lower_bound":0.0008098024927112775,"upper_bound":0.0015956153094624887},"point_estimate":0.0012204974798970456,"standard_error":0.00020261914582957318}}