{"mean":{"confidence_interval":{"confidence_level":0.95,"lower_bound":0.0011527003686640893,"upper_bound":0.009700643607839341},"point_estimate":0.004916670400350265,"standard_error":0.002283497633952276},"median":{"confidence_interval":{"confidence_level":0.95,"lower_bound":-0.0010081699510359112,"upper_bound":0.00002702470110316213},"point_estimate":-0.00039655106144376173,"standard_error":0.0002757728500752726}}