{"mean":{"confidence_interval":{"confidence_level":0.95,"lower_bound":6.072001803136205,"upper_bound":6.092773497995097},"point_estimate":6.0810823616699246,"standard_error":0.00533877604086419},"median":{"confidence_interval":{"confidence_level":0.95,"lower_bound":6.06996832179166,"upper_bound":6.0733603954243875},"point_estimate":6.071152990446604,"standard_error":0.0009048607902916016},"median_abs_dev":{"confidence_interval":{"confidence_level":0.95,"lower_bound":0.004963680607977484,"upper_bound":0.009025383282149411},"point_estimate":0.006235830846213037,"standard_error":0.0010571400295909562},"slope":{"confidence_interval":{"confidence_level":0.95,"lower_bound":6.07251577616241,"upper_bound":6.0906706025791095},"point_estimate":6.079822311315048,"standard_error":0.004747884515820369},"std_dev":{"confidence_interval":{"confidence_level":0.95,"lower_bound":0.01322402369287894,"upper_bound":0.07901518329007944},"point_estimate":0.053709380712989266,"standard_error":0.015596864895874004}}