{"mean":{"confidence_interval":{"confidence_level":0.95,"lower_bound":13.196527017914098,"upper_bound":13.200953176885951},"point_estimate":13.19845609860458,"standard_error":0.0011345575784551154},"median":{"confidence_interval":{"confidence_level":0.95,"lower_bound":13.194139722513812,"upper_bound":13.195502814867584},"point_estimate":13.194581157487429,"standard_error":0.00039890737983295496},"median_abs_dev":{"confidence_interval":{"confidence_level":0.95,"lower_bound":0.0011705791946639054,"upper_bound":0.0030250190750099487},"point_estimate":0.0017359343140604157,"standard_error":0.00050260585187958},"slope":{"confidence_interval":{"confidence_level":0.95,"lower_bound":13.195360719020846,"upper_bound":13.197668219186173},"point_estimate":13.196420882439728,"standard_error":0.000590998616508005},"std_dev":{"confidence_interval":{"confidence_level":0.95,"lower_bound":0.00509425669354559,"upper_bound":0.017137370115775943},"point_estimate":0.01139695219215354,"standard_error":0.003239599963552362}}