{"mean":{"confidence_interval":{"confidence_level":0.95,"lower_bound":53.955333935707486,"upper_bound":53.96273446029636},"point_estimate":53.95862907144247,"standard_error":0.0019005502303666706},"median":{"confidence_interval":{"confidence_level":0.95,"lower_bound":53.953911202698244,"upper_bound":53.95513597226885},"point_estimate":53.95444714580245,"standard_error":0.0003030345900807046},"median_abs_dev":{"confidence_interval":{"confidence_level":0.95,"lower_bound":0.0031395064468743,"upper_bound":0.0054510124997526515},"point_estimate":0.0042215984977863165,"standard_error":0.000572659278681717},"slope":{"confidence_interval":{"confidence_level":0.95,"lower_bound":53.955511572888604,"upper_bound":53.96582515319458},"point_estimate":53.960127148066555,"standard_error":0.0026516290797807852},"std_dev":{"confidence_interval":{"confidence_level":0.95,"lower_bound":0.009473845570839868,"upper_bound":0.027740581679314587},"point_estimate":0.019143792763391024,"standard_error":0.004800903657698205}}