{"mean":{"confidence_interval":{"confidence_level":0.95,"lower_bound":7.946984739736198,"upper_bound":7.950936255715559},"point_estimate":7.948711174730414,"standard_error":0.001019436987045521},"median":{"confidence_interval":{"confidence_level":0.95,"lower_bound":7.945803779322688,"upper_bound":7.947112972609097},"point_estimate":7.946588956725339,"standard_error":0.0003129626240793453},"median_abs_dev":{"confidence_interval":{"confidence_level":0.95,"lower_bound":0.0018616827951018573,"upper_bound":0.003193412065953745},"point_estimate":0.0025190806770854536,"standard_error":0.0003313664349608491},"slope":{"confidence_interval":{"confidence_level":0.95,"lower_bound":7.947004444246714,"upper_bound":7.948645497285287},"point_estimate":7.947789694427152,"standard_error":0.00041987611359179267},"std_dev":{"confidence_interval":{"confidence_level":0.95,"lower_bound":0.003545597135257325,"upper_bound":0.01513277620714693},"point_estimate":0.01026305111802686,"standard_error":0.0030068513962407447}}