{"mean":{"confidence_interval":{"confidence_level":0.95,"lower_bound":-0.0017221199850533798,"upper_bound":0.0020823576070537237},"point_estimate":0.0001799895665219875,"standard_error":0.0009756249204426777},"median":{"confidence_interval":{"confidence_level":0.95,"lower_bound":-0.002604975006364807,"upper_bound":0.0010756098295481298},"point_estimate":-0.0007066291425528171,"standard_error":0.000941861952705753}}