{"mean":{"confidence_interval":{"confidence_level":0.95,"lower_bound":0.14084095483581166,"upper_bound":0.15096309331247634},"point_estimate":0.14609655984659997,"standard_error":0.0025770379961005258},"median":{"confidence_interval":{"confidence_level":0.95,"lower_bound":0.14311901478989553,"upper_bound":0.1533145934730935},"point_estimate":0.15069063555631224,"standard_error":0.002921518426139876}}