{"mean":{"confidence_interval":{"confidence_level":0.95,"lower_bound":-0.0012503530385962135,"upper_bound":0.00017865731105796634},"point_estimate":-0.0004979971457904631,"standard_error":0.0003646396313593614},"median":{"confidence_interval":{"confidence_level":0.95,"lower_bound":-0.0005683789711544707,"upper_bound":0.00015775158100392236},"point_estimate":-0.0001758489044363376,"standard_error":0.00017899371237195332}}