{"mean":{"confidence_interval":{"confidence_level":0.95,"lower_bound":-0.007559609604418769,"upper_bound":-0.000814611905469092},"point_estimate":-0.004321532319990662,"standard_error":0.0017147193974008947},"median":{"confidence_interval":{"confidence_level":0.95,"lower_bound":-0.002645159256077556,"upper_bound":0.00005266022625649569},"point_estimate":-0.0013411312015194632,"standard_error":0.0006998377483501329}}