{"mean":{"confidence_interval":{"confidence_level":0.95,"lower_bound":-0.0011861824832530593,"upper_bound":0.002516013097496483},"point_estimate":0.0007175050023431329,"standard_error":0.0009475810694337981},"median":{"confidence_interval":{"confidence_level":0.95,"lower_bound":-0.0001244679762198997,"upper_bound":0.0005818650999982404},"point_estimate":0.0003413325391887767,"standard_error":0.00018237667195771887}}