{"mean":{"confidence_interval":{"confidence_level":0.95,"lower_bound":0.00011296180656819601,"upper_bound":0.006808839867645371},"point_estimate":0.0028347319789063796,"standard_error":0.0017603155792704683},"median":{"confidence_interval":{"confidence_level":0.95,"lower_bound":-0.0008712000270878484,"upper_bound":-7.577113584344985e-7},"point_estimate":-0.00036447181493481917,"standard_error":0.0002215081694974837}}