{"mean":{"confidence_interval":{"confidence_level":0.95,"lower_bound":1.643196555582749,"upper_bound":1.6587683509620201},"point_estimate":1.6491904866691867,"standard_error":0.004157423797666744},"median":{"confidence_interval":{"confidence_level":0.95,"lower_bound":1.6389448225337806,"upper_bound":1.6406473911099029},"point_estimate":1.639653613953754,"standard_error":0.00041496722076094487},"median_abs_dev":{"confidence_interval":{"confidence_level":0.95,"lower_bound":0.0014919485392948662,"upper_bound":0.0035905482326862768},"point_estimate":0.0022162582711009746,"standard_error":0.0005281306705326589},"slope":{"confidence_interval":{"confidence_level":0.95,"lower_bound":1.6400022374606849,"upper_bound":1.6422318813183432},"point_estimate":1.6410057205372381,"standard_error":0.0005724866578797748},"std_dev":{"confidence_interval":{"confidence_level":0.95,"lower_bound":0.010119717278451002,"upper_bound":0.06899894909495385},"point_estimate":0.04173039449869364,"standard_error":0.019108511195072356}}