{"mean":{"confidence_interval":{"confidence_level":0.95,"lower_bound":3.5871359316649234,"upper_bound":3.5978543797921345},"point_estimate":3.590951092472116,"standard_error":0.0031681175872307244},"median":{"confidence_interval":{"confidence_level":0.95,"lower_bound":3.585566878221087,"upper_bound":3.5864203121697913},"point_estimate":3.5859118262623966,"standard_error":0.00020619866529435625},"median_abs_dev":{"confidence_interval":{"confidence_level":0.95,"lower_bound":0.0006881866946278949,"upper_bound":0.0017630413592250995},"point_estimate":0.0011291655460186898,"standard_error":0.0002687111432101857},"slope":{"confidence_interval":{"confidence_level":0.95,"lower_bound":3.5865675190982986,"upper_bound":3.5886050513589556},"point_estimate":3.5874580261565763,"standard_error":0.0005226190076130332},"std_dev":{"confidence_interval":{"confidence_level":0.95,"lower_bound":0.002934849066861044,"upper_bound":0.05439421044526581},"point_estimate":0.0319217675900098,"standard_error":0.017897566507379406}}