{"mean":{"confidence_interval":{"confidence_level":0.95,"lower_bound":6.922781161156024,"upper_bound":6.9662122264378},"point_estimate":6.940920518147143,"standard_error":0.011243446657340974},"median":{"confidence_interval":{"confidence_level":0.95,"lower_bound":6.912435759835091,"upper_bound":6.917332369738743},"point_estimate":6.914251061064813,"standard_error":0.00116175955266973},"median_abs_dev":{"confidence_interval":{"confidence_level":0.95,"lower_bound":0.0077375787429153145,"upper_bound":0.015159855541663115},"point_estimate":0.010772758780958288,"standard_error":0.001905193922559465},"slope":{"confidence_interval":{"confidence_level":0.95,"lower_bound":6.918856837845612,"upper_bound":6.937564691241512},"point_estimate":6.9268602401485015,"standard_error":0.004801374706757836},"std_dev":{"confidence_interval":{"confidence_level":0.95,"lower_bound":0.04114309795458828,"upper_bound":0.17792110189556926},"point_estimate":0.11314938836385549,"standard_error":0.04015391081157198}}