{"mean":{"confidence_interval":{"confidence_level":0.95,"lower_bound":7.592721930672963,"upper_bound":7.596759644091625},"point_estimate":7.594628046353068,"standard_error":0.0010336490853631861},"median":{"confidence_interval":{"confidence_level":0.95,"lower_bound":7.5906691137616065,"upper_bound":7.5938545192365465},"point_estimate":7.591933915741475,"standard_error":0.0008412206020895284},"median_abs_dev":{"confidence_interval":{"confidence_level":0.95,"lower_bound":0.004370550860827688,"upper_bound":0.00755421393911951},"point_estimate":0.005998238101022978,"standard_error":0.0008224921443241659},"slope":{"confidence_interval":{"confidence_level":0.95,"lower_bound":7.590797797985145,"upper_bound":7.594811189454197},"point_estimate":7.592629108741217,"standard_error":0.001030668182892191},"std_dev":{"confidence_interval":{"confidence_level":0.95,"lower_bound":0.0074695419888728964,"upper_bound":0.013251147971596038},"point_estimate":0.010427582194789748,"standard_error":0.0014919839216488275}}