{"mean":{"confidence_interval":{"confidence_level":0.95,"lower_bound":4.405876082405868,"upper_bound":4.44224937808464},"point_estimate":4.4227062166005915,"standard_error":0.009308957759595652},"median":{"confidence_interval":{"confidence_level":0.95,"lower_bound":4.38352405056694,"upper_bound":4.394913276141066},"point_estimate":4.389951516414397,"standard_error":0.003185392080335311},"median_abs_dev":{"confidence_interval":{"confidence_level":0.95,"lower_bound":0.013136788078789813,"upper_bound":0.028439592039853672},"point_estimate":0.01763696023333674,"standard_error":0.003779966151426151},"slope":{"confidence_interval":{"confidence_level":0.95,"lower_bound":4.387160966765379,"upper_bound":4.408789147374708},"point_estimate":4.3965265355560375,"standard_error":0.005604034147487782},"std_dev":{"confidence_interval":{"confidence_level":0.95,"lower_bound":0.059995597521821334,"upper_bound":0.12841395048885462},"point_estimate":0.0935437601478279,"standard_error":0.018522443542684366}}