{"mean":{"confidence_interval":{"confidence_level":0.95,"lower_bound":-0.00641394690351156,"upper_bound":0.004398886711690839},"point_estimate":-0.0015353925929528778,"standard_error":0.0027709252749239586},"median":{"confidence_interval":{"confidence_level":0.95,"lower_bound":-0.007070936800187,"upper_bound":-0.005818973404459804},"point_estimate":-0.006609363297446436,"standard_error":0.0003060128101996902}}