{"mean":{"confidence_interval":{"confidence_level":0.95,"lower_bound":15.117076321159466,"upper_bound":15.120272354483077},"point_estimate":15.11851008626113,"standard_error":0.0008204348810438063},"median":{"confidence_interval":{"confidence_level":0.95,"lower_bound":15.115437471369674,"upper_bound":15.116287603401604},"point_estimate":15.115844942814324,"standard_error":0.000255080283677604},"median_abs_dev":{"confidence_interval":{"confidence_level":0.95,"lower_bound":0.0011236588613563192,"upper_bound":0.002638284388262647},"point_estimate":0.001726190990883576,"standard_error":0.0004051141960809106},"slope":{"confidence_interval":{"confidence_level":0.95,"lower_bound":15.115829565841882,"upper_bound":15.118748906196496},"point_estimate":15.117119215630686,"standard_error":0.0007519580972233038},"std_dev":{"confidence_interval":{"confidence_level":0.95,"lower_bound":0.004052466310025637,"upper_bound":0.011936525162322378},"point_estimate":0.00824559249353322,"standard_error":0.0020548257865812746}}