{"mean":{"confidence_interval":{"confidence_level":0.95,"lower_bound":17.699613042315203,"upper_bound":17.72157609334067},"point_estimate":17.710184512086972,"standard_error":0.005615334439041177},"median":{"confidence_interval":{"confidence_level":0.95,"lower_bound":17.67856164326694,"upper_bound":17.697004764308314},"point_estimate":17.68772975507178,"standard_error":0.0049796781021371585},"median_abs_dev":{"confidence_interval":{"confidence_level":0.95,"lower_bound":0.014831533442183655,"upper_bound":0.03926283000778434},"point_estimate":0.026711497856080818,"standard_error":0.006641443558583131},"slope":{"confidence_interval":{"confidence_level":0.95,"lower_bound":17.69267766744243,"upper_bound":17.718831665455856},"point_estimate":17.704586779394955,"standard_error":0.0067028646899116836},"std_dev":{"confidence_interval":{"confidence_level":0.95,"lower_bound":0.043717033833492805,"upper_bound":0.06677753158627511},"point_estimate":0.056443113191351986,"standard_error":0.005895396997933235}}