{"mean":{"confidence_interval":{"confidence_level":0.95,"lower_bound":0.14580416260088572,"upper_bound":0.17362588491601139},"point_estimate":0.16092121182167696,"standard_error":0.007122181313419463},"median":{"confidence_interval":{"confidence_level":0.95,"lower_bound":0.1634708797375155,"upper_bound":0.18116572813571463},"point_estimate":0.17119578318929407,"standard_error":0.004806050438366936}}