{"mean":{"confidence_interval":{"confidence_level":0.95,"lower_bound":-0.0014428892273665838,"upper_bound":0.019941263298582906},"point_estimate":0.006361932171484286,"standard_error":0.005614653887425634},"median":{"confidence_interval":{"confidence_level":0.95,"lower_bound":-0.00020178455791397543,"upper_bound":0.0005072471938214473},"point_estimate":0.00026984143647723613,"standard_error":0.00016941946708541033}}