{"mean":{"confidence_interval":{"confidence_level":0.95,"lower_bound":-0.005436317131120082,"upper_bound":0.010048560605986018},"point_estimate":0.002592461469022478,"standard_error":0.003952387626474662},"median":{"confidence_interval":{"confidence_level":0.95,"lower_bound":-0.005354384144789877,"upper_bound":0.007222978068087915},"point_estimate":0.0019204792720159958,"standard_error":0.003240996618283489}}