{"mean":{"confidence_interval":{"confidence_level":0.95,"lower_bound":7.864267627051076,"upper_bound":7.922239586609779},"point_estimate":7.889933243896667,"standard_error":0.014905070297420463},"median":{"confidence_interval":{"confidence_level":0.95,"lower_bound":7.842533763919159,"upper_bound":7.847558586130569},"point_estimate":7.8440380618445475,"standard_error":0.0012007694277253811},"median_abs_dev":{"confidence_interval":{"confidence_level":0.95,"lower_bound":0.006850342449825494,"upper_bound":0.015016659074876714},"point_estimate":0.009114851199669607,"standard_error":0.0021207535747260102},"slope":{"confidence_interval":{"confidence_level":0.95,"lower_bound":7.846465187721405,"upper_bound":7.858960346252368},"point_estimate":7.851597369065804,"standard_error":0.003248367321277207},"std_dev":{"confidence_interval":{"confidence_level":0.95,"lower_bound":0.06741951598352913,"upper_bound":0.2180556570449834},"point_estimate":0.14942230594258538,"standard_error":0.03905640443167484}}