{"mean":{"confidence_interval":{"confidence_level":0.95,"lower_bound":6.809125122008617,"upper_bound":6.940381017543844},"point_estimate":6.857956336340098,"standard_error":0.036150608071082134},"median":{"confidence_interval":{"confidence_level":0.95,"lower_bound":6.794667264536816,"upper_bound":6.805957881200326},"point_estimate":6.799615291532531,"standard_error":0.0024424445782075415},"median_abs_dev":{"confidence_interval":{"confidence_level":0.95,"lower_bound":0.016798325467661246,"upper_bound":0.029096299465262352},"point_estimate":0.022175858396348173,"standard_error":0.0030314436591823996},"slope":{"confidence_interval":{"confidence_level":0.95,"lower_bound":6.804675855846951,"upper_bound":6.840399296417086},"point_estimate":6.821314390602083,"standard_error":0.009181707545401246},"std_dev":{"confidence_interval":{"confidence_level":0.95,"lower_bound":0.044160813316772136,"upper_bound":0.6133798021264026},"point_estimate":0.3648922070652471,"standard_error":0.18243306807686221}}