{"mean":{"confidence_interval":{"confidence_level":0.95,"lower_bound":-0.0002440964486784878,"upper_bound":0.0005667458443920025},"point_estimate":0.00014359034952105,"standard_error":0.00020685486648211232},"median":{"confidence_interval":{"confidence_level":0.95,"lower_bound":0.0000128013616158551,"upper_bound":0.0006685745460124348},"point_estimate":0.0004283650262899563,"standard_error":0.00018041654994892706}}