{"mean":{"confidence_interval":{"confidence_level":0.95,"lower_bound":-0.015428974904071947,"upper_bound":-0.0033929668851705825},"point_estimate":-0.007841362012277253,"standard_error":0.0034420306893665985},"median":{"confidence_interval":{"confidence_level":0.95,"lower_bound":-0.005521559265035725,"upper_bound":-0.003329737478982575},"point_estimate":-0.004500335282921153,"standard_error":0.0006930883576277371}}