{"mean":{"confidence_interval":{"confidence_level":0.95,"lower_bound":0.036731817460965335,"upper_bound":0.04402417781985935},"point_estimate":0.039919189011378364,"standard_error":0.001841953859468566},"median":{"confidence_interval":{"confidence_level":0.95,"lower_bound":0.037660620423571434,"upper_bound":0.03992526921219963},"point_estimate":0.03854906188134177,"standard_error":0.0006182788217675366}}