{"mean":{"confidence_interval":{"confidence_level":0.95,"lower_bound":6.905674715771067,"upper_bound":6.912367534839946},"point_estimate":6.908927991191775,"standard_error":0.0017077692007422568},"median":{"confidence_interval":{"confidence_level":0.95,"lower_bound":6.905325043316955,"upper_bound":6.908869353571503},"point_estimate":6.90668441496152,"standard_error":0.0007812684300276695},"median_abs_dev":{"confidence_interval":{"confidence_level":0.95,"lower_bound":0.0049920967958261,"upper_bound":0.009867131575659428},"point_estimate":0.007414939677581033,"standard_error":0.0012487930302782174},"slope":{"confidence_interval":{"confidence_level":0.95,"lower_bound":6.907980309390221,"upper_bound":6.912725866413901},"point_estimate":6.910192293712744,"standard_error":0.0012120506049700846},"std_dev":{"confidence_interval":{"confidence_level":0.95,"lower_bound":0.012780424283022186,"upper_bound":0.021138426366764537},"point_estimate":0.01714043093518743,"standard_error":0.002141884533537012}}