{"mean":{"confidence_interval":{"confidence_level":0.95,"lower_bound":-0.002085536670970924,"upper_bound":0.0014020749200163325},"point_estimate":-0.00045891105566175927,"standard_error":0.0008824367088004989},"median":{"confidence_interval":{"confidence_level":0.95,"lower_bound":-0.0006743279081700138,"upper_bound":0.0000777016536650521},"point_estimate":-0.00017409358232167715,"standard_error":0.00019224343830343056}}