{"mean":{"confidence_interval":{"confidence_level":0.95,"lower_bound":-0.001274170835889651,"upper_bound":0.0010167273849356715},"point_estimate":-0.0002187847684020916,"standard_error":0.0005833910508247055},"median":{"confidence_interval":{"confidence_level":0.95,"lower_bound":-0.0005015448530425459,"upper_bound":0.00016478084323368059},"point_estimate":-0.00010094061419407829,"standard_error":0.00017478027794997768}}