{"mean":{"confidence_interval":{"confidence_level":0.95,"lower_bound":-0.0015226563182011126,"upper_bound":0.005481618912655553},"point_estimate":0.0017678882412395236,"standard_error":0.001784254663227946},"median":{"confidence_interval":{"confidence_level":0.95,"lower_bound":-0.0008060714146488346,"upper_bound":-0.00013309485620171464},"point_estimate":-0.00041078500745728164,"standard_error":0.00016658446452939138}}