{"mean":{"confidence_interval":{"confidence_level":0.95,"lower_bound":14.901983545056147,"upper_bound":14.904421654014893},"point_estimate":14.903073788498455,"standard_error":0.0006289124139825515},"median":{"confidence_interval":{"confidence_level":0.95,"lower_bound":14.901436032352569,"upper_bound":14.901808663732385},"point_estimate":14.901566208387694,"standard_error":0.000121789295817648},"median_abs_dev":{"confidence_interval":{"confidence_level":0.95,"lower_bound":0.0006239523117409847,"upper_bound":0.0010989363297333528},"point_estimate":0.0008253753546581838,"standard_error":0.00012064803229325215},"slope":{"confidence_interval":{"confidence_level":0.95,"lower_bound":14.901878413511874,"upper_bound":14.903884010949998},"point_estimate":14.902768861276593,"standard_error":0.0005146900735498926},"std_dev":{"confidence_interval":{"confidence_level":0.95,"lower_bound":0.0029066067727491034,"upper_bound":0.008964647703049252},"point_estimate":0.006310807554106625,"standard_error":0.001539684296265623}}