{"mean":{"confidence_interval":{"confidence_level":0.95,"lower_bound":2.554278658296118,"upper_bound":2.5561898159866523},"point_estimate":2.5550368130654983,"standard_error":0.0005036800562034379},"median":{"confidence_interval":{"confidence_level":0.95,"lower_bound":2.5537747788853267,"upper_bound":2.5540412442717315},"point_estimate":2.5538301936987224,"standard_error":0.00007328052554672806},"median_abs_dev":{"confidence_interval":{"confidence_level":0.95,"lower_bound":0.0002594018626995377,"upper_bound":0.0005588249436634724},"point_estimate":0.0003629628501915214,"standard_error":0.00008119996115129545},"slope":{"confidence_interval":{"confidence_level":0.95,"lower_bound":2.554090193381888,"upper_bound":2.554794184352469},"point_estimate":2.5544132401774564,"standard_error":0.00018018507384997827},"std_dev":{"confidence_interval":{"confidence_level":0.95,"lower_bound":0.0013429961391777572,"upper_bound":0.008273245975791705},"point_estimate":0.005070445861688119,"standard_error":0.002150801326114366}}