{"mean":{"confidence_interval":{"confidence_level":0.95,"lower_bound":30.800785496540783,"upper_bound":30.80845460337311},"point_estimate":30.804408191419824,"standard_error":0.0019532734710267312},"median":{"confidence_interval":{"confidence_level":0.95,"lower_bound":30.794690912484832,"upper_bound":30.797977598214043},"point_estimate":30.79611760865292,"standard_error":0.0007668723199066832},"median_abs_dev":{"confidence_interval":{"confidence_level":0.95,"lower_bound":0.004476054040814089,"upper_bound":0.009571112366875781},"point_estimate":0.006682230011625159,"standard_error":0.0013245510790903694},"slope":{"confidence_interval":{"confidence_level":0.95,"lower_bound":30.798681181992073,"upper_bound":30.80725548521571},"point_estimate":30.802754515055216,"standard_error":0.0021919577951070818},"std_dev":{"confidence_interval":{"confidence_level":0.95,"lower_bound":0.014358561779349131,"upper_bound":0.02473494205315036},"point_estimate":0.019627629760241228,"standard_error":0.002688804669977279}}