{"mean":{"confidence_interval":{"confidence_level":0.95,"lower_bound":-0.003544799320683112,"upper_bound":0.0003532085232940226},"point_estimate":-0.0013728028524072622,"standard_error":0.0010014024253854371},"median":{"confidence_interval":{"confidence_level":0.95,"lower_bound":-0.0003161524236169333,"upper_bound":0.0003348241383243078},"point_estimate":0.00008203963394182168,"standard_error":0.0001643837546687633}}