{"mean":{"confidence_interval":{"confidence_level":0.95,"lower_bound":-0.0017428334539252577,"upper_bound":0.00031309608542593457},"point_estimate":-0.0006204486830778677,"standard_error":0.0005268655002284367},"median":{"confidence_interval":{"confidence_level":0.95,"lower_bound":-0.0004894992264540374,"upper_bound":0.00017878442278540518},"point_estimate":-0.00014806717790472046,"standard_error":0.00017223458858394914}}