{"mean":{"confidence_interval":{"confidence_level":0.95,"lower_bound":-0.0003593516754088336,"upper_bound":0.001071737911299519},"point_estimate":0.00032045227304666746,"standard_error":0.00036252827891408864},"median":{"confidence_interval":{"confidence_level":0.95,"lower_bound":-0.00018913981697887827,"upper_bound":0.00035075848835153245},"point_estimate":0.00009010424321953536,"standard_error":0.00013095552405309086}}