{"mean":{"confidence_interval":{"confidence_level":0.95,"lower_bound":-0.000689193216402453,"upper_bound":0.0007752701354292511},"point_estimate":0.00004602223477001566,"standard_error":0.0003737241215066397},"median":{"confidence_interval":{"confidence_level":0.95,"lower_bound":-0.0002629429354476844,"upper_bound":0.00038593901688366294},"point_estimate":0.00008928930848783878,"standard_error":0.0001610525962699631}}