{"mean":{"confidence_interval":{"confidence_level":0.95,"lower_bound":4.6992620089865325,"upper_bound":4.700227497148612},"point_estimate":4.699709730752744,"standard_error":0.00024733391248228404},"median":{"confidence_interval":{"confidence_level":0.95,"lower_bound":4.698712085256936,"upper_bound":4.6991140642303435},"point_estimate":4.698907635072033,"standard_error":0.00009501109056034963},"median_abs_dev":{"confidence_interval":{"confidence_level":0.95,"lower_bound":0.0005038070288206203,"upper_bound":0.0010491933939797426},"point_estimate":0.0006803786940503015,"standard_error":0.000154024976680583},"slope":{"confidence_interval":{"confidence_level":0.95,"lower_bound":4.698952602847786,"upper_bound":4.700018834965751},"point_estimate":4.699429977509578,"standard_error":0.00027441795586985256},"std_dev":{"confidence_interval":{"confidence_level":0.95,"lower_bound":0.0015298586075933268,"upper_bound":0.003278624381324853},"point_estimate":0.002494986334275527,"standard_error":0.00044637814488464247}}