{"mean":{"confidence_interval":{"confidence_level":0.95,"lower_bound":-0.0007071809542625087,"upper_bound":0.0012362480915187042},"point_estimate":0.0002511999516570107,"standard_error":0.0004937069879282307},"median":{"confidence_interval":{"confidence_level":0.95,"lower_bound":-0.0002586851021174619,"upper_bound":0.0003772479224208869},"point_estimate":0.00009319163714960332,"standard_error":0.0001595649049318081}}