{"mean":{"confidence_interval":{"confidence_level":0.95,"lower_bound":-0.0016698945884194485,"upper_bound":0.0032279143516664426},"point_estimate":0.0007299257969461959,"standard_error":0.0012413470237576981},"median":{"confidence_interval":{"confidence_level":0.95,"lower_bound":-6.5450736734806725e-6,"upper_bound":0.0007633294738034202},"point_estimate":0.00042161073427005036,"standard_error":0.00019871689858734238}}