{"mean":{"confidence_interval":{"confidence_level":0.95,"lower_bound":-0.0077741255666513185,"upper_bound":-0.00028606817227651423},"point_estimate":-0.003094396607425276,"standard_error":0.0020687283317993403},"median":{"confidence_interval":{"confidence_level":0.95,"lower_bound":-0.0002665833394700501,"upper_bound":0.0001642960036667418},"point_estimate":-0.00003399156101657752,"standard_error":0.00011300061809166853}}