{"mean":{"confidence_interval":{"confidence_level":0.95,"lower_bound":2.4283830431741085,"upper_bound":2.4288800182774657},"point_estimate":2.428617953189961,"standard_error":0.0001274347561156018},"median":{"confidence_interval":{"confidence_level":0.95,"lower_bound":2.4280253309551947,"upper_bound":2.42820523878762},"point_estimate":2.4280780735185,"standard_error":0.000045160549417201595},"median_abs_dev":{"confidence_interval":{"confidence_level":0.95,"lower_bound":0.00023625518919517439,"upper_bound":0.00048091366884565943},"point_estimate":0.00032354382847860904,"standard_error":0.00005992835229498877},"slope":{"confidence_interval":{"confidence_level":0.95,"lower_bound":2.4282372063396935,"upper_bound":2.428733934537209},"point_estimate":2.4284595070377097,"standard_error":0.00012757071793898837},"std_dev":{"confidence_interval":{"confidence_level":0.95,"lower_bound":0.0009439796216120938,"upper_bound":0.0015544598205071293},"point_estimate":0.0012804946518637774,"standard_error":0.00015616671697048668}}