{"mean":{"confidence_interval":{"confidence_level":0.95,"lower_bound":-0.010276814589927744,"upper_bound":0.0002784963632162615},"point_estimate":-0.005043120977284654,"standard_error":0.002674944666742369},"median":{"confidence_interval":{"confidence_level":0.95,"lower_bound":-0.0010541405451532815,"upper_bound":-0.00023695999497608256},"point_estimate":-0.0006673165673889425,"standard_error":0.00021755395820724518}}