{"mean":{"confidence_interval":{"confidence_level":0.95,"lower_bound":-0.0021857976716388805,"upper_bound":0.006924345718916639},"point_estimate":0.001762844081619086,"standard_error":0.0023193313113797167},"median":{"confidence_interval":{"confidence_level":0.95,"lower_bound":-0.0008163075109199891,"upper_bound":-0.000027818605287444065},"point_estimate":-0.0003648042172861299,"standard_error":0.0001935735386109286}}