{"mean":{"confidence_interval":{"confidence_level":0.95,"lower_bound":9.578310536593857,"upper_bound":9.580497693759122},"point_estimate":9.579325924748208,"standard_error":0.0005603989818107543},"median":{"confidence_interval":{"confidence_level":0.95,"lower_bound":9.57692380465838,"upper_bound":9.578185775644197},"point_estimate":9.57754435819568,"standard_error":0.0003113476174878227},"median_abs_dev":{"confidence_interval":{"confidence_level":0.95,"lower_bound":0.0014863610952896224,"upper_bound":0.002802757836120022},"point_estimate":0.002039990581134745,"standard_error":0.00031739758676923495},"slope":{"confidence_interval":{"confidence_level":0.95,"lower_bound":9.577661020751224,"upper_bound":9.580638767964775},"point_estimate":9.578918818022514,"standard_error":0.0007726699985030313},"std_dev":{"confidence_interval":{"confidence_level":0.95,"lower_bound":0.0035224113320647447,"upper_bound":0.007443179697800675},"point_estimate":0.0056288105193282026,"standard_error":0.0010050109216970125}}