{"mean":{"confidence_interval":{"confidence_level":0.95,"lower_bound":-0.032125585812143684,"upper_bound":-0.022703946346593153},"point_estimate":-0.028029744416156466,"standard_error":0.002400007996859023},"median":{"confidence_interval":{"confidence_level":0.95,"lower_bound":-0.029842289405207723,"upper_bound":-0.029131053081210112},"point_estimate":-0.029392575650071473,"standard_error":0.00019293392700601696}}