{"mean":{"confidence_interval":{"confidence_level":0.95,"lower_bound":14.473054635148177,"upper_bound":14.479503474544508},"point_estimate":14.47558531552176,"standard_error":0.0017169407446896634},"median":{"confidence_interval":{"confidence_level":0.95,"lower_bound":14.471008049378835,"upper_bound":14.472168203207529},"point_estimate":14.471563552096669,"standard_error":0.0003323390177011857},"median_abs_dev":{"confidence_interval":{"confidence_level":0.95,"lower_bound":0.0013301776126112194,"upper_bound":0.0027502406512842897},"point_estimate":0.001990666933924511,"standard_error":0.00038895026518002},"slope":{"confidence_interval":{"confidence_level":0.95,"lower_bound":14.472969701289138,"upper_bound":14.475921528013156},"point_estimate":14.474389828074514,"standard_error":0.0007525613412676186},"std_dev":{"confidence_interval":{"confidence_level":0.95,"lower_bound":0.00498727570712633,"upper_bound":0.028383497353313303},"point_estimate":0.017280333297741656,"standard_error":0.007703555780401096}}