{"mean":{"confidence_interval":{"confidence_level":0.95,"lower_bound":0.07671218633005542,"upper_bound":0.09010234940869587},"point_estimate":0.0835389264073847,"standard_error":0.0033889603597605377},"median":{"confidence_interval":{"confidence_level":0.95,"lower_bound":0.08292026574054145,"upper_bound":0.08459781833092284},"point_estimate":0.08379428456221438,"standard_error":0.0004085163282742282}}