{"mean":{"confidence_interval":{"confidence_level":0.95,"lower_bound":3.0184807469756736,"upper_bound":3.0319132218284963},"point_estimate":3.0249674134272646,"standard_error":0.0034411385857099097},"median":{"confidence_interval":{"confidence_level":0.95,"lower_bound":3.0096746924368416,"upper_bound":3.0245881983586327},"point_estimate":3.0159300586249636,"standard_error":0.004016929015303274},"median_abs_dev":{"confidence_interval":{"confidence_level":0.95,"lower_bound":0.0213732013121818,"upper_bound":0.037967106388027846},"point_estimate":0.028141443378591237,"standard_error":0.004381609591243873},"slope":{"confidence_interval":{"confidence_level":0.95,"lower_bound":3.0085264749836282,"upper_bound":3.020069627813891},"point_estimate":3.013951150658915,"standard_error":0.0029437553340061623},"std_dev":{"confidence_interval":{"confidence_level":0.95,"lower_bound":0.027776736310227004,"upper_bound":0.04178997443246763},"point_estimate":0.03473574464011532,"standard_error":0.003614300135577648}}