{"mean":{"confidence_interval":{"confidence_level":0.95,"lower_bound":-0.006027038246399208,"upper_bound":0.006226863008973554},"point_estimate":-0.00024094215731718105,"standard_error":0.003105236402540387},"median":{"confidence_interval":{"confidence_level":0.95,"lower_bound":-0.0012098626148069336,"upper_bound":0.0004176067735419675},"point_estimate":-0.00031210197275455265,"standard_error":0.000413333635395908}}