{"mean":{"confidence_interval":{"confidence_level":0.95,"lower_bound":13.86715372085378,"upper_bound":13.888330381242792},"point_estimate":13.876737929526,"standard_error":0.0054316561413087034},"median":{"confidence_interval":{"confidence_level":0.95,"lower_bound":13.861259807563648,"upper_bound":13.871432495475588},"point_estimate":13.865681555371498,"standard_error":0.0025298491965431227},"median_abs_dev":{"confidence_interval":{"confidence_level":0.95,"lower_bound":0.019626765376190656,"upper_bound":0.030874913713464888},"point_estimate":0.02637271532921437,"standard_error":0.0029025460626981724},"slope":{"confidence_interval":{"confidence_level":0.95,"lower_bound":13.860495919264888,"upper_bound":13.869413417010646},"point_estimate":13.864896694380693,"standard_error":0.0022762760089453824},"std_dev":{"confidence_interval":{"confidence_level":0.95,"lower_bound":0.02981872526338988,"upper_bound":0.07612368959938075},"point_estimate":0.054653151148461976,"standard_error":0.011875090753491382}}