{"mean":{"confidence_interval":{"confidence_level":0.95,"lower_bound":0.1211874427933694,"upper_bound":0.12339187344027665},"point_estimate":0.12234126868328343,"standard_error":0.0005633221885049801},"median":{"confidence_interval":{"confidence_level":0.95,"lower_bound":0.1221549418090051,"upper_bound":0.12306164361922445},"point_estimate":0.12255339164378687,"standard_error":0.00022980799340949933}}