{"mean":{"confidence_interval":{"confidence_level":0.95,"lower_bound":0.27943079720393044,"upper_bound":0.3034285928206004},"point_estimate":0.2930689727894311,"standard_error":0.006196376308777177},"median":{"confidence_interval":{"confidence_level":0.95,"lower_bound":0.3100426377184542,"upper_bound":0.3141666242607406},"point_estimate":0.31266501850493933,"standard_error":0.0011271768219657224}}