{"mean":{"confidence_interval":{"confidence_level":0.95,"lower_bound":-0.001991589038780258,"upper_bound":0.0011543313613622819},"point_estimate":-0.00023646341368788182,"standard_error":0.0007980205521737891},"median":{"confidence_interval":{"confidence_level":0.95,"lower_bound":-0.0004988999741141751,"upper_bound":0.00018580912520449466},"point_estimate":-0.00010293848990727827,"standard_error":0.000172711766942656}}