{"mean":{"confidence_interval":{"confidence_level":0.95,"lower_bound":3.587197915614715,"upper_bound":3.588097226156201},"point_estimate":3.587614419032286,"standard_error":0.0002301043199879657},"median":{"confidence_interval":{"confidence_level":0.95,"lower_bound":3.5867522405151826,"upper_bound":3.5868627713895362},"point_estimate":3.5867968774514356,"standard_error":0.0000302756101645209},"median_abs_dev":{"confidence_interval":{"confidence_level":0.95,"lower_bound":0.000201951073237378,"upper_bound":0.00044408803273965694},"point_estimate":0.00030082803932361647,"standard_error":0.00006226497821657281},"slope":{"confidence_interval":{"confidence_level":0.95,"lower_bound":3.587315611899033,"upper_bound":3.588679528208636},"point_estimate":3.587945454596682,"standard_error":0.0003494655708066047},"std_dev":{"confidence_interval":{"confidence_level":0.95,"lower_bound":0.0015098325969335705,"upper_bound":0.0029890630684050214},"point_estimate":0.00230754141576172,"standard_error":0.0003782993792091539}}