{"mean":{"confidence_interval":{"confidence_level":0.95,"lower_bound":-0.0027569245499825083,"upper_bound":0.004921283474651476},"point_estimate":0.0010767023483633231,"standard_error":0.0019671021991385317},"median":{"confidence_interval":{"confidence_level":0.95,"lower_bound":-0.004683147297568135,"upper_bound":0.0008380925597015754},"point_estimate":-0.0007760815961532774,"standard_error":0.001530024677622145}}