{"mean":{"confidence_interval":{"confidence_level":0.95,"lower_bound":-0.00366032010121748,"upper_bound":0.006056589645426674},"point_estimate":0.0010418487985464076,"standard_error":0.0024867132827070255},"median":{"confidence_interval":{"confidence_level":0.95,"lower_bound":-0.004306821808648942,"upper_bound":0.003700414542352776},"point_estimate":-0.00002034665509975664,"standard_error":0.002049048347012308}}