{"mean":{"confidence_interval":{"confidence_level":0.95,"lower_bound":-0.0354033980678083,"upper_bound":-0.0056692544396070785},"point_estimate":-0.01932060634092303,"standard_error":0.0076295125070312084},"median":{"confidence_interval":{"confidence_level":0.95,"lower_bound":-0.0016129643023098993,"upper_bound":0.0021179185839119707},"point_estimate":0.0003172141120320049,"standard_error":0.0009652284101552216}}