{"mean":{"confidence_interval":{"confidence_level":0.95,"lower_bound":0.14605632947658817,"upper_bound":0.1653426831169893},"point_estimate":0.15642180491087454,"standard_error":0.004915235906893219},"median":{"confidence_interval":{"confidence_level":0.95,"lower_bound":0.15949384669493516,"upper_bound":0.17602181980572773},"point_estimate":0.1684495476414456,"standard_error":0.004089961497528838}}