{"mean":{"confidence_interval":{"confidence_level":0.95,"lower_bound":0.003149154599603038,"upper_bound":0.016106889845259955},"point_estimate":0.009581824603826394,"standard_error":0.0033070561988048177},"median":{"confidence_interval":{"confidence_level":0.95,"lower_bound":-0.005708350008892471,"upper_bound":0.008462631322242009},"point_estimate":0.002253748293659985,"standard_error":0.003463881817038526}}