{"mean":{"confidence_interval":{"confidence_level":0.95,"lower_bound":-0.0019358400390439288,"upper_bound":0.0014668043290141134},"point_estimate":-0.0005069306534625229,"standard_error":0.0008716473926409572},"median":{"confidence_interval":{"confidence_level":0.95,"lower_bound":-0.0011019927995898904,"upper_bound":-0.000026419650616671397},"point_estimate":-0.00044478769004241414,"standard_error":0.000259478663420429}}