{"mean":{"confidence_interval":{"confidence_level":0.95,"lower_bound":0.002773110431805953,"upper_bound":0.016644808263508854},"point_estimate":0.010532268857239124,"standard_error":0.003546452706692333},"median":{"confidence_interval":{"confidence_level":0.95,"lower_bound":0.011542189341212428,"upper_bound":0.01887436985128832},"point_estimate":0.014823055695638576,"standard_error":0.0018100901626104699}}