{"mean":{"confidence_interval":{"confidence_level":0.95,"lower_bound":-0.006989334670379326,"upper_bound":0.0016809434719843193},"point_estimate":-0.001659129390145453,"standard_error":0.0023183277133261627},"median":{"confidence_interval":{"confidence_level":0.95,"lower_bound":-0.00022375993854395482,"upper_bound":0.00048244869138899164},"point_estimate":0.0000717580642153326,"standard_error":0.00018560052255869674}}