{"mean":{"confidence_interval":{"confidence_level":0.95,"lower_bound":-0.00031444657908466224,"upper_bound":0.012817359670170288},"point_estimate":0.005108654651688305,"standard_error":0.003393604453696088},"median":{"confidence_interval":{"confidence_level":0.95,"lower_bound":-0.0005208843256758744,"upper_bound":0.0003824987205633956},"point_estimate":-0.0000701569748529085,"standard_error":0.00023403000954531087}}