{"mean":{"confidence_interval":{"confidence_level":0.95,"lower_bound":-0.007480004704398776,"upper_bound":0.0006319369526478489},"point_estimate":-0.002690696437752438,"standard_error":0.0021305435289791304},"median":{"confidence_interval":{"confidence_level":0.95,"lower_bound":-0.0006391235813464347,"upper_bound":-0.00009224120200268526},"point_estimate":-0.0002982746750048726,"standard_error":0.00014107975202758477}}