{"mean":{"confidence_interval":{"confidence_level":0.95,"lower_bound":5.232100134120163,"upper_bound":5.23857915328342},"point_estimate":5.235171168163154,"standard_error":0.0016618818048909731},"median":{"confidence_interval":{"confidence_level":0.95,"lower_bound":5.230738617432556,"upper_bound":5.233761701353849},"point_estimate":5.231878071475959,"standard_error":0.0007951806984495366},"median_abs_dev":{"confidence_interval":{"confidence_level":0.95,"lower_bound":0.004852272725265989,"upper_bound":0.008195609758297806},"point_estimate":0.006543972592085034,"standard_error":0.0008351664758651314},"slope":{"confidence_interval":{"confidence_level":0.95,"lower_bound":5.232899896138411,"upper_bound":5.240391363065371},"point_estimate":5.236118704241217,"standard_error":0.00194094169328943},"std_dev":{"confidence_interval":{"confidence_level":0.95,"lower_bound":0.011555447319023651,"upper_bound":0.02134408657082809},"point_estimate":0.016650669884634078,"standard_error":0.0025051003044959026}}