{"mean":{"confidence_interval":{"confidence_level":0.95,"lower_bound":0.0005266341031877125,"upper_bound":0.007331391826853087},"point_estimate":0.003628214804899832,"standard_error":0.0018161972448197364},"median":{"confidence_interval":{"confidence_level":0.95,"lower_bound":-0.00027296534850518306,"upper_bound":0.0003754128514360251},"point_estimate":0.000020568465729731145,"standard_error":0.00016827756833361852}}