{"mean":{"confidence_interval":{"confidence_level":0.95,"lower_bound":-0.19144890486786967,"upper_bound":-0.18472120331450098},"point_estimate":-0.18815984476292003,"standard_error":0.001687761984931579},"median":{"confidence_interval":{"confidence_level":0.95,"lower_bound":-0.18841147561676264,"upper_bound":-0.18788522198398871},"point_estimate":-0.1881251937247037,"standard_error":0.00012761949029714258}}