{"mean":{"confidence_interval":{"confidence_level":0.95,"lower_bound":-0.0006975949968300364,"upper_bound":0.0008846784592409394},"point_estimate":0.00006743802341535599,"standard_error":0.0004050702458510344},"median":{"confidence_interval":{"confidence_level":0.95,"lower_bound":-0.0004798840309948593,"upper_bound":0.00011256887856436748},"point_estimate":-0.0001946417290064062,"standard_error":0.00015328569534041957}}