{"mean":{"confidence_interval":{"confidence_level":0.95,"lower_bound":-0.011831754286554223,"upper_bound":0.0007070078169240653},"point_estimate":-0.004364118782074433,"standard_error":0.0033300414911911773},"median":{"confidence_interval":{"confidence_level":0.95,"lower_bound":-0.0003854714014192018,"upper_bound":0.00032588306715353177},"point_estimate":-0.00004934911732867864,"standard_error":0.00018641970353916907}}