{"mean":{"confidence_interval":{"confidence_level":0.95,"lower_bound":-0.0007473563805946715,"upper_bound":0.0007310241172287067},"point_estimate":1.1829915564920412e-6,"standard_error":0.000377257816236125},"median":{"confidence_interval":{"confidence_level":0.95,"lower_bound":-0.00013095483422342902,"upper_bound":0.000479745282411459},"point_estimate":0.00017937015131286316,"standard_error":0.00014958043304430909}}