{"mean":{"confidence_interval":{"confidence_level":0.95,"lower_bound":-0.0027142163619001203,"upper_bound":0.0050756795682349734},"point_estimate":0.0008822780736315039,"standard_error":0.0020066363951398583},"median":{"confidence_interval":{"confidence_level":0.95,"lower_bound":-0.0003126867435764291,"upper_bound":0.0004271947308582624},"point_estimate":0.000014421439002321179,"standard_error":0.00018875057873528792}}