{"mean":{"confidence_interval":{"confidence_level":0.95,"lower_bound":2.252221199362159,"upper_bound":2.2531465244086326},"point_estimate":2.2526829820711227,"standard_error":0.000236490572943566},"median":{"confidence_interval":{"confidence_level":0.95,"lower_bound":2.2522902867317223,"upper_bound":2.25307043517846},"point_estimate":2.252662242218699,"standard_error":0.0002022910514547089},"median_abs_dev":{"confidence_interval":{"confidence_level":0.95,"lower_bound":0.001602262434494311,"upper_bound":0.0025556575597918585},"point_estimate":0.002161911313388061,"standard_error":0.00024198152524423146},"slope":{"confidence_interval":{"confidence_level":0.95,"lower_bound":2.2522711782869984,"upper_bound":2.253212583946403},"point_estimate":2.2527335257996475,"standard_error":0.00023937174713926533},"std_dev":{"confidence_interval":{"confidence_level":0.95,"lower_bound":0.0019897692802781737,"upper_bound":0.002742330772871465},"point_estimate":0.0023842402204388483,"standard_error":0.00019238071936879877}}