{"mean":{"confidence_interval":{"confidence_level":0.95,"lower_bound":6.984578587080107,"upper_bound":7.031653342048541},"point_estimate":7.005197495179122,"standard_error":0.012109736141149413},"median":{"confidence_interval":{"confidence_level":0.95,"lower_bound":6.9663358763520415,"upper_bound":6.97046822854351},"point_estimate":6.9675838593111425,"standard_error":0.0013238554444197144},"median_abs_dev":{"confidence_interval":{"confidence_level":0.95,"lower_bound":0.00617688218233628,"upper_bound":0.013584003989293165},"point_estimate":0.008028378198256381,"standard_error":0.0019940698058023383},"slope":{"confidence_interval":{"confidence_level":0.95,"lower_bound":6.969251683837093,"upper_bound":7.001826334139794},"point_estimate":6.981471747829762,"standard_error":0.008750332808317152},"std_dev":{"confidence_interval":{"confidence_level":0.95,"lower_bound":0.05156208186443325,"upper_bound":0.18340627783768046},"point_estimate":0.12157959052113804,"standard_error":0.03506047603605209}}