{"mean":{"confidence_interval":{"confidence_level":0.95,"lower_bound":1.9159430473034045,"upper_bound":1.9171185550976084},"point_estimate":1.9164497385709505,"standard_error":0.00030350962312393926},"median":{"confidence_interval":{"confidence_level":0.95,"lower_bound":1.915326705758277,"upper_bound":1.9155572757860322},"point_estimate":1.9154058629255117,"standard_error":0.00006052730151096122},"median_abs_dev":{"confidence_interval":{"confidence_level":0.95,"lower_bound":0.00019863055868295072,"upper_bound":0.0005737371759246376},"point_estimate":0.0003457840509850734,"standard_error":0.00010555353033483252},"slope":{"confidence_interval":{"confidence_level":0.95,"lower_bound":1.9156709931454785,"upper_bound":1.916237186234187},"point_estimate":1.9159327149903032,"standard_error":0.0001450851794514377},"std_dev":{"confidence_interval":{"confidence_level":0.95,"lower_bound":0.0012566484476134797,"upper_bound":0.004684707461992664},"point_estimate":0.003057955765445828,"standard_error":0.0009474048191937446}}