{"mean":{"confidence_interval":{"confidence_level":0.95,"lower_bound":3.4067938784230574,"upper_bound":3.4074686742063554},"point_estimate":3.4071011435733825,"standard_error":0.0001736880382208442},"median":{"confidence_interval":{"confidence_level":0.95,"lower_bound":3.4063173182240982,"upper_bound":3.4069523003454303},"point_estimate":3.4067998218425535,"standard_error":0.00015685958148766707},"median_abs_dev":{"confidence_interval":{"confidence_level":0.95,"lower_bound":0.0005610530322039661,"upper_bound":0.0010771118663175474},"point_estimate":0.0009451946154693032,"standard_error":0.00013718053128329336},"slope":{"confidence_interval":{"confidence_level":0.95,"lower_bound":3.4064945526567114,"upper_bound":3.407321261891497},"point_estimate":3.4068737121856296,"standard_error":0.00021263047374180168},"std_dev":{"confidence_interval":{"confidence_level":0.95,"lower_bound":0.0010032336239649319,"upper_bound":0.002486825011153064},"point_estimate":0.0017454270956112129,"standard_error":0.0004057815730421472}}