{"mean":{"confidence_interval":{"confidence_level":0.95,"lower_bound":0.014108594871883207,"upper_bound":0.020310944976954758},"point_estimate":0.017467906055530058,"standard_error":0.0015834888182056984},"median":{"confidence_interval":{"confidence_level":0.95,"lower_bound":0.016389698722684587,"upper_bound":0.020748814222370626},"point_estimate":0.018122291026331228,"standard_error":0.001294649983496809}}