{"mean":{"confidence_interval":{"confidence_level":0.95,"lower_bound":-0.0012543316417558121,"upper_bound":0.0009043508511927641},"point_estimate":-0.00016015750487796687,"standard_error":0.000550848599401465},"median":{"confidence_interval":{"confidence_level":0.95,"lower_bound":-0.00032167892388501595,"upper_bound":0.0005677550064902004},"point_estimate":0.00006758305260623487,"standard_error":0.0002320054036143327}}