{"mean":{"confidence_interval":{"confidence_level":0.95,"lower_bound":0.11223231454898214,"upper_bound":0.1293248752658873},"point_estimate":0.12177014229008964,"standard_error":0.004394582342525036},"median":{"confidence_interval":{"confidence_level":0.95,"lower_bound":0.13266982212235745,"upper_bound":0.13355729327434607},"point_estimate":0.13305150936764387,"standard_error":0.00022819212545112795}}