{"mean":{"confidence_interval":{"confidence_level":0.95,"lower_bound":-0.0007183879312472274,"upper_bound":0.0010001871437541996},"point_estimate":0.00014203567866832856,"standard_error":0.0004327924461486175},"median":{"confidence_interval":{"confidence_level":0.95,"lower_bound":-0.00006919710381647626,"upper_bound":0.0007312095643978722},"point_estimate":0.0003590129439108303,"standard_error":0.00020118232605982598}}