{"mean":{"confidence_interval":{"confidence_level":0.95,"lower_bound":8.213104299428004,"upper_bound":8.273426928726188},"point_estimate":8.238767473037619,"standard_error":0.0156066321622536},"median":{"confidence_interval":{"confidence_level":0.95,"lower_bound":8.195410086588439,"upper_bound":8.198603745442492},"point_estimate":8.196410019362883,"standard_error":0.000750451442445047},"median_abs_dev":{"confidence_interval":{"confidence_level":0.95,"lower_bound":0.006421489051557386,"upper_bound":0.012810151314257603},"point_estimate":0.008796686640972292,"standard_error":0.0015481705669637936},"slope":{"confidence_interval":{"confidence_level":0.95,"lower_bound":8.19920171361105,"upper_bound":8.226694158800257},"point_estimate":8.210390054113827,"standard_error":0.007154018294931072},"std_dev":{"confidence_interval":{"confidence_level":0.95,"lower_bound":0.05299277613789313,"upper_bound":0.2459273264295545},"point_estimate":0.15718123610811321,"standard_error":0.052859365265010526}}