{"mean":{"confidence_interval":{"confidence_level":0.95,"lower_bound":10.105118072892328,"upper_bound":10.109816354303826},"point_estimate":10.107256253804293,"standard_error":0.0012019480438974041},"median":{"confidence_interval":{"confidence_level":0.95,"lower_bound":10.103023032189405,"upper_bound":10.105448144105459},"point_estimate":10.104438484675129,"standard_error":0.0006925551830865446},"median_abs_dev":{"confidence_interval":{"confidence_level":0.95,"lower_bound":0.0036896805100134606,"upper_bound":0.006720549404772807},"point_estimate":0.005066568756163482,"standard_error":0.0007952755447802821},"slope":{"confidence_interval":{"confidence_level":0.95,"lower_bound":10.105491171711222,"upper_bound":10.109266839268132},"point_estimate":10.10731585661274,"standard_error":0.0009624542368445349},"std_dev":{"confidence_interval":{"confidence_level":0.95,"lower_bound":0.006743560380889825,"upper_bound":0.01701194839732142},"point_estimate":0.012063605148430696,"standard_error":0.002697899571904306}}