{"mean":{"confidence_interval":{"confidence_level":0.95,"lower_bound":-0.015397975809470579,"upper_bound":0.0056527345265102264},"point_estimate":-0.00396624461252737,"standard_error":0.005356008983306155},"median":{"confidence_interval":{"confidence_level":0.95,"lower_bound":-0.0004943459971166186,"upper_bound":0.0005857464324696693},"point_estimate":-0.000015408672494943154,"standard_error":0.0002724083174884069}}