{"mean":{"confidence_interval":{"confidence_level":0.95,"lower_bound":2.129366231217816,"upper_bound":2.1302223591021066},"point_estimate":2.1297290293378346,"standard_error":0.00022103216408377868},"median":{"confidence_interval":{"confidence_level":0.95,"lower_bound":2.1290402561761943,"upper_bound":2.1295276932948104},"point_estimate":2.129299130495477,"standard_error":0.0001365041760038955},"median_abs_dev":{"confidence_interval":{"confidence_level":0.95,"lower_bound":0.0007411294510406486,"upper_bound":0.001249471724169667},"point_estimate":0.0009721040748962328,"standard_error":0.0001250193833641195},"slope":{"confidence_interval":{"confidence_level":0.95,"lower_bound":2.1292764101990334,"upper_bound":2.1297564329593555},"point_estimate":2.1295145841974366,"standard_error":0.0001224148854630911},"std_dev":{"confidence_interval":{"confidence_level":0.95,"lower_bound":0.0009776573904706127,"upper_bound":0.0034732371111164226},"point_estimate":0.0022244198091282085,"standard_error":0.0007758800098480209}}