{"mean":{"confidence_interval":{"confidence_level":0.95,"lower_bound":-0.00707794621500509,"upper_bound":-0.0005009720477405199},"point_estimate":-0.003239501571411285,"standard_error":0.001710407238156429},"median":{"confidence_interval":{"confidence_level":0.95,"lower_bound":-0.0006327412450634062,"upper_bound":0.0001570063302545055},"point_estimate":-0.0001479750956902004,"standard_error":0.00020665195458149214}}