{"mean":{"confidence_interval":{"confidence_level":0.95,"lower_bound":-0.0006192384761439871,"upper_bound":0.0017968093056584921},"point_estimate":0.0005364637226676905,"standard_error":0.0006146464253330633},"median":{"confidence_interval":{"confidence_level":0.95,"lower_bound":-0.0009567313192947458,"upper_bound":0.002014838255878147},"point_estimate":0.00025311461817878467,"standard_error":0.0007810583576996516}}