{"mean":{"confidence_interval":{"confidence_level":0.95,"lower_bound":-0.05574914888094562,"upper_bound":-0.04505596825491053},"point_estimate":-0.050561209059862056,"standard_error":0.0027292674071023406},"median":{"confidence_interval":{"confidence_level":0.95,"lower_bound":-0.053589392434050476,"upper_bound":-0.048741574429232784},"point_estimate":-0.05049170387078494,"standard_error":0.0012090300622307028}}