{"mean":{"confidence_interval":{"confidence_level":0.95,"lower_bound":3.1934409738842393,"upper_bound":3.194161469940339},"point_estimate":3.1937476761187096,"standard_error":0.00018642465881390672},"median":{"confidence_interval":{"confidence_level":0.95,"lower_bound":3.1931953822547046,"upper_bound":3.193319567448972},"point_estimate":3.1932493441221474,"standard_error":0.00003348650272618225},"median_abs_dev":{"confidence_interval":{"confidence_level":0.95,"lower_bound":0.00013700835565832748,"upper_bound":0.00026235548211920494},"point_estimate":0.00018234010016256145,"standard_error":0.00003202683309449577},"slope":{"confidence_interval":{"confidence_level":0.95,"lower_bound":3.193289281003346,"upper_bound":3.1938266481531095},"point_estimate":3.1935213031672895,"standard_error":0.0001388075676025727},"std_dev":{"confidence_interval":{"confidence_level":0.95,"lower_bound":0.0007671920520685965,"upper_bound":0.0028829343246060887},"point_estimate":0.0018648709303256935,"standard_error":0.0006129113417044916}}