{"mean":{"confidence_interval":{"confidence_level":0.95,"lower_bound":-0.002044673723413564,"upper_bound":0.0007996448690189395},"point_estimate":-0.0003804859993763454,"standard_error":0.000738897352338828},"median":{"confidence_interval":{"confidence_level":0.95,"lower_bound":-0.0003192379671949075,"upper_bound":0.0004228530777488082},"point_estimate":0.0001243575201494984,"standard_error":0.000195402129318955}}