{"mean":{"confidence_interval":{"confidence_level":0.95,"lower_bound":-0.0067524867621703314,"upper_bound":0.04555071175210898},"point_estimate":0.01183538296136133,"standard_error":0.01327636374898732},"median":{"confidence_interval":{"confidence_level":0.95,"lower_bound":-0.00036679450684273807,"upper_bound":0.0005933930941677268},"point_estimate":0.00010455992540792103,"standard_error":0.00022825977874353214}}