{"mean":{"confidence_interval":{"confidence_level":0.95,"lower_bound":0.0007419662564179642,"upper_bound":0.01295672962432731},"point_estimate":0.005676791624563471,"standard_error":0.0030252066428989245},"median":{"confidence_interval":{"confidence_level":0.95,"lower_bound":-0.0004536776158157174,"upper_bound":0.0001919469880167022},"point_estimate":-0.00013354469862147944,"standard_error":0.00016719233746969984}}