{"mean":{"confidence_interval":{"confidence_level":0.95,"lower_bound":0.002452974532657627,"upper_bound":0.014730550332315392},"point_estimate":0.007531149336444276,"standard_error":0.0032629977667236465},"median":{"confidence_interval":{"confidence_level":0.95,"lower_bound":-0.0002735425162117,"upper_bound":0.0006796913997235698},"point_estimate":0.00016184596142854168,"standard_error":0.0002414970825292692}}