{"mean":{"confidence_interval":{"confidence_level":0.95,"lower_bound":-0.2873967720900948,"upper_bound":-0.27940086596727837},"point_estimate":-0.2836330885325379,"standard_error":0.0020185152956940637},"median":{"confidence_interval":{"confidence_level":0.95,"lower_bound":-0.285788631477087,"upper_bound":-0.2794717810041907},"point_estimate":-0.2827262328468584,"standard_error":0.00175267065930026}}