{"mean":{"confidence_interval":{"confidence_level":0.95,"lower_bound":6.225404705964858,"upper_bound":6.2473025809646},"point_estimate":6.236819904747534,"standard_error":0.005585761765139341},"median":{"confidence_interval":{"confidence_level":0.95,"lower_bound":6.244104862015558,"upper_bound":6.26698089033955},"point_estimate":6.250493015393907,"standard_error":0.004776006106434974},"median_abs_dev":{"confidence_interval":{"confidence_level":0.95,"lower_bound":0.0252083598969287,"upper_bound":0.049954201473785424},"point_estimate":0.04030854501565859,"standard_error":0.005346454677086521},"slope":{"confidence_interval":{"confidence_level":0.95,"lower_bound":6.239280523327945,"upper_bound":6.254649524998474},"point_estimate":6.247138370794301,"standard_error":0.00392451034246707},"std_dev":{"confidence_interval":{"confidence_level":0.95,"lower_bound":0.04304236306285259,"upper_bound":0.06765224766102214},"point_estimate":0.05631352795796106,"standard_error":0.006288167458385343}}