{"mean":{"confidence_interval":{"confidence_level":0.95,"lower_bound":-0.008370073778649555,"upper_bound":0.005042256996868404},"point_estimate":-0.002944257334549394,"standard_error":0.003257095275607144},"median":{"confidence_interval":{"confidence_level":0.95,"lower_bound":-0.01021708656365583,"upper_bound":-0.008631719958981487},"point_estimate":-0.009376749408735341,"standard_error":0.0004257029763377256}}