{"mean":{"confidence_interval":{"confidence_level":0.95,"lower_bound":0.03211113398162729,"upper_bound":0.04348372473240368},"point_estimate":0.03748778731577418,"standard_error":0.0028703526814167187},"median":{"confidence_interval":{"confidence_level":0.95,"lower_bound":0.030220727324265395,"upper_bound":0.038003192082003666},"point_estimate":0.03502241398932737,"standard_error":0.002266036438747592}}