{"mean":{"confidence_interval":{"confidence_level":0.95,"lower_bound":9.154289138763888,"upper_bound":9.156857490258693},"point_estimate":9.155366876913307,"standard_error":0.0006662953908597724},"median":{"confidence_interval":{"confidence_level":0.95,"lower_bound":9.153755283142903,"upper_bound":9.153979878680278},"point_estimate":9.153861653225247,"standard_error":0.00005477657070421023},"median_abs_dev":{"confidence_interval":{"confidence_level":0.95,"lower_bound":0.00036480766998859567,"upper_bound":0.0007091401153878554},"point_estimate":0.0005302542114190846,"standard_error":0.00008538210631064516},"slope":{"confidence_interval":{"confidence_level":0.95,"lower_bound":9.154150840947624,"upper_bound":9.155795688085774},"point_estimate":9.154883418663626,"standard_error":0.0004234178415559429},"std_dev":{"confidence_interval":{"confidence_level":0.95,"lower_bound":0.0022820416521717106,"upper_bound":0.01054091743037928},"point_estimate":0.006687470335331963,"standard_error":0.002349185900207286}}