{"mean":{"confidence_interval":{"confidence_level":0.95,"lower_bound":-0.0010328052979473087,"upper_bound":0.0005764177022550941},"point_estimate":-0.00018789106819494528,"standard_error":0.00039915591627015735},"median":{"confidence_interval":{"confidence_level":0.95,"lower_bound":-0.00017317947719630578,"upper_bound":-0.00003212551104869732},"point_estimate":-0.00010784200557845125,"standard_error":0.00003571522084102755}}