{"mean":{"confidence_interval":{"confidence_level":0.95,"lower_bound":-0.011556924527738209,"upper_bound":0.005519974088109824},"point_estimate":-0.0033840106644651424,"standard_error":0.004384343488498968},"median":{"confidence_interval":{"confidence_level":0.95,"lower_bound":-0.025261433861262672,"upper_bound":0.01699641180740552},"point_estimate":-0.009161996149136709,"standard_error":0.009646042112164042}}