{"mean":{"confidence_interval":{"confidence_level":0.95,"lower_bound":-0.009615529559871418,"upper_bound":-0.0005810918316006637},"point_estimate":-0.004023534019342412,"standard_error":0.0024412795447664296},"median":{"confidence_interval":{"confidence_level":0.95,"lower_bound":-0.00012549777117354388,"upper_bound":0.0008126121061131641},"point_estimate":0.00024740216896312894,"standard_error":0.00024109630626484345}}