{"mean":{"confidence_interval":{"confidence_level":0.95,"lower_bound":-0.018699784092752428,"upper_bound":0.007684375607036381},"point_estimate":-0.005068541820331229,"standard_error":0.006749875413757767},"median":{"confidence_interval":{"confidence_level":0.95,"lower_bound":-0.008067831005685904,"upper_bound":0.02095803416781794},"point_estimate":0.0065338234394647365,"standard_error":0.00749291195357627}}