{"mean":{"confidence_interval":{"confidence_level":0.95,"lower_bound":10.05532915486821,"upper_bound":10.133774585942037},"point_estimate":10.085752879048783,"standard_error":0.02097463847836173},"median":{"confidence_interval":{"confidence_level":0.95,"lower_bound":10.043790297183962,"upper_bound":10.050201636955288},"point_estimate":10.045854597890798,"standard_error":0.001687988021382284},"median_abs_dev":{"confidence_interval":{"confidence_level":0.95,"lower_bound":0.007530820835258642,"upper_bound":0.01473473835698353},"point_estimate":0.010421678245766612,"standard_error":0.0019340635741177375},"slope":{"confidence_interval":{"confidence_level":0.95,"lower_bound":10.047375175394532,"upper_bound":10.063750988306062},"point_estimate":10.053949561755811,"standard_error":0.004271821509780571},"std_dev":{"confidence_interval":{"confidence_level":0.95,"lower_bound":0.03799019441815501,"upper_bound":0.3501345790873342},"point_estimate":0.2116062801205879,"standard_error":0.09624275809346158}}