{"mean":{"confidence_interval":{"confidence_level":0.95,"lower_bound":-0.0014795562544325232,"upper_bound":0.004920898973248026},"point_estimate":0.0010757897074347156,"standard_error":0.0017215859716568028},"median":{"confidence_interval":{"confidence_level":0.95,"lower_bound":-0.0003681685703682547,"upper_bound":0.00019372403119111148},"point_estimate":-0.00010159967935929881,"standard_error":0.0001430216118897349}}