{"mean":{"confidence_interval":{"confidence_level":0.95,"lower_bound":-0.0009888062886745923,"upper_bound":0.0011873419612968724},"point_estimate":0.0000858375778465259,"standard_error":0.0005519231164464391},"median":{"confidence_interval":{"confidence_level":0.95,"lower_bound":-0.000497322615185869,"upper_bound":0.00033604132474529536},"point_estimate":0.0000379568969892663,"standard_error":0.00020339735749581314}}