{"mean":{"confidence_interval":{"confidence_level":0.95,"lower_bound":11.72164731986265,"upper_bound":11.737991029698073},"point_estimate":11.729180949958577,"standard_error":0.004178925271722116},"median":{"confidence_interval":{"confidence_level":0.95,"lower_bound":11.72063946381284,"upper_bound":11.725640050395798},"point_estimate":11.723899034071291,"standard_error":0.0014516904996789068},"median_abs_dev":{"confidence_interval":{"confidence_level":0.95,"lower_bound":0.009474357298648236,"upper_bound":0.017380347586862098},"point_estimate":0.013619088548589684,"standard_error":0.0020825853181280062},"slope":{"confidence_interval":{"confidence_level":0.95,"lower_bound":11.724936409022288,"upper_bound":11.743593906518743},"point_estimate":11.732219042484,"standard_error":0.00499768867056646},"std_dev":{"confidence_interval":{"confidence_level":0.95,"lower_bound":0.023934150785748315,"upper_bound":0.05823929322803319},"point_estimate":0.04198680032321414,"standard_error":0.008905289246328107}}