{"mean":{"confidence_interval":{"confidence_level":0.95,"lower_bound":-0.031649351223459174,"upper_bound":-0.023876054186732405},"point_estimate":-0.02743091891848437,"standard_error":0.001991778358119739},"median":{"confidence_interval":{"confidence_level":0.95,"lower_bound":-0.02373001367023775,"upper_bound":-0.022593930378136617},"point_estimate":-0.02310527472282098,"standard_error":0.0002944251536602548}}