{"mean":{"confidence_interval":{"confidence_level":0.95,"lower_bound":-0.0011719438296282718,"upper_bound":0.00043531749149030473},"point_estimate":-0.00039782788048647877,"standard_error":0.0004098955441281676},"median":{"confidence_interval":{"confidence_level":0.95,"lower_bound":-0.0005807209540863916,"upper_bound":0.00005489193634300449},"point_estimate":-0.00033202466432147304,"standard_error":0.00016314838368960318}}