{"mean":{"confidence_interval":{"confidence_level":0.95,"lower_bound":0.02965415807813292,"upper_bound":0.0335787832425274},"point_estimate":0.031761291075431464,"standard_error":0.0010014786110267905},"median":{"confidence_interval":{"confidence_level":0.95,"lower_bound":0.03130553131399205,"upper_bound":0.03203147114037216},"point_estimate":0.03165768297073668,"standard_error":0.00018198816922832767}}