{"mean":{"confidence_interval":{"confidence_level":0.95,"lower_bound":6.599178449496545,"upper_bound":6.602601887313148},"point_estimate":6.600747670158598,"standard_error":0.0008810926521903041},"median":{"confidence_interval":{"confidence_level":0.95,"lower_bound":6.597345998686995,"upper_bound":6.598106023393379},"point_estimate":6.597619229494615,"standard_error":0.00017362532917194876},"median_abs_dev":{"confidence_interval":{"confidence_level":0.95,"lower_bound":0.0008367292386825087,"upper_bound":0.0020435355752631344},"point_estimate":0.0013281407485775467,"standard_error":0.0002890530769119467},"slope":{"confidence_interval":{"confidence_level":0.95,"lower_bound":6.5987528746316535,"upper_bound":6.601873687836356},"point_estimate":6.600126681240969,"standard_error":0.0008036741396036601},"std_dev":{"confidence_interval":{"confidence_level":0.95,"lower_bound":0.00511469553458659,"upper_bound":0.011923918250217904},"point_estimate":0.00885961493182704,"standard_error":0.0017352429360772414}}