{"mean":{"confidence_interval":{"confidence_level":0.95,"lower_bound":0.0026807489855878446,"upper_bound":0.013725451115541654},"point_estimate":0.007800018517534646,"standard_error":0.00280204669064964},"median":{"confidence_interval":{"confidence_level":0.95,"lower_bound":-0.0008788286638927553,"upper_bound":-3.846661701500942e-6},"point_estimate":-0.0006016564508630751,"standard_error":0.00023649850422661657}}