{"mean":{"confidence_interval":{"confidence_level":0.95,"lower_bound":7.469611135997894,"upper_bound":7.474425414949515},"point_estimate":7.471879088672393,"standard_error":0.0012310110078822753},"median":{"confidence_interval":{"confidence_level":0.95,"lower_bound":7.465892757181597,"upper_bound":7.47075912542749},"point_estimate":7.468829243224572,"standard_error":0.0013308776472481356},"median_abs_dev":{"confidence_interval":{"confidence_level":0.95,"lower_bound":0.005430960781719645,"upper_bound":0.010184037587245443},"point_estimate":0.008152547646139487,"standard_error":0.0011673701525002596},"slope":{"confidence_interval":{"confidence_level":0.95,"lower_bound":7.47011280895605,"upper_bound":7.475892628338164},"point_estimate":7.47281081561905,"standard_error":0.0014738858694832296},"std_dev":{"confidence_interval":{"confidence_level":0.95,"lower_bound":0.008468378344126698,"upper_bound":0.01574334070262333},"point_estimate":0.012355650290103732,"standard_error":0.001863194922904884}}