{"mean":{"confidence_interval":{"confidence_level":0.95,"lower_bound":7.662670181833439,"upper_bound":7.664558863628549},"point_estimate":7.663535671393148,"standard_error":0.0004836997943636362},"median":{"confidence_interval":{"confidence_level":0.95,"lower_bound":7.661416958481471,"upper_bound":7.662529573069001},"point_estimate":7.661717183555468,"standard_error":0.0002984710246793843},"median_abs_dev":{"confidence_interval":{"confidence_level":0.95,"lower_bound":0.0010778626020651768,"upper_bound":0.0025094652147795416},"point_estimate":0.0014827117394300658,"standard_error":0.0003609461413944065},"slope":{"confidence_interval":{"confidence_level":0.95,"lower_bound":7.662290061146988,"upper_bound":7.663632348512327},"point_estimate":7.6629179224305135,"standard_error":0.0003421469696100284},"std_dev":{"confidence_interval":{"confidence_level":0.95,"lower_bound":0.0027920210195303274,"upper_bound":0.006771580828968125},"point_estimate":0.0048564843045824325,"standard_error":0.001050815707051009}}